file,segment,fault_type,load_hp,rpm,sampling_frequency_hz,mean,std,rms,peak,peak_to_peak,mean_absolute,kurtosis,skewness,crest_factor,peak_frequency,peak_amplitude,spectral_energy,spectral_centroid,spectral_bandwidth
100.mat,0,Normal,3,1725.0,12000,0.0124543282752403,0.0654663116234239,0.0666404400522888,0.2253046153846153,0.4347544615384615,0.0536722666766826,2.8714118824426613,-0.1016633679386565,3.38089927389183,2100.5859375,0.0157087155859925,0.0022980292770549,1098.0763777286463,1042.0971712136322
100.mat,1,Normal,3,1725.0,12000,0.0128309157151442,0.0634344448020533,0.0647190944423196,0.2219667692307692,0.4126412307692307,0.0520113907752403,2.8260872081657693,-0.0885372924179482,3.4296952258594278,2100.5859375,0.0154138117047049,0.0021765968071712,1107.8849372932632,1061.3834765864544
100.mat,2,Normal,3,1725.0,12000,0.0123393759014423,0.0631631982008246,0.0643572047605685,0.2094498461538461,0.404088,0.0517462923677884,2.863674334597516,-0.1201122692576956,3.254489484636153,2100.5859375,0.0147883494954213,0.0021470550499296,1135.465130118338,1068.1803681162744
100.mat,3,Normal,3,1725.0,12000,0.0112944145132211,0.0645328963539747,0.0655138039731269,0.2284338461538461,0.4378836923076923,0.0524624400540865,2.9543163617869936,-0.1172946383855289,3.4868047999097587,2100.5859375,0.0153989510883518,0.0022098111734798,1119.8469580262818,1041.1596753284723
100.mat,4,Normal,3,1725.0,12000,0.0126216891526442,0.0659119486646369,0.067109552329275,0.2422024615384615,0.4433076923076923,0.0534146551983173,3.025222193399456,-0.0440956031912517,3.6090609031347407,2100.5859375,0.015798195793804,0.0023314995381628,1088.1190432155165,1030.9667038850694
100.mat,5,Normal,3,1725.0,12000,0.013229352764423,0.0647356487421243,0.0660735952754899,0.2422024615384615,0.4433076923076923,0.0528311331129807,2.977684014678044,-0.065115600149207,3.665646776577126,2100.5859375,0.0156497930564268,0.0022703680098533,1098.2208765779933,1067.1724208575592
100.mat,6,Normal,3,1725.0,12000,0.01374141796875,0.0628927051376966,0.0643763848575635,0.2396990769230769,0.4220289230769231,0.0518176983173076,2.867150577013649,-0.1053285724394973,3.723400707470989,2100.5859375,0.0151153820550938,0.0021665727668651,1121.113338836398,1061.004406577708
100.mat,7,Normal,3,1725.0,12000,0.0149575091646634,0.0628987486290438,0.0646527621955213,0.2396990769230769,0.4220289230769231,0.052213283203125,2.911633573153138,-0.1394247082947731,3.707483930820848,2100.5859375,0.0153644423211222,0.002201853487471,1134.8978232718623,1083.5136217108468
100.mat,8,Normal,3,1725.0,12000,0.0143292182992788,0.0650438516155827,0.0666035219043132,0.251172923076923,0.4796067692307691,0.053726865234375,3.0288601516032507,-0.1758119301465624,3.771165786664759,2100.5859375,0.015701351071642,0.0023206779438984,1131.7510806548603,1065.422327621952
100.mat,9,Normal,3,1725.0,12000,0.0142717675781249,0.0659527915314628,0.0674792861595068,0.251172923076923,0.489828923076923,0.053940064453125,3.1950790492368,-0.203282348054693,3.7222225866942775,2100.5859375,0.0154270807698121,0.0023785688542538,1130.1768617417704,1066.2789594452606
100.mat,10,Normal,3,1725.0,12000,0.0139625115685096,0.0656092178603132,0.0670784704472516,0.238656,0.465420923076923,0.0534283048377403,3.1624157187076274,-0.1746168767651015,3.557862879232936,2100.5859375,0.0152746597356222,0.0023472365531345,1118.3867741051463,1067.743914523178
100.mat,11,Normal,3,1725.0,12000,0.0132356173377403,0.0648926421231313,0.0662286687774403,0.2659846153846154,0.4779378461538461,0.0528688733473557,3.07767212414246,-0.055121990505772,4.01615524356151,2100.5859375,0.015580494468156,0.0022807091305186,1101.1986426642973,1054.02110728841
100.mat,12,Normal,3,1725.0,12000,0.0136206084735576,0.0636375014803385,0.0650788181350125,0.2659846153846154,0.46104,0.0524219495192307,2.9455073967557968,-0.0494413526663449,4.087115024627577,2100.5859375,0.0154516912940577,0.0022103867882137,1117.6958140580275,1048.84176592696
100.mat,13,Normal,3,1725.0,12000,0.0142014311899038,0.0632767618520985,0.0648508229579916,0.208824,0.4155618461538461,0.0524717605168269,2.8713239053302995,-0.1588567460266718,3.2200670781814105,2100.5859375,0.0155081498177794,0.0022036549650046,1114.418821698277,1056.6435623404036
100.mat,14,Normal,3,1725.0,12000,0.0153888479567307,0.0635177766243436,0.06535537153697,0.208824,0.4155618461538461,0.0525981724759615,2.9243572506594977,-0.1703564867932142,3.1952079085324008,2100.5859375,0.0155311605857764,0.002254070621809,1092.9513194255187,1028.6988397795424
100.mat,15,Normal,3,1725.0,12000,0.0162725093149038,0.066486356060731,0.0684487406870129,0.2822566153846154,0.4985907692307692,0.0549596619591346,3.036371174982378,-0.14177137345414,4.123620282150334,0.0,0.0162725093149038,0.0024750123955994,1082.3216475844808,1038.2062987185989
100.mat,16,Normal,3,1725.0,12000,0.016504807842548,0.0671432969791989,0.0691421073670476,0.2822566153846154,0.5229987692307693,0.0553290680588942,3.1191500705456754,-0.0986873775620958,4.082268043787393,0.0,0.016504807842548,0.0025265198568114,1077.8634419319308,1032.899558282135
100.mat,17,Normal,3,1725.0,12000,0.016379007061298,0.0646206410461577,0.0666640766945017,0.2407421538461538,0.4627089230769231,0.0533775770733173,3.0348840367562744,-0.0734601043784181,3.611272604125175,0.0,0.016379007061298,0.0023561855394135,1091.4646255470602,1052.1639780915502
100.mat,18,Normal,3,1725.0,12000,0.016069139873798,0.0651098454440779,0.0670634716521252,0.2219667692307692,0.4403870769230769,0.0539137838040865,2.9478515992736027,-0.1357462032710047,3.3098013532935706,0.0,0.016069139873798,0.002377863244105,1086.772122161438,1041.3119005307929
100.mat,19,Normal,3,1725.0,12000,0.0158471295072115,0.0662474972225115,0.0681165354511297,0.2551366153846153,0.4748086153846153,0.0549947028245192,2.9741901621715816,-0.1981435880318093,3.745590020027712,0.0,0.0158471295072115,0.0024454969758012,1101.2347714788357,1058.2516723698147
100.mat,20,Normal,3,1725.0,12000,0.015434431640625,0.0643502352094446,0.0661753311406899,0.2551366153846153,0.4748086153846153,0.0537598688401442,2.921534268981264,-0.1848819865556605,3.855464128198924,0.0,0.015434431640625,0.0023086981639108,1100.8357454279485,1065.9116673252115
100.mat,21,Normal,3,1725.0,12000,0.0156509923377403,0.0645826371963871,0.0664520171883154,0.2136221538461538,0.4199427692307692,0.0538446188401442,2.872688691475704,-0.1491279750819443,3.214682757346243,0.0,0.0156509923377403,0.0023304120796022,1087.8423691363462,1021.3248067334554
100.mat,22,Normal,3,1725.0,12000,0.0154050951021634,0.06537513349339,0.0671656536809198,0.2282252307692307,0.4418473846153846,0.053991708984375,3.0410379026179597,-0.1501952076419624,3.3979455013338766,0.0,0.0154050951021634,0.0023742710131129,1092.2402954251104,1039.02436925954
100.mat,23,Normal,3,1725.0,12000,0.0143702690805288,0.0639325771686408,0.065527696868355,0.2313544615384615,0.4595796923076923,0.0525828420973557,3.082583960959091,-0.1525353863508822,3.5306362438352146,2100.5859375,0.0152495955122303,0.0022501919658131,1107.8273140325543,1067.4429439973687
100.mat,24,Normal,3,1725.0,12000,0.0132149391526442,0.0614642797947866,0.0628688500570823,0.2313544615384615,0.4408043076923077,0.0503224006911057,2.984714458488057,-0.0858439982917044,3.679953766108351,2100.5859375,0.0148995908493263,0.0020635634666688,1103.6215466681745,1038.8841991623035
100.mat,25,Normal,3,1725.0,12000,0.0116715621995192,0.0611893163571867,0.0622925180132985,0.2221753846153846,0.4149359999999999,0.0498713004807692,2.974738218422901,-0.0562819064788113,3.566646391914246,2100.5859375,0.0155550858057325,0.0020082915830542,1115.700706877103,1031.1070020693217
100.mat,26,Normal,3,1725.0,12000,0.0117470935997596,0.0634008731587709,0.0644799575475672,0.2221753846153846,0.4241150769230769,0.0517705866887019,2.9937804872624856,-0.1304068960640859,3.4456502929842108,2100.5859375,0.0155212991952578,0.0021478295668457,1108.140104110737,1025.5373021079415
100.mat,27,Normal,3,1725.0,12000,0.0127834475661057,0.066268287440333,0.0674900174244308,0.2081981538461538,0.4101378461538462,0.0545971825420673,2.819666845135582,-0.1195356045199679,3.084873315957802,2100.5859375,0.0153810035101605,0.0023591597260848,1115.8229527613137,1090.256468173984
100.mat,28,Normal,3,1725.0,12000,0.0127582874098557,0.0661067141738477,0.0673266036310705,0.2150824615384615,0.4151446153846153,0.0544737246093749,2.844023620175738,-0.1005098962196399,3.1946132722964675,2100.5859375,0.0151358618881164,0.0023478227397758,1084.350531352561,1039.5597287471617
100.mat,29,Normal,3,1725.0,12000,0.0133051388221153,0.0643089514038617,0.0656709064178347,0.2392818461538461,0.4593710769230769,0.0525008933293269,3.0928708332711308,-0.0891115628775276,3.643650730681288,2100.5859375,0.0154745889019448,0.0022448475296647,1140.8863283589264,1093.5170976894433
100.mat,30,Normal,3,1725.0,12000,0.0141626723257211,0.0643753280942983,0.0659148249990418,0.2392818461538461,0.4593710769230769,0.0527039571814903,2.9822999765750358,-0.0472561299902205,3.6301673585164567,2100.5859375,0.0149419964978641,0.0022726727406524,1103.1944117432547,1039.230936768006
100.mat,31,Normal,3,1725.0,12000,0.0141603804086538,0.0641269575816122,0.0656717828446257,0.2102843076923076,0.3911538461538461,0.0530770303485576,2.764389744241603,-0.0717482138394212,3.2020496259378826,2100.5859375,0.0150750592981764,0.0022566497199426,1090.3386961313504,1027.6516259563373
100.mat,32,Normal,3,1725.0,12000,0.0137898538161057,0.0648932414587726,0.0663422403548156,0.2138307692307692,0.4134756923076923,0.0537105671574519,2.764245446144132,-0.1388378637891145,3.223146642126437,2100.5859375,0.0149515015372946,0.0022957264662977,1102.3633373113817,1033.6595797404311
100.mat,33,Normal,3,1725.0,12000,0.0134569146634615,0.0653108660112393,0.0666828146631329,0.2217581538461538,0.4399698461538461,0.0536861709735576,2.880685727721441,-0.1677706685874049,3.3255667890809284,2100.5859375,0.0152442920472395,0.0023138432495064,1121.9933212015114,1057.7487105426387
100.mat,34,Normal,3,1725.0,12000,0.013494451171875,0.064633338590062,0.0660270298417831,0.2217581538461538,0.4399698461538461,0.0530561993689903,2.9034365973520915,-0.140704592064496,3.35859653807752,2100.5859375,0.0154817259216297,0.002270834445905,1101.4292156839183,1037.006693668409
100.mat,35,Normal,3,1725.0,12000,0.0148073121995192,0.0639592951404839,0.0656509552820183,0.2428283076923076,0.4531126153846153,0.0525826893028846,2.9653576983524235,-0.0517474785098166,3.6987779789217776,2100.5859375,0.0154212889389744,0.002264652291779,1116.4423653012548,1077.068981023205
100.mat,36,Normal,3,1725.0,12000,0.015037828125,0.0642384991052885,0.0659751547328022,0.2428283076923076,0.4531126153846153,0.0530517683293269,2.964707188890544,-0.1254243586754408,3.680602321824881,2100.5859375,0.0156757351846802,0.0022894286586991,1083.634576363222,1034.203229990984
100.mat,37,Normal,3,1725.0,12000,0.0141694971454326,0.0632724411529838,0.0648396210569758,0.2075723076923077,0.4093033846153846,0.0523404082031249,2.8977443590365595,-0.2109316550147346,3.201318951415677,2100.5859375,0.0151900390699745,0.0022024755821103,1097.6808093457005,1051.218553974218
100.mat,38,Normal,3,1725.0,12000,0.0141003321814903,0.0630814888197834,0.0646381744741359,0.243036923076923,0.444768,0.0519805262920673,2.9302309973826057,-0.0876968487325197,3.7599595758102815,2100.5859375,0.0149221020750382,0.0021884565691547,1117.4099972232875,1060.302760718885
100.mat,39,Normal,3,1725.0,12000,0.0139505426682692,0.0656327769976745,0.0670990242638868,0.243036923076923,0.4389267692307692,0.0540737596153846,2.8964530499941263,-0.1082760429285403,3.622063446423722,2100.5859375,0.0148434678532435,0.0023484484988866,1112.0197795932918,1072.733882703119
100.mat,40,Normal,3,1725.0,12000,0.0143750057091346,0.0666409535537813,0.0681737301289499,0.2232184615384615,0.436632,0.054755528545673,2.915847148495327,-0.0945916426987545,3.274259177490304,2100.5859375,0.0155835209972906,0.0024271491916143,1091.98269526956,1047.665208714796
100.mat,41,Normal,3,1725.0,12000,0.0138128239182692,0.0658510397907061,0.067284125513484,0.241368,0.4710535384615384,0.0535034287860576,3.100886688622755,-0.04037645155681,3.5872948954598325,2100.5859375,0.0157375475683674,0.0023589739878915,1114.656825106782,1086.3415918272012
100.mat,42,Normal,3,1725.0,12000,0.012493341796875,0.0645529881087052,0.065750831652658,0.241368,0.4710535384615384,0.0525676645132211,3.07450861535898,-0.1089026102105863,3.6709497649409952,2100.5859375,0.0150031514307092,0.0022396277265096,1089.8863947115894,1043.1455160048756
100.mat,43,Normal,3,1725.0,12000,0.0130083100961538,0.06386653007851,0.0651778320890387,0.2207150769230769,0.4063827692307692,0.0526151835937499,2.8838336644223896,-0.1864247607976689,3.3863519213336297,2100.5859375,0.0151119144767445,0.0022086829936583,1122.2692196001976,1054.678618270891
100.mat,44,Normal,3,1725.0,12000,0.0129959846754807,0.0636876309952513,0.0650000766112828,0.2207150769230769,0.4126412307692307,0.0521667827524038,2.9178384859172297,-0.1861398661340465,3.3956125658591128,2100.5859375,0.0153845686564316,0.0021969527902599,1094.1755564207872,1037.1209311647467
100.mat,45,Normal,3,1725.0,12000,0.0119840268930288,0.0653360569786974,0.0664260283480536,0.2069464615384615,0.4113895384615385,0.0534443991887019,2.8681911123756816,-0.1146944692672158,3.115442345192164,2100.5859375,0.0153111394801277,0.0022780170830401,1082.260152094906,1037.2533228377056
100.mat,46,Normal,3,1725.0,12000,0.0125682110877403,0.0655961262729072,0.0667893083656148,0.2154996923076923,0.4241150769230769,0.0540014878305288,2.820685163023245,-0.1078355700655349,3.2265597231223606,2100.5859375,0.0152793690035885,0.0023093858316921,1088.1405721643823,1033.0249191391044
100.mat,47,Normal,3,1725.0,12000,0.0122780543870192,0.0638584500507646,0.0650280882574338,0.2154996923076923,0.4241150769230769,0.0523504417067307,2.9345124935457303,-0.159148600247077,3.3139478351965383,2100.5859375,0.0150827978019319,0.0021897014992663,1125.5309757622415,1069.6829224618891
100.mat,48,Normal,3,1725.0,12000,0.0114215904447115,0.0640888810290485,0.0650986743324491,0.2238443076923077,0.4435163076923076,0.0523591000600961,3.0671429164679798,-0.1551310167154239,3.438538649023305,2100.5859375,0.015453665889011,0.0021841452842238,1137.5518855482312,1101.1670963716765
100.mat,49,Normal,3,1725.0,12000,0.0111431479867788,0.0646543159594378,0.0656075477307152,0.2242615384615384,0.4439335384615384,0.0527361458834134,2.989837621293438,-0.0838542050932762,3.4182277225482536,2100.5859375,0.0156327053194348,0.002214260183964,1127.0550162834795,1093.4797388083891
100.mat,50,Normal,3,1725.0,12000,0.0094756509915865,0.0653362661905351,0.0660198124916666,0.2367784615384615,0.442056,0.0531095755709134,2.8845117958333337,-0.0763112121034235,3.586475826000703,2100.5859375,0.015489801941936,0.0022242020122204,1126.820311848643,1095.0208905339284
100.mat,51,Normal,3,1725.0,12000,0.0098051268028846,0.0655786936103,0.0663076584359171,0.2497126153846154,0.4864910769230769,0.0529942157451923,3.050511958778036,-0.1210345677367561,3.765969441161152,2100.5859375,0.0153209731894699,0.0022464230481585,1067.7145266718503,1014.6438797346824
100.mat,52,Normal,3,1725.0,12000,0.0104493592247596,0.0660193679372892,0.0668412002513961,0.2497126153846154,0.4758516923076923,0.0535205926983173,3.015516395303678,-0.1641698783395908,3.735908607945732,2100.5859375,0.0152472159217256,0.0022884680025055,1167.0586898439335,1119.6054781815328
100.mat,53,Normal,3,1725.0,12000,0.009571453125,0.0644054284465338,0.0651127631751691,0.222384,0.4155618461538461,0.0525608906249999,2.8248564379757664,-0.1502730648203394,3.4153672668096293,2100.5859375,0.0153787989618406,0.0021656423396744,1112.366382427803,1039.4550244060172
100.mat,54,Normal,3,1725.0,12000,0.0100263222656249,0.0635993874421547,0.0643848524203595,0.2255132307692307,0.4293304615384615,0.0519313264723557,2.818773104054159,-0.0769952548299009,3.502582087117122,2100.5859375,0.0150762827982542,0.0021229683719318,1137.1262231774967,1099.8092339264576
100.mat,55,Normal,3,1725.0,12000,0.0094051108774038,0.0635362195132095,0.0642285551810641,0.2330233846153846,0.4585366153846154,0.0516708118990384,2.9390504240478097,-0.1240388693283439,3.62803404122166,2100.5859375,0.0155075126082741,0.002106881712734,1100.4883556407792,1039.0142436531771
100.mat,56,Normal,3,1725.0,12000,0.0087606747295673,0.0635413986678328,0.0641424879965047,0.2330233846153846,0.4516523076923077,0.0514635716646634,2.9752775851198816,-0.1478909086421158,3.632902182217857,2100.5859375,0.0148838954229781,0.0020955041310933,1117.0534313652242,1061.1831148226902
100.mat,57,Normal,3,1725.0,12000,0.0097020923978365,0.0644266546953964,0.0651530845941771,0.218628923076923,0.4268270769230768,0.052159397686298,2.944066148565769,-0.1235288959156447,3.3556189156462803,2100.5859375,0.0151583892744002,0.0021695275936452,1109.09612432465,1059.6930604343863
100.mat,58,Normal,3,1725.0,12000,0.0091578894230769,0.0659005718489951,0.0665338433333734,0.210492923076923,0.4186910769230769,0.053476333233173,2.816703959958957,-0.1281510696932156,3.163697037945495,2100.5859375,0.0153025700613719,0.0022553097515774,1108.3903422350872,1080.14572472986
100.mat,59,Normal,3,1725.0,12000,0.0094095928485576,0.0667538167295314,0.0674137410735786,0.210492923076923,0.4157704615384615,0.0543395201322115,2.736875209457688,-0.1172891563422838,3.1224038263531595,2100.5859375,0.0148291453675419,0.0023165764848446,1095.8262330796188,1037.4169446280168
100.mat,60,Normal,3,1725.0,12000,0.0099456977163461,0.062954686757844,0.0637354649143096,0.2221753846153846,0.427452923076923,0.0510542352764423,2.918114315720252,-0.1437110283550901,3.485898862024346,2100.5859375,0.0147042559509857,0.0020805632384161,1120.7181571395415,1054.3679235190737
100.mat,61,Normal,3,1725.0,12000,0.0084806024639423,0.0617567248241901,0.0623362950387827,0.2221753846153846,0.4307907692307692,0.0500190018028846,2.909286286077359,-0.1345962224871631,3.564141636540277,2100.5859375,0.0151053857471665,0.0019788671649264,1102.174427128137,1053.5650440896304
100.mat,62,Normal,3,1725.0,12000,0.0079288616286057,0.0656559177249471,0.0661329447327926,0.2422024615384615,0.4720966153846153,0.052878041015625,2.9710664661452464,-0.0606959900697795,3.6623571280104095,2100.5859375,0.0151817268355133,0.0022182166358208,1065.6709063142164,1027.551053662565
100.mat,63,Normal,3,1725.0,12000,0.0073024552283653,0.0671408636018185,0.0675368152755242,0.2422024615384615,0.4720966153846153,0.0539944083533653,2.955008513793125,-0.0489019186411431,3.58622864507852,2100.5859375,0.015220458446121,0.0023072737831367,1096.888280730338,1065.55699985628
100.mat,64,Normal,3,1725.0,12000,0.006784380108173,0.0667864394829701,0.0671301445869484,0.241368,0.4516523076923077,0.053858625,2.893376740456915,-0.0912462723210482,3.595523314974761,2100.5859375,0.0147903859893762,0.002276242079128,1084.1162338434483,1040.133294365815
100.mat,65,Normal,3,1725.0,12000,0.0079175548377403,0.0669399696138441,0.0674065813293553,0.2616036923076922,0.5029716923076922,0.0538934112079326,3.029532575655704,-0.1369360344130622,3.8809814583159192,2100.5859375,0.015291978008956,0.0023031674641977,1092.8177286865564,1030.976075218091
100.mat,66,Normal,3,1725.0,12000,0.008108598858173,0.0653322116213129,0.0658334812293469,0.2616036923076922,0.496921846153846,0.0527574861778846,3.0351983288075504,-0.1562908146114563,3.9737180447184937,2100.5859375,0.0154142360538949,0.0021998984945291,1144.6794859770523,1083.2454854741688
100.mat,67,Normal,3,1725.0,12000,0.0074387478966346,0.0620641133587999,0.0625083125454819,0.2236356923076923,0.4362147692307692,0.04980783984375,3.0278148567730345,-0.0373156716358852,3.577695240852516,2100.5859375,0.0150551837910371,0.0019813120821863,1111.9027333097906,1041.7513994779804
100.mat,68,Normal,3,1725.0,12000,0.0079211200420673,0.0623628497132445,0.0628638939859564,0.2236356923076923,0.4460196923076923,0.0501107294170673,2.9966086584367155,-0.0472458792822753,3.5574584730250995,2100.5859375,0.0154364469597799,0.0020073072423519,1194.089380027008,1161.672742454469
100.mat,69,Normal,3,1725.0,12000,0.0079322231069711,0.0636852251260301,0.0641773173541237,0.222384,0.4324596923076923,0.0513318628305288,2.981984788794439,-0.1106669441346685,3.465149513385054,2100.5859375,0.0151898069565219,0.0020908241614076,1109.1821979495369,1051.593078904581
100.mat,70,Normal,3,1725.0,12000,0.0087316947115384,0.0637041928785935,0.0642998186844143,0.2217581538461538,0.4416387692307691,0.0514212475961538,2.975572346075121,-0.0375432145936794,3.4488146060652256,2100.5859375,0.0151371324437472,0.0021053546649107,1110.1381020177955,1056.3518257156231
100.mat,71,Normal,3,1725.0,12000,0.0101544658954326,0.0637896002254446,0.0645927726184868,0.2198806153846153,0.4203599999999999,0.0521702970252403,2.805416250598154,-0.055498071804724,3.404105544181024,2100.5859375,0.0154252815636998,0.0021376697350176,1103.2782653502384,1041.4205099629885
100.mat,72,Normal,3,1725.0,12000,0.010318057842548,0.0646415957758711,0.0654598978160926,0.2004793846153846,0.4005415384615384,0.0529753201622596,2.784687029467712,-0.0898055231059901,3.0626290492940385,2100.5859375,0.0153652357437087,0.0021957303202033,1113.6692120612229,1069.4407415758849
100.mat,73,Normal,3,1725.0,12000,0.0113895036057692,0.0633870778835343,0.0644021927809843,0.1988104615384615,0.3878159999999999,0.0520209149639423,2.853649753228927,-0.1119710446420452,3.087013857036915,2100.5859375,0.0153295633110952,0.0021386816742056,1125.6003806763702,1078.5034400671627
100.mat,74,Normal,3,1725.0,12000,0.0117663966346153,0.0646772596255093,0.0657388469812836,0.232188923076923,0.4587452307692307,0.0529603972355769,2.889295051618858,-0.1602942457035013,3.531989588181081,2100.5859375,0.0155269877080541,0.0022300221351276,1114.962241381443,1082.8327340475091
100.mat,75,Normal,3,1725.0,12000,0.0123158964843749,0.0667731414797791,0.0678994383577098,0.232188923076923,0.4587452307692307,0.0548545902944711,2.842073899633456,-0.155221948855131,3.419600054034299,2100.5859375,0.0155353779670738,0.0023810075289709,1087.1426774751828,1055.771554628349
100.mat,76,Normal,3,1725.0,12000,0.0140846452824519,0.064872356597273,0.0663837320675499,0.2234270769230769,0.4234892307692307,0.0536944728064903,2.8367554629599305,-0.1286322804011502,3.365690206988136,2100.5859375,0.0154345145694049,0.0023025887000759,1114.0142475632117,1088.1174484235794
100.mat,77,Normal,3,1725.0,12000,0.0141432164963942,0.063570068038939,0.0651243742644735,0.2000621538461538,0.3982467692307692,0.0525325217848557,2.877371149459006,-0.1764191476523675,3.0720011686206905,2100.5859375,0.0155576907413157,0.0022206074311217,1119.4078727025617,1077.499995221279
100.mat,78,Normal,3,1725.0,12000,0.0135042300180288,0.0640027802644826,0.0654119263587572,0.199644923076923,0.3961606153846153,0.0527339048978365,2.832303976458909,-0.1432007786373637,3.0521180798430185,2100.5859375,0.0149476908781264,0.0022305426629284,1182.3580105153094,1155.9381665258843
100.mat,79,Normal,3,1725.0,12000,0.0133179735576923,0.0651700460100849,0.0665169400727361,0.2311458461538461,0.4291218461538461,0.0536653909254807,2.803649254181026,-0.0979487279557235,3.4749921734386526,2100.5859375,0.0153241576874217,0.0023009358760526,1099.834101200755,1047.4833416089396
100.mat,80,Normal,3,1725.0,12000,0.0132868034855769,0.0638998890826306,0.0652666451691584,0.2311458461538461,0.4395526153846154,0.0525120982572115,2.8924199950536487,-0.1346526296204174,3.5415616285280342,2100.5859375,0.0149284191162075,0.0022181377204602,1196.0543281521552,1159.7074524142197
100.mat,81,Normal,3,1725.0,12000,0.0136878380408653,0.0640596772330554,0.0655057185094263,0.2084067692307692,0.4147273846153846,0.0526581697716346,2.9344134311719854,-0.1847884154258004,3.1815049735051626,2100.5859375,0.014630250479768,0.0022391780351627,1096.2246054706725,1050.252492126103
100.mat,82,Normal,3,1725.0,12000,0.0138255567908653,0.0645344385760647,0.0659987862229702,0.2063206153846153,0.4097206153846153,0.0530507496995192,2.9246665408911894,-0.2092835171776083,3.126127421307144,2100.5859375,0.0150936521460859,0.0022734936587999,1213.9868879758933,1198.7262316944834
100.mat,83,Normal,3,1725.0,12000,0.0131248413461538,0.0634096466711612,0.0647537238413608,0.2286424615384615,0.4428904615384615,0.0520909966947115,2.94214707162399,-0.1797681722265232,3.530954638201336,2100.5859375,0.015063997980599,0.0021826531059254,1110.21930222707,1040.6265143939845
100.mat,84,Normal,3,1725.0,12000,0.0129825387620192,0.0618345060294434,0.0631826910523175,0.2286424615384615,0.4428904615384615,0.0510925357572115,2.899887094415021,-0.1624116525623975,3.618751555693271,2100.5859375,0.0151720949505898,0.0020802995699246,1152.0816578198308,1105.3285362066863
100.mat,85,Normal,3,1725.0,12000,0.0126676293569711,0.0630098097994659,0.0642705606361923,0.2188375384615384,0.4118067692307692,0.0520498949819711,2.838054097060989,-0.1644376000630476,3.4049421118369017,2100.5859375,0.0147322622188873,0.002145586905183,1105.3846021388183,1035.7735580864291
100.mat,86,Normal,3,1725.0,12000,0.0121387058293269,0.0645725003607723,0.0657035461908479,0.2555538461538461,0.4520695384615384,0.0528519131610576,2.957171348998211,-0.1639943245126509,3.889498527393688,2100.5859375,0.0150006832896107,0.0022321521060532,1091.295702517882,1043.592204989832
100.mat,87,Normal,3,1725.0,12000,0.0121625926983173,0.065534834791024,0.0666539063538812,0.2586830769230769,0.514236923076923,0.0529784779146634,3.121137183491256,-0.1410161091704046,3.880988993348232,2100.5859375,0.0151084261543018,0.0022953359532267,1074.5006574198585,1033.4728636249574
100.mat,88,Normal,3,1725.0,12000,0.0114363096454326,0.0669040102136513,0.0678744116805042,0.2586830769230769,0.4998424615384615,0.054023897686298,3.0503833609538664,-0.1096202084569747,3.811201755099397,2100.5859375,0.0150010059819856,0.0023688625111978,1072.9128144489923,1030.4524107544323
100.mat,89,Normal,3,1725.0,12000,0.0112578457031249,0.0649199271599151,0.0658888156846369,0.2392818461538461,0.4612486153846153,0.0530165746694711,2.9729627785407744,-0.1273006224397281,3.6316003507957832,2100.5859375,0.0154342018653875,0.0022340378249125,1137.0723179506624,1105.3961363391452
100.mat,90,Normal,3,1725.0,12000,0.0117044639423076,0.0635396455224726,0.0646086761147313,0.2426196923076923,0.4372578461538461,0.0520587061298076,2.957412699860817,-0.1135134379707001,3.755218445845429,2100.5859375,0.0152211346485282,0.0021556379361033,1133.3271909667003,1085.0348662349074
100.mat,91,Normal,3,1725.0,12000,0.0117608960336538,0.0626406913836983,0.0637351935161584,0.2426196923076923,0.4393439999999999,0.0513559534254807,2.872960701660294,-0.0626252623157243,3.806683229826271,2100.5859375,0.0154807786631025,0.0021002471995326,1159.9774812719374,1133.2968026368208
100.mat,92,Normal,3,1725.0,12000,0.0119036570012019,0.0636261686952252,0.0647301042238889,0.2751636923076923,0.473556923076923,0.0521041879507211,2.9976408737525326,-0.0428499099845328,4.250938502369072,2100.5859375,0.0153361429861966,0.0021658419970604,1149.8798846756872,1109.208501363378
100.mat,93,Normal,3,1725.0,12000,0.011497529296875,0.0665544163337322,0.0675402362555556,0.2751636923076923,0.4902461538461538,0.0545251654146634,2.953999104240106,-0.1201972039252855,4.074070621644566,2100.5859375,0.0151288605612589,0.0023469383724802,1083.04340512723,1033.4748406733995
100.mat,94,Normal,3,1725.0,12000,0.0116565883413461,0.0652140729925692,0.0662476517926466,0.2150824615384615,0.4255753846153846,0.0535517118389423,2.832419739412566,-0.1582175847140902,3.2466427974181467,2100.5859375,0.0150642118962983,0.0022623138633824,1131.3032094595,1095.0023183033195
100.mat,95,Normal,3,1725.0,12000,0.012006436748798,0.0640261336103541,0.0651421546196762,0.210492923076923,0.4076344615384615,0.052595065655048,2.786738943971097,-0.1022584795755986,3.231285859453957,2100.5859375,0.0152628796435891,0.0021938274693967,1125.1162925760034,1065.3225512608103
100.mat,96,Normal,3,1725.0,12000,0.0115099565805288,0.0639011899230256,0.0649295092701635,0.2065292307692307,0.4026276923076923,0.052498397686298,2.803655040974962,-0.1150535965617912,3.180822296221099,2100.5859375,0.0148425950393334,0.0021741601961189,1119.8934735182909,1061.9248290300857
100.mat,97,Normal,3,1725.0,12000,0.0116652466947115,0.0628652784859735,0.0639384173996158,0.2065292307692307,0.3988726153846154,0.0514465096153846,2.901513613035417,-0.1375894919931076,3.2301273501722894,2100.5859375,0.0150472878312788,0.002112099629974,1120.2392180951838,1047.586723615149
100.mat,98,Normal,3,1725.0,12000,0.0120758054387019,0.063690134509811,0.0648248278892525,0.200688,0.3930313846153846,0.0520135298978365,2.837431049024985,-0.1319509876016147,3.095850872799196,2100.5859375,0.015561876175952,0.0021740416981462,1099.7426266323143,1037.7978559374114
100.mat,99,Normal,3,1725.0,12000,0.0130591397235576,0.0646230715314018,0.0659293751257516,0.2029827692307692,0.400332923076923,0.0529696667668269,2.826287775881432,-0.1014824468077689,3.078791037282034,2100.5859375,0.0150294696374487,0.0022586118473618,1104.623941490757,1056.4352488032737
100.mat,100,Normal,3,1725.0,12000,0.0132665327524038,0.0640712545843131,0.0654303183186393,0.2284338461538461,0.4326683076923077,0.0528509963942307,2.8909456092519794,-0.1006546262377412,3.49125377995863,2100.5859375,0.0151190892412056,0.0022285637233575,1110.8002197464425,1043.2115395158382
100.mat,101,Normal,3,1725.0,12000,0.0137008255709134,0.0633340889094726,0.0647990697411435,0.2284338461538461,0.4326683076923077,0.052417620342548,2.9634450766419973,-0.1496414943431697,3.525264283366776,2100.5859375,0.0150793480448175,0.0021933160354689,1100.367219107622,1042.02105392399
100.mat,102,Normal,3,1725.0,12000,0.0152381416766826,0.0638032450092339,0.0655976755340232,0.2148738461538461,0.4163963076923077,0.0529666618088942,2.941383261582454,-0.1934244054730113,3.275632015991153,0.0,0.0152381416766826,0.0022676280151743,1092.1157759691807,1044.4207358241013
100.mat,103,Normal,3,1725.0,12000,0.0151083173076923,0.0634603991401116,0.0652340671037165,0.2292683076923077,0.4549901538461538,0.0525881899038461,2.990491824743488,-0.1876892040678522,3.5145487300031557,0.0,0.0151083173076923,0.0022418725125397,1132.565135944074,1092.927507257282
100.mat,104,Normal,3,1725.0,12000,0.0155634920372596,0.0630429848525864,0.0649356621858689,0.2292683076923077,0.4549901538461538,0.052230905498798,2.9801595269003323,-0.1265576090738337,3.530699464279895,0.0,0.0155634920372596,0.0022294313450379,1125.3917463827695,1086.9818396772682
100.mat,105,Normal,3,1725.0,12000,0.0153853336838942,0.0653313151209942,0.0671184715857223,0.2221753846153846,0.4224461538461538,0.0539252943209134,2.9084984045618256,-0.1333144518076629,3.3101973177626167,2100.5859375,0.0154019373898464,0.0023707991335391,1139.8358910952338,1111.0697173428578
100.mat,106,Normal,3,1725.0,12000,0.0140010667067307,0.0652126193090713,0.0666986925364821,0.2328147692307692,0.4549901538461538,0.0538932584134615,2.951468601177674,-0.2560607247876344,3.490544722498519,2100.5859375,0.0154099525350481,0.0023223730313332,1145.0435497542069,1117.047576229709
100.mat,107,Normal,3,1725.0,12000,0.0134037421875,0.0647962184887031,0.0661680454227319,0.2328147692307692,0.4466455384615384,0.0536125240384615,2.9602855295795103,-0.281515426444683,3.518537803910798,2100.5859375,0.0150247010496119,0.0022789352813072,1084.6526641408864,1031.5613530292997
100.mat,108,Normal,3,1725.0,12000,0.0131708324819711,0.0652128445065709,0.0665295867784126,0.2138307692307692,0.4151446153846153,0.0539010509314903,2.8851160330865597,-0.1707130432142547,3.2140703044341232,2100.5859375,0.0150289701357642,0.0022998284932414,1107.8995434466203,1073.08429402275
100.mat,109,Normal,3,1725.0,12000,0.0139302210036057,0.0645850065778833,0.0660702212185984,0.2154996923076923,0.4234892307692307,0.0534458252704326,2.9462538145585944,-0.1913129341212177,3.2616765667348813,2100.5859375,0.0151457830254187,0.0022796626265118,1108.1618852192885,1055.7795778870673
100.mat,110,Normal,3,1725.0,12000,0.0133480740685096,0.0643337037286225,0.0657038546569423,0.2499212307692307,0.4704276923076923,0.0525958805588942,3.131051167273163,-0.1831244626956768,3.8037529468269,2100.5859375,0.0148146088840219,0.0022475838042073,1103.4378961363889,1039.9679366374037
100.mat,111,Normal,3,1725.0,12000,0.0122636917067307,0.0646719055394958,0.0658244141666844,0.2714086153846153,0.4919150769230769,0.0527783680889423,3.052715906776537,-0.1098160949948282,4.1232211303444135,2100.5859375,0.0144140811423909,0.0022416261734598,1171.051507125609,1136.280016315667
100.mat,112,Normal,3,1725.0,12000,0.0124850908954326,0.0655678206181432,0.0667459107008079,0.2714086153846153,0.4904547692307692,0.0536431338641826,2.9828481276135097,-0.1298431801945241,4.066295785538363,2100.5859375,0.0148524294805117,0.0023054470473718,1111.8832608154198,1046.0893733331593
100.mat,113,Normal,3,1725.0,12000,0.011354259014423,0.0628269995912674,0.0638447419558394,0.2255132307692307,0.4445593846153846,0.0507263383413461,3.067120699966591,-0.0574274222529074,3.5322130509230525,2100.5859375,0.0150471406315713,0.0021025352486953,1137.9466636764132,1085.4206058505642
100.mat,114,Normal,3,1725.0,12000,0.0105741923076923,0.0611887760804962,0.0620957314248665,0.2298941538461538,0.4243236923076923,0.0493922388822115,3.0399191346278043,-0.0573549008396975,3.702253739040288,2100.5859375,0.0151910646824476,0.0019838467246736,1134.327670166286,1070.294703121701
100.mat,115,Normal,3,1725.0,12000,0.0120370975060096,0.0646433051022724,0.0657544569661605,0.2298941538461538,0.4430990769230769,0.0527520365084134,2.9673858711082515,-0.1089532685759327,3.496252032990934,2100.5859375,0.0149766775472584,0.0022342701879854,1096.0049295980295,1063.544487469619
100.mat,116,Normal,3,1725.0,12000,0.0124017669771634,0.0654238285638499,0.066588896732923,0.218628923076923,0.4372578461538461,0.0534317681790865,2.967822392268459,-0.1312828262452458,3.2832639344334997,2100.5859375,0.0152484298591857,0.0022939425386231,1114.3034372799666,1065.4289696341734
100.mat,117,Normal,3,1725.0,12000,0.0112098682391826,0.0643458671849904,0.0653150194804248,0.2286424615384615,0.4472713846153845,0.0523255362079326,3.006585800130402,-0.1410612115083943,3.500610783818056,2100.5859375,0.0150846994191326,0.0021958564807768,1122.5724403705478,1056.0968467632176
100.mat,118,Normal,3,1725.0,12000,0.0110188242187499,0.0643096582808552,0.0652468132199886,0.2286424615384615,0.4345458461538461,0.0526265922475961,2.951894566991494,-0.1266154656660074,3.5042701743541365,2100.5859375,0.0153610637262826,0.0021892805996345,1122.1515206216122,1049.9738501904144
100.mat,119,Normal,3,1725.0,12000,0.0109230730168269,0.0657507151869779,0.0666518572264121,0.2284338461538461,0.4297476923076923,0.0537000243389423,2.9175990239815808,-0.1292801933306941,3.42726903134703,2100.5859375,0.0154233084207396,0.0022808921567815,1146.8620152842284,1106.3061685358034
100.mat,120,Normal,3,1725.0,12000,0.0114219469651442,0.0656526618444679,0.0666388241173163,0.2284338461538461,0.4309993846153845,0.0533429436598557,2.880848755087908,-0.1158619866917961,3.4279393308575297,2100.5859375,0.0149823378243029,0.0022855970286983,1118.949133560119,1084.5164156538815
100.mat,121,Normal,3,1725.0,12000,0.0122420967548076,0.0636232598948238,0.0647903398092522,0.2150824615384615,0.4195255384615384,0.0520572800480769,2.919002447808442,-0.1899798963002599,3.319668675479724,2100.5859375,0.0155466269785321,0.002173828592174,1114.62952751371,1074.6848588080004
100.mat,122,Normal,3,1725.0,12000,0.0113596577524038,0.0647197209058949,0.0657090868783662,0.2180030769230769,0.4330855384615384,0.0529873909254807,2.902358363204923,-0.1604271825242724,3.317700599410571,2100.5859375,0.0155925268685874,0.002223362963193,1092.5305820956712,1045.357752252566
100.mat,123,Normal,3,1725.0,12000,0.0119926343149038,0.0659162148246511,0.0669982884454562,0.2248873846153846,0.4468541538461538,0.053832140625,2.9203789513127387,-0.0551064535015359,3.356613875270363,2100.5859375,0.015558589491631,0.0023162970073101,1100.730639196741,1057.666990905757
100.mat,124,Normal,3,1725.0,12000,0.0122855413161057,0.0652192547596144,0.0663662995565462,0.240324923076923,0.463752,0.0531152798978365,3.1030380036129066,-0.0853411163397888,3.6211891379021113,2100.5859375,0.0148970167570318,0.0022777101401189,1104.6627447050607,1054.3749257716906
100.mat,125,Normal,3,1725.0,12000,0.0121962584134615,0.0649484673024162,0.066083675171868,0.240324923076923,0.463752,0.0531991640625,3.062480324924824,-0.1831375115131479,3.636676114817989,2100.5859375,0.0149158051618642,0.002257900611019,1135.201530877463,1097.537090048354
100.mat,126,Normal,3,1725.0,12000,0.0136637474459134,0.0638343133413174,0.0652802998922585,0.2353181538461538,0.4391353846153846,0.0525827402343749,3.014938305965771,-0.2200313795668323,3.604734571295373,2100.5859375,0.015251649633363,0.0022241077918992,1095.21506186668,1043.5966794082797
100.mat,127,Normal,3,1725.0,12000,0.013152140625,0.0643043598744143,0.0656355810660495,0.2136221538461538,0.4153532307692307,0.052655317608173,2.975932802998173,-0.1756723813782869,3.254669957613149,2100.5859375,0.0146383952911851,0.002240504154524,1093.7023486845296,1036.5602796055398
100.mat,128,Normal,3,1725.0,12000,0.0133095698617788,0.065541563753301,0.0668793034438427,0.2230098461538461,0.4366319999999999,0.0539244794170673,2.8680338718242675,-0.1229129346356023,3.334512093731705,2100.5859375,0.0151832984818944,0.0023249930199354,1096.403725096564,1059.8976501043308
100.mat,129,Normal,3,1725.0,12000,0.0136854951923076,0.0676997889707791,0.0690691986731184,0.2540935384615385,0.465420923076923,0.0553934963942307,3.0036167964632674,-0.0980875945869358,3.6788256320169386,2100.5859375,0.0154685495095139,0.0024789235743679,1075.5393129151323,1059.604754161069
100.mat,130,Normal,3,1725.0,12000,0.0129311488882211,0.0653991407063599,0.0666652999445709,0.2540935384615385,0.465420923076923,0.0529732829026442,3.199964663677288,-0.1303064987364065,3.811481215456996,2100.5859375,0.0151872255659568,0.0023057385461193,1108.9595012645696,1067.3912099146887
100.mat,131,Normal,3,1725.0,12000,0.0137813482572115,0.0629269185409843,0.0644183408421097,0.2134135384615384,0.4078430769230768,0.051552243389423,3.0406335616887974,-0.1030210303105386,3.312931312289121,2100.5859375,0.0149464607421202,0.0021698241512415,1103.9656704186652,1053.093013477102
100.mat,132,Normal,3,1725.0,12000,0.0131867740384615,0.0641834449358621,0.065524084223866,0.2134135384615384,0.4053396923076923,0.0528444771634615,2.7996876114966893,-0.073649862619276,3.257024359659896,2100.5859375,0.0149317331826763,0.0022336483463432,1111.4999681587951,1057.6650453086138
100.mat,133,Normal,3,1725.0,12000,0.0116061152343749,0.0650082298202604,0.0660361405231816,0.2253046153846153,0.4155618461538461,0.053299550030048,2.833399840584718,-0.1673432663126248,3.411838026868384,2100.5859375,0.0149154817108171,0.0022477374635058,1173.377216364967,1159.190269623831
100.mat,134,Normal,3,1725.0,12000,0.0114479729567307,0.0658641790944633,0.0668516729230135,0.2253046153846153,0.4251581538461538,0.053799442608173,2.913546771135371,-0.1908109926274953,3.3702165635267853,2100.5859375,0.0150554494330569,0.0023001012191081,1119.1060693090203,1070.6502061871638
100.mat,135,Normal,3,1725.0,12000,0.0116772665264423,0.064938280169427,0.0659798361993462,0.2317716923076923,0.4307907692307692,0.05305482421875,2.868419425210799,-0.1490758571322926,3.512765500166377,2100.5859375,0.0147941467450261,0.0022448491237658,1176.7896451629076,1140.50667734624
100.mat,136,Normal,3,1725.0,12000,0.0125279752103365,0.0649690985520393,0.0661659574821932,0.2317716923076923,0.4468541538461538,0.0533709559795673,2.8732619822676755,-0.1303135260240705,3.5028842795793773,2100.5859375,0.0150097377491863,0.0022674420996515,1128.5157077553772,1061.1550272541122
100.mat,137,Normal,3,1725.0,12000,0.0136662430889423,0.0651001690112239,0.0665191566802826,0.2351095384615384,0.450192,0.05354743359375,2.902806330777719,-0.104474535144678,3.5344636071014524,2100.5859375,0.0154646810896619,0.0023057822589247,1102.9139188964898,1066.8659278757416
100.mat,138,Normal,3,1725.0,12000,0.0123989148137019,0.0656509028721439,0.0668114820707123,0.2417852307692307,0.4466455384615384,0.0538688622295673,2.9113621663470117,-0.0901504100510661,3.618917336893211,90.8203125,0.0147766200281557,0.0023087536469814,1098.486396458126,1054.4468298682746
100.mat,139,Normal,3,1725.0,12000,0.010830530498798,0.0641462757038881,0.0650541703318444,0.2417852307692307,0.4466455384615384,0.0523409175180288,2.9981399328999,-0.1254547292348626,3.716675342039916,2100.5859375,0.0151317232893393,0.0021746727908796,1109.4927505389714,1070.569864184419
100.mat,140,Normal,3,1725.0,12000,0.0106863434495192,0.0621900599018159,0.0631015173106997,0.2167513846153846,0.4234892307692308,0.0503914128605769,3.0872277406844235,-0.126678029687029,3.434963117418279,2100.5859375,0.0152532682454348,0.0020479997116635,1097.9215780640134,1053.9780477223771
100.mat,141,Normal,3,1725.0,12000,0.0099953559194711,0.0637030574967082,0.0644824524532513,0.2081981538461538,0.4149359999999999,0.0515984382512019,2.9540046157859208,-0.1100976462446706,3.228756753584922,2100.5859375,0.015187172977281,0.0021289469087601,1099.9879469875327,1045.322561718374
100.mat,142,Normal,3,1725.0,12000,0.0101270138221153,0.0657735996289787,0.0665486500021338,0.2157083076923077,0.4243236923076923,0.0535795204326923,2.841332332759789,-0.1191573463041174,3.241362637489883,2100.5859375,0.0155526181825035,0.0022656399118606,1114.2286773095452,1094.4923657080894
100.mat,143,Normal,3,1725.0,12000,0.010011755859375,0.0658096494894376,0.066566847764562,0.2384473846153846,0.4535298461538462,0.0532741861478365,3.0081927863550906,-0.1185155567592068,3.5820741498642232,2100.5859375,0.0154686681399246,0.0022656902490895,1088.0025023074577,1043.374585521647
100.mat,144,Normal,3,1725.0,12000,0.0092971361177884,0.0627501105116936,0.0634351094365135,0.2384473846153846,0.4535298461538462,0.0506565621995192,3.1235216112478668,-0.1287076074508361,3.758918156419751,2100.5859375,0.0150850201927156,0.0020552250557662,1123.9210115268286,1087.9660706367424
100.mat,145,Normal,3,1725.0,12000,0.009607614483173,0.0615059194426264,0.0622517821635664,0.2146652307692307,0.4195255384615384,0.0503410925480769,2.868321119450802,-0.1439833121706847,3.448338719126119,2100.5859375,0.0149522311633216,0.0019837953701466,1130.7099602743187,1066.9792323617723
100.mat,146,Normal,3,1725.0,12000,0.0093168975360576,0.063894424884149,0.0645701332736239,0.2338578461538461,0.4405956923076923,0.0520941544471153,2.8172607681927038,-0.0879785942689636,3.621764960014014,2100.5859375,0.015307965439219,0.0021280533572887,1103.1657173558092,1054.946209964338
100.mat,147,Normal,3,1725.0,12000,0.0098866171875,0.0657196595138044,0.0664591517100734,0.2371956923076923,0.4495661538461538,0.0529720096153846,2.9339032469044484,0.0007638669049626,3.569044837383016,2100.5859375,0.0151254474946556,0.0022572820705302,1101.519891677198,1043.7619638746407
100.mat,148,Normal,3,1725.0,12000,0.0115829414062499,0.0655885908451384,0.0666035117743171,0.2371956923076923,0.4495661538461538,0.0532113876201923,2.9214754811698795,-0.0279484252008915,3.5613090960041096,2100.5859375,0.0151747014859037,0.0022850963493951,1127.8469310720511,1086.68709661488
100.mat,149,Normal,3,1725.0,12000,0.0115949103064903,0.0648866891534203,0.0659145232426675,0.2384473846153846,0.442056,0.0527693532151442,2.9789163743299523,-0.1221084689707311,3.6175242250866178,2100.5859375,0.0151518635666098,0.0022395831599536,1095.7607983211412,1038.6321490738965
100.mat,150,Normal,3,1725.0,12000,0.011338623046875,0.064822514255323,0.0658067073099746,0.2384473846153846,0.46104,0.0527070130709134,2.9848373226749616,-0.1358362763232829,3.623451079115788,2100.5859375,0.0148576819457148,0.0022295438254314,1139.5081132163032,1112.4169056486855
100.mat,151,Normal,3,1725.0,12000,0.0116787435396634,0.0665549097543394,0.0675718067175468,0.2292683076923077,0.451860923076923,0.0542714247295673,2.9757854107143173,-0.1480656896552208,3.3929580816250717,2100.5859375,0.0151518967201392,0.0023511710645593,1073.4637040990465,1031.1177269240252
100.mat,152,Normal,3,1725.0,12000,0.0119737387319711,0.0673664330565462,0.0684222677348802,0.2353181538461538,0.4702190769230768,0.0548619244290865,3.046318977633137,-0.1840469014726711,3.4392042479204985,2100.5859375,0.0154536035231987,0.0024124887569061,1110.736534555137,1083.6437791817327
100.mat,153,Normal,3,1725.0,12000,0.0122715860877403,0.0662294835251375,0.0673567837200923,0.2353181538461538,0.4702190769230768,0.0542108162560096,2.98562792012587,-0.1993626262727279,3.4936073376668544,2100.5859375,0.0151115429688687,0.0023437640691444,1097.9197883670747,1033.5872603637413
100.mat,154,Normal,3,1725.0,12000,0.012168653545673,0.0652762580360997,0.0664007981300684,0.2044430769230769,0.4034621538461538,0.0533358641826923,2.8866959864438977,-0.1586493378150043,3.078924993079241,2100.5859375,0.0146754283800853,0.0022785710999805,1111.9697373160973,1048.3595786214294
100.mat,155,Normal,3,1725.0,12000,0.0108881849459134,0.0651261413280118,0.0660300450983685,0.2225926153846154,0.4201513846153846,0.0529772555588942,2.8481226254508893,-0.1608881354199009,3.371080771685179,2100.5859375,0.0151577029420139,0.002239259780388,1101.483296066979,1039.1980602102342
100.mat,156,Normal,3,1725.0,12000,0.0102290805288461,0.0649636990295721,0.0657640956759115,0.2225926153846154,0.4222375384615384,0.0526204804687499,3.028738235076782,-0.2398245442091647,3.384713392571561,2100.5859375,0.0152915039502291,0.0022147751934197,1098.1531776076736,1033.7516132994272
100.mat,157,Normal,3,1725.0,12000,0.0103031858473557,0.0636805284912949,0.064508645525509,0.241368,0.4410129230769231,0.0517633544170673,3.046161876521559,-0.2579887145423818,3.741638008886024,2100.5859375,0.0154064288489949,0.0021337604952507,1105.064423399136,1030.1599781656312
100.mat,158,Normal,3,1725.0,12000,0.0098542247596153,0.065307363911101,0.0660466314555859,0.2422024615384615,0.4835704615384615,0.0531852088341346,2.890375463284109,-0.1561092019173189,3.6671432925588983,2100.5859375,0.0149838739957708,0.0022296316727282,1095.1740216734988,1042.573033681423
100.mat,159,Normal,3,1725.0,12000,0.0104543505108173,0.068111039807461,0.0689086873206605,0.2866375384615384,0.5392707692307692,0.0553015650540865,2.976026270257935,-0.0785411053570584,4.159672018241992,2100.5859375,0.015290851164252,0.0024288503318395,1067.9007100191932,1019.5999397351444
100.mat,160,Normal,3,1725.0,12000,0.0106366852463942,0.0675045878665217,0.0683374601229795,0.2866375384615384,0.5392707692307692,0.0549585923978365,2.9990089701353035,-0.1241567069562395,4.19444237385627,2100.5859375,0.0154170041824151,0.0023915737767488,1076.485324428225,1023.655976573584
100.mat,161,Normal,3,1725.0,12000,0.0115281391225961,0.064448894848254,0.0654718110242204,0.2419938461538461,0.4487316923076923,0.0528302163461538,2.901759928913399,-0.179015864923501,3.696153235540157,2100.5859375,0.0155595141141541,0.0022097281319413,1107.6981545839085,1078.058569612931
100.mat,162,Normal,3,1725.0,12000,0.0135185417668269,0.0639580847620949,0.0653711524905042,0.2188375384615384,0.4236978461538461,0.0524223569711538,3.028045076125629,-0.1505531751451892,3.347616343360729,2100.5859375,0.0151841815232294,0.0022280693195904,1100.2359368342802,1068.0270672081035
100.mat,163,Normal,3,1725.0,12000,0.0131865193810096,0.065394929851698,0.066711177052232,0.2188375384615384,0.4236978461538461,0.0531911678185096,3.0595664848783297,-0.1234604689606441,3.2803729169730875,2100.5859375,0.0155367636435256,0.0023121328238894,1094.0312486382657,1067.6637606698248
100.mat,164,Normal,3,1725.0,12000,0.0118059704026442,0.0662202538524032,0.0672644256455433,0.2098670769230769,0.4090947692307692,0.0540895993088942,2.9103670345375408,-0.1600981548617976,3.120030757848027,2100.5859375,0.0149962254353939,0.0023319424604361,1168.3953592058656,1151.330137283102
100.mat,165,Normal,3,1725.0,12000,0.0119400730168269,0.0663547860166171,0.0674204937015312,0.2109101538461538,0.4207772307692308,0.0546653798076923,2.8686989859976344,-0.1747959515116345,3.1282795818708724,2100.5859375,0.015389621137647,0.0023440441573234,1099.3166878000486,1046.505292339184
100.mat,166,Normal,3,1725.0,12000,0.012569891826923,0.0652437308191371,0.0664435594451453,0.2263476923076922,0.4214030769230769,0.0533633671874999,2.944721004163501,-0.0972796255846254,3.406615994053733,2100.5859375,0.0155812150508736,0.0022863748976599,1180.39770383472,1155.9930397381645
100.mat,167,Normal,3,1725.0,12000,0.0121611156850961,0.0635584834346177,0.0647114638314948,0.2263476923076922,0.4086775384615384,0.052031610576923,2.8536196527968447,-0.0504342210144211,3.497798981909749,2100.5859375,0.0154790122476313,0.0021677332253257,1101.7278485084364,1070.079387020224
100.mat,168,Normal,3,1725.0,12000,0.0124798958834134,0.062618692683099,0.0638502034029746,0.1998535384615384,0.3907366153846153,0.051734323467548,2.761177370091238,-0.1007955688884018,3.130037616328527,2100.5859375,0.0150898658487544,0.0021162983050907,1134.0277102771097,1084.471658624984
100.mat,169,Normal,3,1725.0,12000,0.0132744780649038,0.0645080193300936,0.0658596714673505,0.2334406153846153,0.4243236923076923,0.0527954810697115,2.933899485066108,-0.0878890742124196,3.544515333641495,2100.5859375,0.0152353103992683,0.0022568540631111,1097.1047383899602,1050.6214626062726
100.mat,170,Normal,3,1725.0,12000,0.0139265030048076,0.0641049579154445,0.0656002524025924,0.2334406153846153,0.4303735384615385,0.052409012920673,3.000768858132956,-0.0862383076750997,3.5585322744183525,2100.5859375,0.0152418876259485,0.0022486703372201,1105.966580726545,1053.922821920846
100.mat,171,Normal,3,1725.0,12000,0.0142961637620192,0.0636957386833972,0.0652803754947388,0.2411593846153846,0.4380923076923076,0.0524982448918269,2.965975042266141,-0.1189059147645602,3.6942095199011296,2100.5859375,0.0156337420048215,0.0022329538808269,1106.6382889009697,1045.249230852979
100.mat,172,Normal,3,1725.0,12000,0.0135045356069711,0.0656014483148203,0.0669770296666103,0.2411593846153846,0.4226547692307692,0.0539337489483173,2.8747699087053658,-0.0802520625692888,3.600628242485474,2100.5859375,0.0153536114163551,0.0023341474924726,1075.318982003921,1024.860489378257
100.mat,173,Normal,3,1725.0,12000,0.0132691811899038,0.0654141572657156,0.066746409193561,0.2127876923076923,0.4203599999999999,0.0539669053485576,2.819339664237685,-0.1377260590651847,3.188002094474018,2100.5859375,0.0144945686384053,0.002315577219921,1089.196265730545,1047.534972015795
100.mat,174,Normal,3,1725.0,12000,0.0126446592548076,0.0652544901056057,0.0664683073848943,0.2296855384615384,0.4405956923076922,0.0539210670072115,2.885852039161886,-0.205925779778309,3.4555647269835115,2100.5859375,0.0150904793282129,0.0022889616959557,1102.3663697072534,1051.029311571382
100.mat,175,Normal,3,1725.0,12000,0.0116558753004807,0.0649631277311641,0.066000510555873,0.2296855384615384,0.4376750769230769,0.0532337974759615,2.9821589891491267,-0.1862352036815646,3.480056995424256,2100.5859375,0.015130269770656,0.0022459636357832,1132.6052980898608,1109.7434109895885
100.mat,176,Normal,3,1725.0,12000,0.012669462890625,0.0640130472157201,0.0652547738006878,0.2079895384615384,0.4055483076923076,0.0525388372896634,2.94822073598565,-0.1486752122851762,3.1873459418741565,2100.5859375,0.0149915622576763,0.0022093504978183,1119.707047116148,1082.026762628075
100.mat,177,Normal,3,1725.0,12000,0.0130379012920673,0.063849304549177,0.0651668670530911,0.2092412307692307,0.4078430769230769,0.0524638661358173,2.8727508097837013,-0.1195739678207369,3.210853002934189,2100.5859375,0.0151809456978102,0.0022083538096612,1112.3680360773883,1080.2009365766894
100.mat,178,Normal,3,1725.0,12000,0.0120965345552884,0.0645035556866869,0.0656280035082038,0.2092412307692307,0.4078430769230769,0.0528709615384615,2.857432405463761,-0.1363374451018393,3.1882918812709957,2100.5859375,0.0150184858060457,0.0022266805735787,1125.194537992021,1063.747004442973
100.mat,179,Normal,3,1725.0,12000,0.0118587354266826,0.0644789874360956,0.0655604257666485,0.2067378461538461,0.4009587692307692,0.0530377621694711,2.870922860923082,-0.1942662394936427,3.1533938917617044,2100.5859375,0.0151035067448758,0.0022193996087745,1114.9578741719752,1075.845910354876
100.mat,180,Normal,3,1725.0,12000,0.0106221188401442,0.0638332303360784,0.064710978232391,0.2284338461538461,0.4351716923076922,0.0517538811598557,2.997150280268253,-0.157486936248558,3.530063250372927,2100.5859375,0.0151502917964963,0.0021501700566917,1102.0168089684262,1038.394021909195
100.mat,181,Normal,3,1725.0,12000,0.0092081588040865,0.0645748377360474,0.0652280603513406,0.2284338461538461,0.4287046153846153,0.052139534405048,2.922917231348093,-0.1053907064711016,3.502079395331142,2100.5859375,0.0151173070879479,0.0021697451267558,1110.5962071765373,1088.1836560041788
100.mat,182,Normal,3,1725.0,12000,0.009670107421875,0.0672819251382573,0.0679732920187088,0.2801704615384615,0.52884,0.0544320626502403,3.0836439573575407,-0.1363587878145575,4.12177273187457,2100.5859375,0.0150256522063727,0.0023569398186594,1098.9692551266485,1072.1753338855617
100.mat,183,Normal,3,1725.0,12000,0.0106953583233173,0.0681872378423479,0.0690209395345577,0.2801704615384615,0.52884,0.0552716173377403,3.122770639263181,-0.0816261590480575,4.059209617078369,2100.5859375,0.0152259790929344,0.0024391404013195,1068.800594205882,1006.5285355137746
100.mat,184,Normal,3,1725.0,12000,0.0120313931790865,0.0652680779107126,0.066367736257828,0.2517987692307692,0.4560332307692307,0.053489830078125,2.9181840043208656,-0.0617374767034842,3.793993639508377,2100.5859375,0.0154219866024589,0.0022747154193774,1081.8202819719868,1024.8284554346403
100.mat,185,Normal,3,1725.0,12000,0.0122463240685096,0.0629708147753078,0.0641505726136336,0.2255132307692307,0.4297476923076923,0.051679623046875,2.926071805338629,-0.1729586623156678,3.5153736214866376,2100.5859375,0.0151664809165707,0.002132634402173,1150.0210255421418,1110.166846022987
100.mat,186,Normal,3,1725.0,12000,0.0119771511418269,0.0650333815221119,0.0661270962743317,0.229476923076923,0.4376750769230769,0.0531039221754807,2.9564677829762327,-0.1738104635915789,3.4702404310167494,2100.5859375,0.01508418632773,0.0022581225554003,1106.7666397107314,1063.9921615748492
100.mat,187,Normal,3,1725.0,12000,0.0125264981971153,0.0657035589152924,0.0668870003155892,0.229476923076923,0.4472713846153846,0.0535482484975961,2.9778288918854336,-0.1157975438341259,3.430814986382924,2100.5859375,0.0149709781097651,0.0023153924174597,1159.844531798837,1147.3449046718686
100.mat,188,Normal,3,1725.0,12000,0.01188486328125,0.0647364659370468,0.0658183864678589,0.2228012307692307,0.4405956923076923,0.0526184432091346,2.953067042320109,-0.0685360794279251,3.3850910471351536,2100.5859375,0.0148860275493884,0.0022366550381035,1119.2878216015977,1060.4971254663794
100.mat,189,Normal,3,1725.0,12000,0.0117115434194711,0.0654787822054697,0.0665179011122381,0.218628923076923,0.4272443076923077,0.0531850560396634,2.9496146940123262,-0.0963509198044322,3.286768214589667,2100.5859375,0.0148942608446991,0.0022808957971753,1112.2495844836658,1076.2206067913648
100.mat,190,Normal,3,1725.0,12000,0.0119741461838942,0.0656919356177821,0.066774325770045,0.2837169230769231,0.5165316923076924,0.0533502777944711,3.142070924836472,-0.0973721739761631,4.2488923670150855,2100.5859375,0.015419425662103,0.0023010953839535,1110.9359318046804,1056.7827747593649
100.mat,191,Normal,3,1725.0,12000,0.0110261583533653,0.0634335236278822,0.064384688303063,0.2837169230769231,0.5165316923076924,0.0514416201923076,3.1572359703296216,-0.0619808920997283,4.406589991419211,2100.5859375,0.0150855260535059,0.0021334821840718,1107.933062517504,1056.370110830284
100.mat,192,Normal,3,1725.0,12000,0.0118956098257211,0.0639864887058689,0.0650828415946329,0.2718258461538461,0.4869083076923076,0.052060998046875,3.015298681142397,-0.0584549128549604,4.176613059505108,2100.5859375,0.0152685153004192,0.0021886409259224,1091.9485171460003,1048.591361756153
100.mat,193,Normal,3,1725.0,12000,0.0128580112680288,0.0647802177108815,0.0660439630885212,0.2718258461538461,0.4570763076923076,0.052966763671875,2.9750376452359304,-0.0688981765245657,4.115831840519737,2100.5859375,0.0151997007743407,0.0022635668005388,1093.200473132756,1044.931325991561
100.mat,194,Normal,3,1725.0,12000,0.0130511944110576,0.0645341705296328,0.0658406625232687,0.2271821538461538,0.432876923076923,0.0528720820312499,2.857192502381616,-0.0390244723330188,3.4504840191403843,2100.5859375,0.0149673273710406,0.0022526632589493,1086.591473207466,1044.8769178072023
100.mat,195,Normal,3,1725.0,12000,0.0137234391526442,0.0657043724496209,0.0671222566752253,0.210492923076923,0.4061741538461538,0.0537600725661057,2.9055819393766904,-0.0669908349586084,3.135963144019492,2100.5859375,0.0154566915387856,0.0023468650788285,1080.6021772471393,1045.9310497258475
100.mat,196,Normal,3,1725.0,12000,0.0125139690504807,0.0651740836652038,0.066364603539804,0.2340664615384615,0.4412215384615384,0.0533992229567307,2.962203760357713,-0.1688207510429517,3.526977470724638,2100.5859375,0.0148430251643695,0.0022804300231737,1090.1432486182566,1038.9780907933111
100.mat,197,Normal,3,1725.0,12000,0.0114734896334134,0.0635958908357636,0.0646225834794803,0.2340664615384615,0.4412215384615384,0.0521651020132211,2.932940079602899,-0.1747407851229932,3.622053606271944,2100.5859375,0.014966113697136,0.0021538596333387,1099.9427474258034,1033.5350282881254
100.mat,198,Normal,3,1725.0,12000,0.0125532372295673,0.0637220407306089,0.0649467646601059,0.2157083076923077,0.4251581538461538,0.0519975374098557,3.046911633595534,-0.152438768640096,3.32130951897606,2100.5859375,0.0148011072692387,0.0021878330304055,1111.2088531360614,1050.7322021741293
100.mat,199,Normal,3,1725.0,12000,0.0130758961838942,0.0654549920902854,0.0667482962370674,0.233232,0.4650036923076923,0.0535693850661057,3.012422737154099,-0.1556982980046531,3.4942015474318406,2100.5859375,0.0146541000214142,0.0023131571226151,1119.252614801324,1058.7950433181743
100.mat,200,Normal,3,1725.0,12000,0.0132821687199519,0.0673264812540608,0.0686241290214941,0.2336492307692307,0.465420923076923,0.0552955551382211,2.945571509309882,-0.1443126164933109,3.4047678870510434,2100.5859375,0.0148102716849503,0.002442843554749,1084.0163430071434,1025.3810152726735
100.mat,201,Normal,3,1725.0,12000,0.0143429698016826,0.0659405218095203,0.0674823917718081,0.3056215384615384,0.5640959999999999,0.0538210884915865,3.3259073274751088,-0.1541296966226715,4.528907918601909,2100.5859375,0.0148851286682841,0.0023797970063976,1078.6314755319477,1027.4307592152636
100.mat,202,Normal,3,1725.0,12000,0.014578731670673,0.0636173826229979,0.0652664599080293,0.3056215384615384,0.5640959999999999,0.0523260964543269,3.2216615678336424,-0.1306867629512577,4.682673748387868,2100.5859375,0.015401934083791,0.0022361251045252,1088.2556171338545,1027.507847786144
100.mat,203,Normal,3,1725.0,12000,0.0142773191105769,0.0635889612731518,0.0651720633153781,0.2154996923076923,0.4124326153846154,0.0529652866586538,2.751841237889562,-0.1476535881678464,3.306626817457882,2100.5859375,0.0151469330598436,0.0022256200145305,1114.5797935101443,1077.082074322729
100.mat,204,Normal,3,1725.0,12000,0.0138167965745192,0.0634670594824323,0.0649536104225797,0.2346923076923076,0.450192,0.0525687340745192,2.842639771030086,-0.1404019827812211,3.613229598253741,2100.5859375,0.0151908622822887,0.002204937740178,1111.753377462527,1054.5638276142804
100.mat,205,Normal,3,1725.0,12000,0.0141693443509615,0.0640482367209692,0.0655968516500711,0.2346923076923076,0.4276615384615384,0.0525537602163461,2.9926389136243383,-0.0808531760523141,3.577798351425196,2100.5859375,0.0150022037155268,0.0022518592081646,1170.850925973925,1152.3620038835963
100.mat,206,Normal,3,1725.0,12000,0.016906046123798,0.0661246657251568,0.0682516359716286,0.2315630769230769,0.4456024615384615,0.0547320491286057,3.0112837315953835,-0.1124698761690915,3.3927842699526605,0.0,0.016906046123798,0.0024720501938846,1087.8237699654994,1058.4294211407505
100.mat,207,Normal,3,1725.0,12000,0.0175938249699519,0.0659775744239887,0.0682831092141115,0.226764923076923,0.4410129230769231,0.0547888886718749,3.020900948434751,-0.1191233498575389,3.3209519262790006,0.0,0.0175938249699519,0.0024860630904705,1125.4837297225638,1099.179582636067
100.mat,208,Normal,3,1725.0,12000,0.016892396484375,0.0650753808431689,0.0672321221654411,0.226764923076923,0.4410129230769231,0.0542165205829326,2.9441795475920527,-0.1624262425783004,3.3728657637626283,0.0,0.0168923964843749,0.0024027556902381,1064.176366924858,1040.457276775232
100.mat,209,Normal,3,1725.0,12000,0.0167613497596153,0.0651746008891372,0.0672954043514301,0.2146652307692307,0.4113895384615385,0.0544013509615384,2.862297403169722,-0.1665335042763843,3.189894359623812,0.0,0.0167613497596153,0.0024048071883163,1087.95449274124,1080.0310944972746
100.mat,210,Normal,3,1725.0,12000,0.0151695878906249,0.063150875349267,0.0649472821151898,0.2263476923076922,0.4410129230769231,0.0524171110276442,2.91281038402583,-0.1345434504409495,3.485098759117346,0.0,0.0151695878906249,0.0022241329386915,1100.6614556815389,1065.8950328582014
100.mat,211,Normal,3,1725.0,12000,0.0149646395733173,0.0620836128121321,0.0638616897471874,0.2263476923076922,0.4466455384615384,0.0512808294771634,3.0620426869500035,-0.1393129817625673,3.544342362435857,2100.5859375,0.0152563036102407,0.0021511280213154,1156.8113877239766,1091.1958204170296
100.mat,212,Normal,3,1725.0,12000,0.0138015680588942,0.0645659063746457,0.0660245374604306,0.2202978461538461,0.4362147692307692,0.0526499698016826,3.113717986636725,-0.1082727159531439,3.3366056715788943,2100.5859375,0.0150586558677295,0.002274861421564,1090.4374021209358,1045.0174164794482
100.mat,213,Normal,3,1725.0,12000,0.0111292946213942,0.0672506013654749,0.0681652740241526,0.2230098461538461,0.4403870769230769,0.054361573467548,3.032186153284073,-0.0748643658943961,3.2716049241557856,2100.5859375,0.015220583772616,0.0023851829902969,1093.6285796234024,1064.263236582718
100.mat,214,Normal,3,1725.0,12000,0.0113528329326923,0.0639007312933339,0.0649013888558672,0.2230098461538461,0.4403870769230769,0.0520704203725961,3.001340565012042,-0.1449485701038596,3.436133649606568,2100.5859375,0.0154287985554347,0.0021705386653733,1127.1405405316243,1085.0187163633725
100.mat,215,Normal,3,1725.0,12000,0.0121167543569711,0.0604556284121085,0.0616579171141073,0.196932923076923,0.3830178461538461,0.0503383931790865,2.723841315597199,-0.2074191100221501,3.1939600345640744,2100.5859375,0.0149736126844108,0.0019742572765425,1129.7958786553174,1063.594968378258
100.mat,216,Normal,3,1725.0,12000,0.0126337599158653,0.063584082948493,0.0648270583476728,0.2292683076923077,0.4236978461538461,0.0523076592548076,2.9003472185023784,-0.1503107859413553,3.5366143942969472,2100.5859375,0.0152055031163127,0.0021810799956441,1138.5561062441304,1106.065087865335
100.mat,217,Normal,3,1725.0,12000,0.0132815066105769,0.0660808788199125,0.0674023809925047,0.2292683076923077,0.4585366153846154,0.053923919170673,2.9944613089830976,-0.1305052925007649,3.4014867771184925,2100.5859375,0.0153329730587724,0.0023597397374747,1080.1478898995724,1047.1678878542834
100.mat,218,Normal,3,1725.0,12000,0.0128483852163461,0.0645005985955442,0.065767835769859,0.2292683076923077,0.4412215384615384,0.0530497310697115,2.837451427620121,-0.0865190419026926,3.486024817580814,2100.5859375,0.0151169945111123,0.0022452447879054,1124.2570694966423,1089.226583158291
100.mat,219,Normal,3,1725.0,12000,0.012467926983173,0.0637040629192849,0.0649126862460794,0.2202978461538461,0.4282873846153846,0.0523675546875,2.9088272701215248,-0.1614236339913001,3.3937564271907106,2100.5859375,0.0150322544989398,0.0021845530788676,1104.2655646388343,1056.690444769237
100.mat,220,Normal,3,1725.0,12000,0.0125278224158653,0.06426663022654,0.0654763017828457,0.2202978461538461,0.4282873846153846,0.0530147920673076,2.890941970532616,-0.1882952986280094,3.3645432035008813,2100.5859375,0.0148417452735153,0.0022220465601571,1151.0961853150218,1115.8013949241963
100.mat,221,Normal,3,1725.0,12000,0.012391122295673,0.0631599869811037,0.0643639951152779,0.2071550769230769,0.4120153846153845,0.0521533368389423,2.733388624125654,-0.0911513002270915,3.2184931428208543,2100.5859375,0.0151483571685181,0.0021481319744736,1123.1448158269773,1072.734314382417
100.mat,222,Normal,3,1725.0,12000,0.0128440560396634,0.0641955645906393,0.0654678569120829,0.2396990769230769,0.4468541538461538,0.052693974609375,2.831144659364943,-0.1137757674899078,3.661324629046127,2100.5859375,0.0150458544335948,0.0022255052125569,1126.3303501562607,1090.9997715380327
100.mat,223,Normal,3,1725.0,12000,0.0130856240985576,0.066514645170787,0.0677896126279273,0.2670276923076923,0.531552,0.0538949900841346,3.169976050037926,-0.1111700683079956,3.93906502716442,2100.5859375,0.0150930380365146,0.0023833328364807,1126.995878258943,1090.782265203953
100.mat,224,Normal,3,1725.0,12000,0.0123029089543269,0.0661508864068492,0.0672852237950527,0.2670276923076923,0.531552,0.0532258521634615,3.2900492002863384,-0.1320601390518935,3.9685933589378335,2100.5859375,0.0151980880947328,0.0023393314612997,1099.568764805823,1028.6029779676503
100.mat,225,Normal,3,1725.0,12000,0.0120965345552884,0.0655589631129039,0.0666656117701352,0.2419938461538461,0.4816929230769231,0.0536799573317307,2.9136961645221984,-0.1520404096922034,3.62996513087208,2100.5859375,0.0150064361894476,0.0022953152973181,1135.3228061888076,1111.8847147085046
100.mat,226,Normal,3,1725.0,12000,0.0122303825120192,0.0679298411217093,0.0690220658283348,0.2298941538461538,0.4579107692307692,0.0559477328725961,2.8462048580998776,-0.172503096500797,3.3307341802536734,2100.5859375,0.0149399912537224,0.0024568139399535,1080.413774943085,1027.7635571554408
100.mat,227,Normal,3,1725.0,12000,0.0130970836838942,0.065895939799752,0.0671848828466305,0.2280166153846153,0.4476886153846153,0.0542478943810096,2.9815843096135803,-0.2350561519242564,3.3938678721094284,2100.5859375,0.0144739515846544,0.0023426711100856,1114.6011688599626,1053.5135702944874
100.mat,228,Normal,3,1725.0,12000,0.0141160190805288,0.0610376040940711,0.0626486321337219,0.1944295384615384,0.3790541538461538,0.0503336056189903,2.978493618261226,-0.1995720890790054,3.10349215680453,2100.5859375,0.0150748299871738,0.0020620569254711,1169.135593215272,1127.355115324556
100.mat,229,Normal,3,1725.0,12000,0.0137714675480769,0.063603398962807,0.0650772285676775,0.2574313846153846,0.4560332307692307,0.0521268524639423,2.933153180599409,-0.0937462601884037,3.9557828487989024,2100.5859375,0.0152332410006988,0.0022123495065395,1086.4778218246663,1033.3481482073428
100.mat,230,Normal,3,1725.0,12000,0.0143797932692307,0.0679247391578649,0.0694301709930906,0.2751636923076923,0.532595076923077,0.0555285667067307,2.957915773369794,0.0431634861284737,3.963171750435055,2100.5859375,0.0150835406671425,0.0025136637118337,1077.3245227381765,1061.8153228029914
100.mat,231,Normal,3,1725.0,12000,0.0147483335336538,0.0662388384169737,0.0678608654295673,0.306456,0.5816196923076923,0.0540631658653846,3.261817165981701,-0.0750975377820813,4.515945944103379,2100.5859375,0.0153073539240691,0.00241130519944,1073.0441538937685,1027.3121751110427
100.mat,232,Normal,3,1725.0,12000,0.0139043478064903,0.0621189903537881,0.0636561061524962,0.306456,0.5173661538461538,0.0510533694411057,3.2227590821216348,-0.2442231536554812,4.814243574148972,2100.5859375,0.0151636819481868,0.0021227153723249,1122.2826714900882,1051.164806083058
100.mat,233,Normal,3,1725.0,12000,0.0144517594651442,0.0632612799837524,0.0648910078271334,0.2163341538461538,0.4305821538461538,0.0522393601262019,2.959897507739268,-0.1717974470716758,3.333807889414472,2100.5859375,0.015528887522926,0.0022098481471725,1108.20514344871,1059.7576112047116
100.mat,234,Normal,3,1725.0,12000,0.0152522496995192,0.0653162814802803,0.0670734503906552,0.2351095384615384,0.4514436923076923,0.0539701649639423,3.014869662097692,-0.2073887560260399,3.5052548674951454,0.0,0.0152522496995192,0.0023657394376091,1082.9817508157048,1040.3370382147689
100.mat,235,Normal,3,1725.0,12000,0.01564564453125,0.065224864422518,0.0670751006837417,0.2351095384615384,0.458328,0.0537900712139423,3.022521138002966,-0.1430910602595879,3.5051686253901706,0.0,0.01564564453125,0.0023719276862556,1102.8717840681866,1052.930486176532
105.mat,0,Inner Race,0,1797.0,12000,0.0155763233688872,0.2855337397891611,0.2859582808866994,1.4827078642714573,2.6639361277445115,0.2041919827337512,5.458891915504828,0.1242277433899846,5.185049580218053,3585.9375,0.0480171366383798,0.0410073820521459,2702.8609684192334,1174.938171210415
105.mat,1,Inner Race,0,1797.0,12000,0.015434113316336,0.2863461278636243,0.2867617770839631,1.5645751696606789,2.745803433133733,0.2056413672849613,5.454058921571103,0.1142877908130306,5.456010161363224,3585.9375,0.0532130813243323,0.0412352700151374,2697.257753781772,1189.3894520386943
105.mat,2,Inner Race,0,1797.0,12000,0.0150213234566024,0.2902264858889588,0.2906149570649141,1.5657122155688623,2.7380065469061874,0.2082964440357566,5.588467030503695,0.1026831399408888,5.387583045903353,3585.9375,0.0493561720885277,0.0423413513230395,2710.742985041806,1188.223792931955
105.mat,3,Inner Race,0,1797.0,12000,0.0149802387899981,0.2912004071312324,0.2915854671748936,1.5657122155688623,2.7758539321357283,0.2074566671052426,5.704262788553119,0.1085931089820646,5.369651069165751,3585.9375,0.0458310657193977,0.0426232483700758,2714.3798315695085,1177.6390358252136
105.mat,4,Inner Race,0,1797.0,12000,0.0148610694626372,0.2893619855711312,0.2897433520880865,1.5845546906187624,2.7946964071856284,0.2061712643073228,5.755854444289263,0.1425582378814225,5.46882155949184,3585.9375,0.05160605557803,0.0420860364733168,2714.5174194286787,1189.6877987899647
105.mat,5,Inner Race,0,1797.0,12000,0.0143506043771831,0.287241750948173,0.2876000057958321,1.5845546906187624,2.7428796007984038,0.2059633029253992,5.595735635830524,0.1476263973424778,5.509578090007555,3585.9375,0.0644334709399246,0.0414598524535162,2692.2133484663905,1184.4761793970586
105.mat,6,Inner Race,0,1797.0,12000,0.0142110116875623,0.2887136957420039,0.2890632300417859,1.511134011976048,2.723549820359281,0.2075794055638722,5.374917907396782,0.1493469087785186,5.227693649439964,3585.9375,0.0660850384880103,0.0418797535156726,2686.2139821665573,1187.1108537999778
105.mat,7,Inner Race,0,1797.0,12000,0.0142691885272423,0.2896797709559625,0.2900309973818745,1.4927788423153694,2.705194650698603,0.2091113163614177,5.169983939672958,0.1491137797970775,5.146963103222636,3585.9375,0.0655540006044247,0.0421608001263536,2678.1476280689058,1202.3409731430531
105.mat,8,Inner Race,0,1797.0,12000,0.014402594722664,0.2915367320011865,0.2918922760894453,1.4373884630738525,2.605297045908184,0.2110225464987992,5.0194658427096,0.1398015873753159,4.924379919643332,3585.9375,0.0643076725314808,0.0427042703838019,2686.974801683358,1193.388046646313
105.mat,9,Inner Race,0,1797.0,12000,0.0141479173781343,0.2903974040375363,0.2907418370958651,1.4373884630738525,2.631773972055888,0.2105778327427176,4.978734188002171,0.1249108472685226,4.943865242895566,3585.9375,0.0589143017638982,0.0423655012668788,2694.00715231419,1208.7403045101212
105.mat,10,Inner Race,0,1797.0,12000,0.0140621392566429,0.2892635097731157,0.2896051136405134,1.3126382834331338,2.50702379241517,0.2095969958130613,5.011516803153509,0.13200037433239,4.532510724456719,3585.9375,0.0751729968524363,0.0420344334925127,2650.4791771952773,1202.4360327286367
105.mat,11,Inner Race,0,1797.0,12000,0.0146226118368731,0.293859124368006,0.2942227145399604,1.5044741716566867,2.7399557684630738,0.2118514574074507,5.167324304697764,0.1418435733312357,5.1133855318038455,3585.9375,0.065297638435035,0.0433904146279944,2660.5590262457945,1200.2466205777157
105.mat,12,Inner Race,0,1797.0,12000,0.0144819880648858,0.29396199827461,0.2943185084358666,1.5044741716566867,2.7399557684630738,0.2125920124886945,5.114520040975312,0.1377863629925755,5.11172124258206,3585.9375,0.0554506650922835,0.0434165573654194,2657.9017914445503,1189.5797767042786
105.mat,13,Inner Race,0,1797.0,12000,0.0143569494994386,0.294238116381759,0.294588172082341,1.4872560479041916,2.6684843113772456,0.2140033659633857,4.931380105641181,0.1509350655379463,5.048593897681965,3585.9375,0.0631968018952714,0.0434941566172141,2664.9281737609967,1185.58919930447
105.mat,14,Inner Race,0,1797.0,12000,0.0145684800126309,0.2957099380832463,0.2960685868022405,1.407662834331337,2.5588405988023952,0.2151283561392839,4.947759069381732,0.1290271976107401,4.754516004332428,3585.9375,0.0615585376274495,0.0439344280600992,2687.240809444016,1189.7005641831909
105.mat,15,Inner Race,0,1797.0,12000,0.0147451123534181,0.2942817295220458,0.2946509030510537,1.6389704590818364,2.798757285429142,0.2134757690478418,5.220767348091788,0.1197914871563659,5.562414511921094,3585.9375,0.0626102685003709,0.043518287077048,2704.422252374012,1173.2190341585735
105.mat,16,Inner Race,0,1797.0,12000,0.0147795742986682,0.2929251860101686,0.2932978015866156,1.6389704590818364,2.798757285429142,0.2106462807490488,5.607592440940161,0.1616234896940812,5.588076181327332,3585.9375,0.048459867668365,0.0431210182411818,2692.967069025754,1172.311784433306
105.mat,17,Inner Race,0,1797.0,12000,0.0145022527990893,0.2912272112717827,0.2915880723235919,1.6258132135728545,2.800868942115769,0.2076016928057946,5.8723081133499,0.1543138274167672,5.575719200779231,2616.2109375,0.0403884914963899,0.0426169600524635,2707.410635670333,1160.3570523754672
105.mat,18,Inner Race,0,1797.0,12000,0.0145909655396238,0.2904614417965109,0.2908276903011237,1.6258132135728545,2.800868942115769,0.2072079383128274,5.748960351588257,0.1566749700028385,5.590297168366201,2616.2109375,0.0381799590893486,0.0423968255077102,2732.095027192123,1164.3331749836043
105.mat,19,Inner Race,0,1797.0,12000,0.0147165593032684,0.2922928528323262,0.2926630980061998,1.7026450299401197,2.997253013972056,0.2094247257438248,5.535881636857154,0.1696417542535782,5.817764663668156,3585.9375,0.0512047225556062,0.0429341433648492,2718.8116522243586,1191.4258706913524
105.mat,20,Inner Race,0,1797.0,12000,0.0144122313770895,0.2908537306261389,0.291210585371496,1.7026450299401197,2.997253013972056,0.2078409039148266,5.620209990666131,0.1725797002210913,5.846782759521132,3585.9375,0.0584359462234498,0.042505663473715,2717.456123329102,1182.6862171411296
105.mat,21,Inner Race,0,1797.0,12000,0.0141689752526197,0.290405186263057,0.2907506355421949,1.6513155289421158,2.753600319361277,0.2078347967346556,5.510447121541301,0.1686969822519916,5.679490694363316,3585.9375,0.0589249283732769,0.0423683495181062,2685.606088746671,1187.0641574303074
105.mat,22,Inner Race,0,1797.0,12000,0.0139936515932977,0.2933135123453572,0.293647133153526,1.6638230339321358,2.7661078243512973,0.2103409217405033,5.404467357359303,0.1567506613941071,5.666062583564362,3585.9375,0.0613245244428489,0.0432122322117997,2673.8364938331897,1193.598550843061
105.mat,23,Inner Race,0,1797.0,12000,0.0139756869659119,0.291666048177238,0.2920006908990047,1.6638230339321358,2.765295648702595,0.2085224493590943,5.494474934677805,0.1539620529085528,5.698010606788626,3585.9375,0.0556824238583608,0.0427298618937003,2696.881715064178,1176.8183681689534
105.mat,24,Inner Race,0,1797.0,12000,0.0139141392800336,0.2918121830659846,0.2921437205514435,1.5579153293413173,2.7011337724550897,0.2095433795300025,5.418358067036895,0.1428200469035744,5.332701748306051,3585.9375,0.0495367017531783,0.0427707863967696,2725.6852190399977,1184.9992676222505
105.mat,25,Inner Race,0,1797.0,12000,0.0140212528751091,0.2919845425354416,0.2923210026868047,1.5579153293413173,2.7011337724550897,0.2094870269129709,5.366394194416045,0.1487634088133874,5.329467657205875,3585.9375,0.0582274259218383,0.0428240843902018,2721.335150113664,1175.2303208517033
105.mat,26,Inner Race,0,1797.0,12000,0.0140389399033963,0.2889108317860644,0.2892517252445122,1.5907272255489022,2.8106150499002,0.2065004571813404,5.483969046428568,0.1421252360595239,5.499456309912128,3585.9375,0.0560485600509244,0.0419318437359285,2722.657470980303,1209.9795372213164
105.mat,27,Inner Race,0,1797.0,12000,0.0139745765695172,0.287632768712655,0.2879720445244729,1.5907272255489022,2.8106150499002,0.2055196995657123,5.366721299420195,0.1562509373511779,5.523894613366599,3585.9375,0.0533352227853476,0.0415615949625117,2714.622638259244,1183.7974525675963
105.mat,28,Inner Race,0,1797.0,12000,0.01383482525184,0.289065462178337,0.2893963438160968,1.5332251896207585,2.7958334530938123,0.2064253071396269,5.379887606664675,0.1703183291900851,5.298011610661811,3585.9375,0.0414287741947448,0.0419708252792287,2727.2319828800496,1172.0076338173317
105.mat,29,Inner Race,0,1797.0,12000,0.0132231554664109,0.2899524773428202,0.2902538388337483,1.5332251896207585,2.7958334530938123,0.2065648998292477,5.486435674623191,0.1068418991645878,5.282359729612257,3606.4453125,0.0366241016227371,0.0422110923520993,2730.1205521324405,1189.4462068762446
105.mat,30,Inner Race,0,1797.0,12000,0.0131219904234499,0.2893532798489782,0.2896506640628227,1.4541192814371258,2.657926027944112,0.2071588429293756,5.319050547252977,0.1195252710823424,5.0202518476592894,3585.9375,0.0376429257699481,0.042034846930761,2708.4068138077414,1154.8344656600414
105.mat,31,Inner Race,0,1797.0,12000,0.0129963570027912,0.2906570737030462,0.2909474863080312,1.401652734530938,2.517582075848304,0.2090830012533526,5.202516727902987,0.1604601721609194,4.817545435147645,2616.2109375,0.038663459484379,0.0424096965630354,2734.716157810176,1192.0202057582032
105.mat,32,Inner Race,0,1797.0,12000,0.0123526046929578,0.2898000737815692,0.2900632165692566,1.401652734530938,2.5700486227544905,0.2083485136952657,5.138628560812596,0.1618787143207135,4.832231922093004,3585.9375,0.0429732979137882,0.0421446284088067,2703.207691584609,1160.3450299042245
105.mat,33,Inner Race,0,1797.0,12000,0.0123310709343032,0.2898925987577677,0.2901547416895318,1.4987889421157683,2.68554,0.2080287591906031,5.243038459637151,0.1804685867910033,5.16548147167447,3585.9375,0.0454379191062715,0.0421709162743288,2713.958251286941,1166.3787292291022
105.mat,34,Inner Race,0,1797.0,12000,0.0122255436197916,0.2917281759025397,0.2919842333623899,1.4987889421157683,2.68554,0.2097787042516529,5.153279051384756,0.1740837359898528,5.133116007176932,3585.9375,0.0467120969418917,0.0427021296406799,2705.3541070483866,1171.6055775711675
105.mat,35,Inner Race,0,1797.0,12000,0.0123147719015094,0.2921778411829807,0.2924372487993506,1.4380382035928143,2.540160558882236,0.211054391081119,5.050279217017418,0.1927715052263506,4.917424881737595,3585.9375,0.0582772431868879,0.0428355991694703,2697.002395963109,1176.7257790699357
105.mat,36,Inner Race,0,1797.0,12000,0.0123705693203436,0.2960144285360583,0.2962728014631762,1.5135705389221557,2.615692894211577,0.2144999114368918,4.988261787386916,0.1908340299004917,5.108705663993519,3585.9375,0.0642118159927668,0.0439653034750982,2676.2540190451923,1188.4093019700565
105.mat,37,Inner Race,0,1797.0,12000,0.0122299852053705,0.2954114471926509,0.2956644984954736,1.5135705389221557,2.5789825548902194,0.2132806565384855,4.972554674526208,0.1966486968269213,5.119216363899459,3585.9375,0.0675577172166852,0.0437835350837028,2664.040119162943,1188.8159712298554
105.mat,38,Inner Race,0,1797.0,12000,0.0128277750358657,0.2915035920034436,0.2917857021227752,1.4848195209580837,2.561114690618762,0.2096679025542664,5.131989126280362,0.2001585683762344,5.08873296448677,3585.9375,0.0597628659197579,0.0426517261603466,2675.517585708885,1199.820026984859
105.mat,39,Inner Race,0,1797.0,12000,0.012415381746273,0.2916171319775477,0.2918813001319478,1.4848195209580837,2.64801748502994,0.210096237963526,5.224357716115618,0.1982057292353389,5.087066284434311,2879.8828125,0.0519611515701819,0.0426744196943228,2711.120188410502,1175.5604704165523
105.mat,40,Inner Race,0,1797.0,12000,0.0122675403977201,0.2928674441618168,0.2931242610178909,1.739030499001996,2.96086754491018,0.2109793203534337,5.353380020731314,0.2104900748114589,5.932741605771942,3585.9375,0.0529330943529433,0.0430361629869913,2716.4737279033507,1170.5917248003348
105.mat,41,Inner Race,0,1797.0,12000,0.0125503742222586,0.2926011433422134,0.2928701776867853,1.739030499001996,2.96086754491018,0.2109168208992172,5.402381763420903,0.2034400615605901,5.937888632900785,3585.9375,0.0508215581150001,0.0429652269178,2716.642349877108,1160.1568017432323
105.mat,42,Inner Race,0,1797.0,12000,0.0124243045744448,0.2897043644873012,0.2899706573899325,1.599661157684631,2.715428063872255,0.2081792575591005,5.459071412583809,0.1974821445219337,5.516631138072418,2616.2109375,0.0494362485349037,0.0421186732216127,2703.087989280633,1169.847330175272
105.mat,43,Inner Race,0,1797.0,12000,0.0125279680092939,0.2920260554998458,0.2922946579622025,1.6963100598802394,2.854797405189621,0.208925840506487,5.526608651550194,0.2127251553379109,5.803424775897185,3585.9375,0.0591043847564539,0.0427965596116341,2690.1764538925827,1186.6587206562754
105.mat,44,Inner Race,0,1797.0,12000,0.0124855350042103,0.2915026305370489,0.2917698959700273,1.6963100598802394,2.854797405189621,0.2081807645256362,5.615890261887008,0.2095321320338373,5.81386251052609,3585.9375,0.048234879102805,0.0426427860709235,2733.7603143114384,1178.0248870611172
105.mat,45,Inner Race,0,1797.0,12000,0.0125185296399388,0.2906517304540489,0.2909211955156914,1.5666868263473055,2.717864590818364,0.2070159587075848,5.670238471972857,0.2012948742859786,5.385261887055608,3585.9375,0.0451356876653629,0.0423959280926344,2731.874054550922,1166.7908519109096
105.mat,46,Inner Race,0,1797.0,12000,0.0125324095948727,0.2937524200141747,0.2940196346410181,1.4970021556886228,2.6481799201596807,0.2098871265281936,5.439466174358514,0.2062718681856955,5.091504033451305,3585.9375,0.0422842383428504,0.043302304480444,2733.591304325595,1166.006102791114
105.mat,47,Inner Race,0,1797.0,12000,0.0123038265656187,0.2910600272720056,0.2913199677738164,1.4474594411177644,2.5744343712574853,0.2074051526439309,5.481607910482373,0.2045634332835321,4.9686241975750365,3585.9375,0.044228932057395,0.0425093539275445,2714.5796067143665,1169.9762099997483
105.mat,48,Inner Race,0,1797.0,12000,0.0124524213974394,0.2908473743847166,0.2911138230746573,1.5018752095808383,2.872015528942116,0.2071472630812593,5.582176076971316,0.1794248342830567,5.159065253990623,2616.2109375,0.0383464550912019,0.0424511619309253,2723.50318282268,1167.2748807035553
105.mat,49,Inner Race,0,1797.0,12000,0.0124528576245945,0.2897366942104635,0.2900041820992001,1.5018752095808383,2.872015528942116,0.2073770754779503,5.547251852341754,0.1714327057606814,5.178805349321135,3606.4453125,0.0405102526745764,0.0421287524817343,2726.5517030267047,1154.7817162529598
105.mat,50,Inner Race,0,1797.0,12000,0.0124140730648078,0.2858467561783227,0.2861161953258289,1.462078602794411,2.5856423952095806,0.2042724071583395,5.567350829971972,0.1886482532882521,5.110086834229698,3606.4453125,0.0378471620950541,0.0410082938195589,2706.8248356183617,1154.171124057646
105.mat,51,Inner Race,0,1797.0,12000,0.0123391213081649,0.2886608187305399,0.2889244229635895,1.5481692215568863,2.7873868263473054,0.205247969705121,5.664507209353389,0.1876825463800531,5.358388209888326,2616.2109375,0.0411166810282491,0.0418147885429927,2714.5838703812506,1158.0428618949788
105.mat,52,Inner Race,0,1797.0,12000,0.0121962370863741,0.2912561369669922,0.2915113814587732,1.5481692215568863,2.7873868263473054,0.2061494926065837,5.70857569842588,0.1986586993319027,5.310836282993757,2616.2109375,0.0458931597123227,0.0425638191293827,2713.326129958391,1172.560436940994
105.mat,53,Inner Race,0,1797.0,12000,0.0123844889322916,0.2945630604010461,0.2948232896481286,1.608432654690619,2.7714681836327344,0.2085560785070483,5.750854032937446,0.1941647551361318,5.455582076335563,3585.9375,0.0479140296499934,0.0435370748324392,2708.023551198024,1171.0767241340045
105.mat,54,Inner Race,0,1797.0,12000,0.0122550880952937,0.294774700856457,0.2950293399803435,1.608432654690619,2.792909620758484,0.2090523860384699,5.778792309842191,0.1619081704315842,5.451771863767114,2616.2109375,0.0435409266610297,0.0435962527745861,2727.381691413327,1165.7685174983928
105.mat,55,Inner Race,0,1797.0,12000,0.0120887269211576,0.2900047771579875,0.2902566245463285,1.4723120159680638,2.6567889820359283,0.2081476905758794,5.366262449650121,0.1634503611569252,5.072449313669548,2616.2109375,0.040965505843042,0.0421975261867811,2718.934248561941,1167.0037185714395
105.mat,56,Inner Race,0,1797.0,12000,0.0119684868544161,0.2915291408632887,0.2917747155770553,1.4373884630738525,2.6704335329341315,0.2095122884309506,5.252348096650247,0.188138191631601,4.926364027914713,3606.4453125,0.0385819356896608,0.0426378648302173,2709.5293013391206,1152.4039231126662
105.mat,57,Inner Race,0,1797.0,12000,0.0119617848190338,0.2926633575472415,0.2929077075579975,1.4373884630738525,2.690250618762475,0.2092279872968905,5.4937393761301205,0.1858530253714548,4.907308431920455,3606.4453125,0.0410162897005681,0.0429690053855807,2720.77544607294,1152.342345497857
106.mat,0,Inner Race,1,1772.0,12000,0.0056878469038485,0.2934839933449474,0.2935391046387154,1.5808186826347306,2.767569740518962,0.2088176561720309,5.420329917902034,0.1447960735338891,5.385376795300864,3539.0625,0.0636232507208621,0.0430987789294855,2726.463419061764,1161.952346136167
106.mat,1,Inner Race,1,1772.0,12000,0.0057374578284836,0.2941867552645142,0.294242698117382,1.5808186826347306,2.7276106986027946,0.2095380258330994,5.374295940827109,0.1588138038757028,5.372499276104707,3539.0625,0.063006379265646,0.0433058425586025,2720.6684522100422,1163.3409387632537
106.mat,2,Inner Race,1,1772.0,12000,0.0057387665099488,0.2943922142560909,0.2944481435765215,1.402464910179641,2.577845508982036,0.2096202348233221,5.366969047120883,0.1667838253238053,4.76302853583849,3539.0625,0.0582226491437018,0.0433663215061792,2720.421582557747,1156.3334295834773
106.mat,3,Inner Race,1,1772.0,12000,0.0057583967319267,0.2926073756243017,0.2926640316175929,1.402464910179641,2.577845508982036,0.2083541846482815,5.280755119124361,0.15793187932544,4.792064478945469,3539.0625,0.0566954799132712,0.042842699025281,2735.475476810239,1155.758650246053
106.mat,4,Inner Race,1,1772.0,12000,0.006060424551288,0.290791274693433,0.2908544209455538,1.3444755688622754,2.531876367265469,0.207213490294801,5.393520621466918,0.1732287700333407,4.622503465793813,3539.0625,0.0594891305460467,0.0423165130036818,2697.753031878888,1171.7913602008837
106.mat,5,Inner Race,1,1772.0,12000,0.0059529540430857,0.290642068243863,0.2907030262912814,1.4084750099800398,2.661499600798403,0.2077301418744542,5.407785936529444,0.1536443637411985,4.845064834546175,3539.0625,0.0649591910929141,0.0422718437648696,2686.698029239368,1168.858497806351
106.mat,6,Inner Race,1,1772.0,12000,0.0057397182782871,0.2901636045705547,0.2902203676231069,1.4107491017964071,2.6637736926147704,0.2073894484663485,5.309382921967643,0.1364195974108495,4.860958289559018,3539.0625,0.069225429143251,0.04213040469611,2672.64418442947,1182.315542879314
106.mat,7,Inner Race,1,1772.0,12000,0.0056693667352794,0.2895234609605089,0.2895789636104984,1.4107491017964071,2.7126666666666663,0.2053138003485217,5.479046463092309,0.1464024052422755,4.871725087371856,3539.0625,0.0671111877031553,0.0419440602550627,2691.629925100145,1180.8920441080777
106.mat,8,Inner Race,1,1772.0,12000,0.0059594974504116,0.2893055842759034,0.2893669585545028,1.5411845109780438,2.843102075848303,0.2051532687554578,5.612596427867127,0.1546677624761116,5.326055603158156,3539.0625,0.0636963074786052,0.0418843761670533,2705.91044371651,1161.6766305899816
106.mat,9,Inner Race,1,1772.0,12000,0.0060808082565338,0.289478491757928,0.2895423516853753,1.5411845109780438,2.7107174451097804,0.2050957264280033,5.636231243301417,0.1371130687954709,5.322829292526908,3539.0625,0.0620414229398611,0.0419358754099163,2701.530329712259,1171.3173622011295
106.mat,10,Inner Race,1,1772.0,12000,0.0059814277792072,0.2892161919504885,0.289278037819361,1.469225748502994,2.6387586826347307,0.204625711496928,5.541643047948927,0.0957376530933611,5.078939830960996,3539.0625,0.0645060808917483,0.0418587807888811,2699.181868028806,1174.3159676198427
106.mat,11,Inner Race,1,1772.0,12000,0.0060737493080245,0.2906026283702745,0.2906660937336321,1.469225748502994,2.6072462674650696,0.2061439406246101,5.3461525979554,0.1259740347140477,5.054685703553026,3539.0625,0.0614926854679188,0.0422618345039502,2712.149165258071,1156.710704764632
106.mat,12,Inner Race,1,1772.0,12000,0.0061467182139626,0.2937781580081114,0.2938424548417753,1.4086374451097805,2.6368094610778448,0.2084825147458988,5.407481745039847,0.1207219214266969,4.793852698611188,3539.0625,0.0532849984425994,0.0431905858847644,2740.088062033928,1155.438882186813
106.mat,13,Inner Race,1,1772.0,12000,0.0063089947156468,0.293152031198822,0.2932199120290387,1.4086374451097805,2.6368094610778448,0.2077142790688155,5.476714136841272,0.0948108758884378,4.804030651814252,3539.0625,0.0523975489285708,0.0430088604414883,2727.723604926653,1150.903303634329
106.mat,14,Inner Race,1,1772.0,12000,0.0061802283908745,0.2922237574408642,0.2922891028345403,1.409124750499002,2.6126066267465067,0.2066327133233533,5.562160650734355,0.1067906514984707,4.8209965299208655,3539.0625,0.0578277159329466,0.0427355579948517,2720.2763875857304,1155.3564687534638
106.mat,15,Inner Race,1,1772.0,12000,0.0060232262720652,0.2928804996604913,0.2929424283645228,1.4737739321357284,2.6772558083832334,0.2071624120606443,5.547524312256631,0.152174758245618,5.030933690157844,3539.0625,0.0538669508324661,0.0429257731085037,2733.5083976041924,1146.7765901210828
106.mat,16,Inner Race,1,1772.0,12000,0.0059603699047218,0.2917000800671004,0.2917609684665752,1.5767578043912174,2.735082714570858,0.2064049234343812,5.643942250708355,0.1774305525737128,5.404279443814138,3539.0625,0.0548824815761991,0.0425799965370387,2729.8087437853865,1159.0030694299128
106.mat,17,Inner Race,1,1772.0,12000,0.0060778736374906,0.2902324248985891,0.2902960575179561,1.5767578043912174,2.854797405189621,0.204942808981646,5.791979167526437,0.1282463664497784,5.431550872142616,3539.0625,0.063418520831519,0.0421543745471298,2710.648511634661,1173.3355760208108
106.mat,18,Inner Race,1,1772.0,12000,0.0060123205931886,0.295241217753563,0.2953024291459894,1.4809210778443114,2.7589606786427145,0.2073483637997442,5.72899163610025,0.120703817340274,5.014930226368659,3539.0625,0.0669770466700172,0.0436198380423188,2727.965282004777,1163.2479999194093
106.mat,19,Inner Race,1,1772.0,12000,0.0060598693530906,0.2947173337949145,0.2947796276131706,1.4809210778443114,2.71672754491018,0.2070769115382516,5.863588966300855,0.1422719291789801,5.023824372923335,3539.0625,0.0614194716001671,0.0434658755702931,2733.230793616479,1153.4439673534782
106.mat,20,Inner Race,1,1772.0,12000,0.0061534599063591,0.2908340726305639,0.2908991627208632,1.5047990419161676,2.770980878243513,0.2047734735314527,6.074459772135592,0.1462135579417662,5.172923248872052,3539.0625,0.057450170215821,0.0423300957941962,2733.9915797994468,1159.4953680301053
106.mat,21,Inner Race,1,1772.0,12000,0.0060918329064527,0.2895374062257045,0.2896014848581906,1.5047990419161676,2.770980878243513,0.2051141272825442,5.915338203366006,0.137381346023323,5.196102646549011,3539.0625,0.0578974141661546,0.0419530732671391,2733.0177272068227,1167.4318358936498
106.mat,22,Inner Race,1,1772.0,12000,0.0061585756611776,0.2865765677493183,0.2866427344921793,1.478646986027944,2.725336606786427,0.2039984565049588,5.672332237175072,0.1600258092199743,5.158501535535298,3539.0625,0.0605000661038848,0.0411009963280098,2727.09151571154,1169.2254901615936
106.mat,23,Inner Race,1,1772.0,12000,0.0059661598287799,0.2906889345155031,0.2907501534184651,1.478646986027944,2.7761788023952096,0.2053138003485217,5.884572355553685,0.1537707244481892,5.085627534991483,3539.0625,0.0577106381622853,0.0422856274972309,2738.1911528583964,1169.2327212256996
106.mat,24,Inner Race,1,1772.0,12000,0.0058718554492577,0.2953601985986349,0.2954185600172102,1.5788694610778442,2.892482355289421,0.2090149101601484,5.780079543307608,0.1106004064147036,5.344516813655391,3539.0625,0.0506578248393034,0.0436533028783068,2719.865691785136,1155.9933754167507
106.mat,25,Inner Race,1,1772.0,12000,0.0062665617105632,0.2932464261230204,0.293313375469985,1.5788694610778442,2.892482355289421,0.2086781824534524,5.527062300897835,0.1094422613864268,5.382875767421017,3539.0625,0.053497954059745,0.0430360032427809,2723.570794141792,1148.0167369892563
106.mat,26,Inner Race,1,1772.0,12000,0.00643157454622,0.2920182888675101,0.2920891065826525,1.5579153293413173,2.855609580838323,0.2065403124805077,5.738617163701702,0.1044635142775172,5.3336988413173625,3539.0625,0.0617887067550039,0.0426787155217884,2736.8004143056696,1177.3004162731647
106.mat,27,Inner Race,1,1772.0,12000,0.0064168617939901,0.29415160348446,0.2942215864748236,1.5579153293413173,2.855609580838323,0.2078974944739427,5.710038134755895,0.1090416193389099,5.295040884006065,3539.0625,0.0582205756097708,0.0433037596253354,2726.7854845089128,1162.9268597413973
106.mat,28,Inner Race,1,1772.0,12000,0.0063664577290731,0.2932475681051273,0.2933166684380336,1.455093892215569,2.7523008383233534,0.2075562458676397,5.548915312302525,0.1267171862617424,4.96082919516377,3539.0625,0.0489421965596237,0.0430376106255248,2735.865293959688,1167.7404767971504
106.mat,29,Inner Race,1,1772.0,12000,0.0062169904429422,0.2944425849310463,0.2945082117548576,1.4719871457085827,2.798919720558882,0.2073916296021238,5.703389720130778,0.1140117429610288,4.998119193137587,3539.0625,0.0480390524348951,0.0433868712585912,2726.791415960199,1160.6153863509387
106.mat,30,Inner Race,1,1772.0,12000,0.006506129732722,0.2955799746647727,0.2956515705132084,1.5127583632734531,2.843589381237525,0.2082845072745134,5.762007017313624,0.1186642860948208,5.116693142023643,2841.796875,0.0462521226402866,0.0437260907129616,2709.050978413612,1156.6853087818563
106.mat,31,Inner Race,1,1772.0,12000,0.0063122069337886,0.2979602186882308,0.2980270723895957,1.5143827145708584,2.8452137325349303,0.2103420717939121,5.60709591080215,0.1285825107917304,5.081359563842517,3539.0625,0.0480284262478155,0.0444299946136562,2740.485307936008,1158.432685151539
106.mat,32,Inner Race,1,1772.0,12000,0.0058522648842939,0.2985004149855499,0.2985577779104431,1.5143827145708584,2.7151031936127747,0.2118767189254304,5.305354680262644,0.1404071988056847,5.072327122641971,3539.0625,0.053664518766961,0.0445854985992226,2712.576641129103,1161.224452329138
106.mat,33,Inner Race,1,1772.0,12000,0.0059603302477077,0.2964261894419975,0.2964861064599229,1.4869311776447105,2.746940479041916,0.2104937598728324,5.413993590276557,0.1225795761534142,5.015179953620202,3539.0625,0.0523623113478177,0.043969772680869,2738.4321185635013,1154.6520852643298
106.mat,34,Inner Race,1,1772.0,12000,0.0059172627303985,0.2926860322368462,0.2927458410716859,1.494890499001996,2.7548998003992016,0.2051337971615363,5.873923096837636,0.1238723067996857,5.10644487221233,3539.0625,0.0566367443289315,0.0428675707318414,2727.3224413103367,1155.2847253571197
106.mat,35,Inner Race,1,1772.0,12000,0.0057437236367109,0.2911583366306973,0.2912149847634379,1.494890499001996,2.739306027944112,0.2048247897076939,5.765322046738875,0.163270178516724,5.133288385610848,3539.0625,0.0597500016147702,0.0424195790202183,2708.552672042048,1164.1592475555371
106.mat,36,Inner Race,1,1772.0,12000,0.0057463806566554,0.2928960434247048,0.2929524076441389,1.4559060678642717,2.700321596806387,0.2083353475665855,5.393857335495274,0.1373890815608469,4.969769934892698,3539.0625,0.0646345333693438,0.0429270675671439,2695.5681072758,1169.7886616987932
106.mat,37,Inner Race,1,1772.0,12000,0.0056522745622037,0.293887958690063,0.2939423080652711,1.4822205588822357,2.631936407185629,0.2094342830842221,5.31019951386427,0.1362395137978329,5.042556032978765,3539.0625,0.0607136438914228,0.0432170187002905,2741.2935803362943,1161.193511159354
106.mat,38,Inner Race,1,1772.0,12000,0.0053812585278661,0.292961701039552,0.293011119617211,1.4822205588822357,2.6322612774451097,0.2082345790937655,5.367259155862405,0.1459154156808082,5.058581260733738,3539.0625,0.0573666902535631,0.0429422384827713,2731.393973479499,1158.740461529104
106.mat,39,Inner Race,1,1772.0,12000,0.005463546832117,0.2902496838073397,0.2903011010903118,1.3477242714570858,2.5667999201596805,0.2064859030571669,5.297342276262573,0.1267842930547173,4.6425048558042254,3539.0625,0.0582094885710907,0.0421522927663925,2720.183590732221,1167.13984138435
106.mat,40,Inner Race,1,1772.0,12000,0.0056424396227077,0.291639344886019,0.2916939228205522,1.331480758483034,2.5505564071856286,0.2082540903447012,5.118341631606034,0.0991463235216347,4.564650321159246,3539.0625,0.0614045271260125,0.0425585914533102,2714.6543817855286,1162.1611690710847
106.mat,41,Inner Race,1,1772.0,12000,0.005717946577548,0.2919032691542893,0.2919592667753931,1.438525508982036,2.666372654690619,0.2078047763749844,5.356104779744941,0.1133781574790172,4.927144546121587,3539.0625,0.0647565403961638,0.0426364551939596,2713.6057514853883,1164.1856005703255
106.mat,42,Inner Race,1,1772.0,12000,0.005638910148453,0.2915438525765003,0.291598380110059,1.480758642714571,2.80135624750499,0.2069118193885666,5.640631160849145,0.1265763105655508,5.078075681201256,3539.0625,0.067194703994884,0.0425307084935142,2713.6330186682108,1168.3659291768377
106.mat,43,Inner Race,1,1772.0,12000,0.0056337547366205,0.290027046328545,0.2900817588103264,1.480758642714571,2.80135624750499,0.2072009190213323,5.339259788887828,0.0947386591858454,5.104625153913188,3539.0625,0.0599283300899816,0.0420895854961101,2720.789742815489,1163.1945003896562
106.mat,44,Inner Race,1,1772.0,12000,0.0055732381331087,0.2923172182690773,0.2923703423397451,1.3448004391217565,2.5148206786427147,0.2099429636040419,5.023965012195324,0.1103715904845399,4.599647243149748,3539.0625,0.0583814899678154,0.0427557396685089,2712.8906215394427,1158.6783926086632
106.mat,45,Inner Race,1,1772.0,12000,0.0054056079345215,0.2957324199603041,0.2957818196115498,1.3977542914171657,2.5486071856287422,0.2119681283429235,5.061523523043656,0.129813506371592,4.725626116077168,3539.0625,0.0570162618473683,0.0437580548848403,2728.7276135351103,1164.7213534858436
106.mat,46,Inner Race,1,1772.0,12000,0.0053891106166573,0.2925838371682134,0.2926334640558291,1.476372894211577,2.7698438323353294,0.2078149285705931,5.538395813288824,0.1168423072446354,5.045126670577608,3539.0625,0.0482530250674261,0.0428316943944871,2725.092915684035,1155.5041456972515
106.mat,47,Inner Race,1,1772.0,12000,0.0054222242234281,0.291988109369427,0.2920384504284694,1.476372894211577,2.7698438323353294,0.2058640017621008,5.79582510408465,0.1159995936875922,5.055405861952391,3539.0625,0.0561659611711691,0.0426579294909441,2723.0808317911687,1160.550622206387
106.mat,48,Inner Race,1,1772.0,12000,0.0053623024751278,0.2912991578594174,0.2913485089329283,1.5069106986027945,2.775041756487026,0.2048535806999283,5.82845239303581,0.1246585093528487,5.172192931832379,3539.0625,0.0654243456535317,0.0424563541187088,2692.1483499158503,1166.02229306007
106.mat,49,Inner Race,1,1772.0,12000,0.0052768416097492,0.2930829509843914,0.2931304508492653,1.5069106986027945,2.909862914171657,0.2067648504943238,5.841028346339212,0.1189722417628239,5.140751137375638,3539.0625,0.064279501952201,0.0429766532032804,2704.1412414895503,1160.528850715704
106.mat,50,Inner Race,1,1772.0,12000,0.0052745415029316,0.2940246521739033,0.2940719586666688,1.499601117764471,2.902553333333333,0.2100027663812999,5.448667255668649,0.1190585148564743,5.099435949499258,3539.0625,0.0598342527170371,0.0432530695229145,2720.402099757337,1165.1503768562625
106.mat,51,Inner Race,1,1772.0,12000,0.0051690538454341,0.2931575061674754,0.2932030738924651,1.4102617964071855,2.6498042714570857,0.2091735382165357,5.286486441211324,0.1570833151839706,4.809846560218573,3539.0625,0.0556882221278553,0.0429973825419237,2729.371075782329,1166.5934507750192
106.mat,52,Inner Race,1,1772.0,12000,0.0051810302636913,0.2957584115680268,0.2958037881566692,1.386871137724551,2.7423922954091817,0.2105520160265406,5.394206597361377,0.132317626198269,4.688483357048862,3539.0625,0.0443616445373109,0.0437633703562852,2756.834151833548,1159.9215020637353
106.mat,53,Inner Race,1,1772.0,12000,0.0050231160335578,0.2982219218484529,0.2982642224030085,1.5419966866267465,2.897517844311377,0.2118951197799713,5.535959907272309,0.1129805207145048,5.169901620125367,2841.796875,0.043464962498084,0.044493389342277,2736.3596816482614,1142.964222292579
106.mat,54,Inner Race,1,1772.0,12000,0.0051320935082959,0.2964338238649255,0.2964782459388203,1.5419966866267465,2.707143872255489,0.210752918459955,5.363857497387234,0.1336165879579247,5.201044959450229,3539.0625,0.0532447214931243,0.0439628524822064,2748.708141442775,1159.144804633718
106.mat,55,Inner Race,1,1772.0,12000,0.0053405307743887,0.2944408698412297,0.2944892987899767,1.426342874251497,2.7190016367265466,0.2088404192981225,5.501759438838361,0.1155215572063608,4.84344551775626,3539.0625,0.0576050804590806,0.0433762352654854,2730.9562014893063,1157.5322007643108
106.mat,56,Inner Race,1,1772.0,12000,0.005298454682432,0.2940482571220151,0.2940959896675174,1.5361490219560878,2.8288077844311377,0.2076912780006393,5.744509526158015,0.1114510659597336,5.223291292386343,3539.0625,0.0617767953126065,0.0432602623840129,2717.8626112740294,1158.0940032285546
106.mat,57,Inner Race,1,1772.0,12000,0.0056235628839976,0.2934692611050247,0.2935231365208532,1.5361490219560878,2.7817015968063874,0.2068609394394804,5.6627628001296255,0.138108772039109,5.2334853060108015,3539.0625,0.0675846316526375,0.0430937477955937,2748.26275121085,1204.9737736181348
107.mat,0,Inner Race,2,1748.0,12000,0.0043941557899825,0.3011823976397943,0.3012144506048171,1.4511954491017964,2.682616167664671,0.2162790440603168,5.513405191975356,0.0846244052476886,4.817814836532244,2862.3046875,0.0643219221518586,0.0453747332625035,2720.436675874778,1165.2641116056
107.mat,1,Inner Race,2,1748.0,12000,0.0042278739298746,0.3010761673374737,0.3011058509172304,1.5281897005988023,2.748402395209581,0.2166064920257142,5.563424897646303,0.0899877650013251,5.075257408461583,2862.3046875,0.0610391068089886,0.0453413112879424,2740.0696110002336,1156.4028973075433
107.mat,2,Inner Race,2,1748.0,12000,0.0043340754136258,0.299240827351433,0.2992722121475049,1.5281897005988023,2.7677321756487028,0.2151873261192458,5.57717271240108,0.0876280832778079,5.106353475429221,2862.3046875,0.0584933930513579,0.0447913225224557,2720.8699338439046,1140.2735936479594
107.mat,3,Inner Race,2,1748.0,12000,0.0044317506393463,0.2956972820687464,0.2957304905426107,1.4113988423153694,2.6509413173652696,0.2121418657216816,5.398731594083929,0.0657625600560965,4.772584794099904,2862.3046875,0.0622540260787088,0.0437380842334134,2720.0120597865307,1148.6227026779122
107.mat,4,Inner Race,2,1748.0,12000,0.0043908246007984,0.2949151755903503,0.2949478600264158,1.4526573652694612,2.6174796806387226,0.211050742635822,5.449733659530825,0.0777350965946966,4.925132751054236,2862.3046875,0.0625316773168537,0.0435067603135977,2716.9305115637007,1147.4124469433093
107.mat,5,Inner Race,2,1748.0,12000,0.0045173304757672,0.2962490926850837,0.2962835317586225,1.5376109381237524,2.8346554491017963,0.2115387618512973,5.700568126563752,0.094261027535245,5.189660488374425,2862.3046875,0.0583356452218964,0.0439021688477407,2707.82561703934,1148.4979716630069
107.mat,6,Inner Race,2,1748.0,12000,0.0043345909548091,0.2958173434028611,0.2958490989282741,1.5376109381237524,2.8928072255489017,0.2111307704902694,5.84035137069626,0.0737807677538311,5.197281126404687,2862.3046875,0.0596217847947532,0.0437727475501977,2720.323260341609,1164.509776845219
107.mat,7,Inner Race,2,1748.0,12000,0.0045941064550586,0.2967773402863912,0.2968128964879808,1.4001908183632734,2.755387105788423,0.2114772934794473,5.764783848589161,0.104753013511165,4.717419070838698,2862.3046875,0.0580064676699556,0.0440595127880758,2730.449342232382,1161.6276915449396
107.mat,8,Inner Race,2,1748.0,12000,0.0043924901953904,0.2968136277538886,0.2968461278011565,1.5244536926147705,2.77325497005988,0.212385756358377,5.473686012291041,0.0810699510956685,5.135501358589159,2862.3046875,0.0610707546701639,0.0440684610528494,2705.731451678678,1158.319481026811
107.mat,9,Inner Race,2,1748.0,12000,0.0044057752951128,0.2934595914476373,0.2934926620352973,1.5244536926147705,2.74499125748503,0.2116584863768556,5.346494349164513,0.0744499251022123,5.194179922738341,2862.3046875,0.0630603815735801,0.0430786965546476,2710.9438485051305,1196.6053577788052
107.mat,10,Inner Race,2,1748.0,12000,0.0048587377101266,0.2925642503142571,0.2926045930843859,1.3712773652694612,2.570211057884232,0.2112966557802363,5.339253228849684,0.0980343708760434,4.686451948052609,2862.3046875,0.0644508900765239,0.0428205277646515,2679.441077175104,1168.130781912667
107.mat,11,Inner Race,2,1748.0,12000,0.004531210430701,0.2979392597633697,0.2979737142371991,1.4653273053892215,2.664260998003992,0.2141347099940743,5.3240261874123895,0.0941061564453361,4.917639494276875,2862.3046875,0.0621050020704689,0.0444044362049045,2738.644486297579,1149.1776507179547
107.mat,12,Inner Race,2,1748.0,12000,0.0047159724593781,0.3042625015992574,0.304299047444575,1.5275399600798405,2.91717249500998,0.2175623846935036,5.5276017595855125,0.096374436508955,5.01986441596754,2862.3046875,0.0563849332722435,0.0463100760029619,2751.0835667993083,1132.9794356279983
107.mat,13,Inner Race,2,1748.0,12000,0.0047517430860934,0.3073034230749399,0.307340158287087,1.6396201996007984,3.029252734530938,0.2190404016088916,5.807277858301292,0.1081684603684813,5.334871331943631,2862.3046875,0.0545684631032485,0.0472402777507674,2753.07392385537,1134.1150728010869
107.mat,14,Inner Race,2,1748.0,12000,0.0046823829684381,0.3025812415463831,0.3026174688381584,1.6396201996007984,2.8802997205588823,0.2156579359055326,5.732759165194641,0.1094032532259279,5.418128060801661,2862.3046875,0.0561521668494815,0.0457996288843201,2734.630835870554,1137.7932329779012
107.mat,15,Inner Race,2,1748.0,12000,0.0047184311942521,0.2964976472744015,0.2965351891971512,1.5142202794411177,2.7524632734530936,0.2123950757566897,5.51061726846625,0.0793349824790038,5.106376358032803,2862.3046875,0.0596005536426262,0.0439776958527653,2712.950071172042,1168.804854224284
107.mat,16,Inner Race,2,1748.0,12000,0.0049405897872224,0.2941179017230781,0.2941593947869621,1.4468097005988023,2.6728700598802395,0.2105036741263566,5.455345333493512,0.0838999751082448,4.918454845362391,2862.3046875,0.05903270134477,0.0432770805700785,2684.654357232069,1162.2921305462185
107.mat,17,Inner Race,2,1748.0,12000,0.0051414525636227,0.2956905045742058,0.2957352008635638,1.502687385229541,2.6959358483033933,0.2111814521542852,5.369993674743803,0.0795313775863362,5.08119216394128,2862.3046875,0.0589525299185544,0.0437428718230152,2701.40663142117,1153.2042360288533
107.mat,18,Inner Race,2,1748.0,12000,0.005137050635058,0.2970311975559269,0.2970756159814117,1.502687385229541,2.6861897405189623,0.2110723557085048,5.523154782989407,0.0987442039638771,5.058265654908431,2862.3046875,0.0603611917619806,0.0441401560630813,2692.0151846535987,1161.8464966128315
107.mat,19,Inner Race,2,1748.0,12000,0.0050266851648265,0.2956627153407318,0.295705442639125,1.5889404391217563,2.781051856287425,0.2101219753656749,5.671804528693697,0.091959943939292,5.373389224563168,2862.3046875,0.062444229191415,0.0437334881867374,2687.604605964128,1152.2925426420995
107.mat,20,Inner Race,2,1748.0,12000,0.0048856251656842,0.2974622421583837,0.2975023610715593,1.5889404391217563,2.887446866267465,0.2111603149657716,5.833500276116041,0.1058202352224541,5.340933878301433,2862.3046875,0.0617436836051957,0.0442657651865601,2735.36902408896,1153.3580418083602
107.mat,21,Inner Race,2,1748.0,12000,0.0047576519811938,0.2970885096148907,0.2971266023054334,1.5852044311377245,2.883710858283433,0.2116533706220371,5.707094384323433,0.1089168201101869,5.335114455716767,2862.3046875,0.0617155055994108,0.0441534447632151,2725.978977918458,1185.8640920357802
107.mat,22,Inner Race,2,1748.0,12000,0.0048041696587294,0.2964101498717294,0.2964490799329473,1.3841097405189622,2.6244643912175647,0.2117644499185223,5.470170556665713,0.0826784781423324,4.668962847960361,2862.3046875,0.0643162036955645,0.0439525755919376,2704.871522091961,1173.6594187711394
107.mat,23,Inner Race,2,1748.0,12000,0.0047929070667259,0.2973514301558959,0.2973900552706948,1.2872984031936128,2.517582075848304,0.2119144327458364,5.503382224179553,0.0878690951438091,4.328653162332106,2862.3046875,0.0623068345339741,0.0442319211546281,2731.535673901684,1179.0254015153437
107.mat,24,Inner Race,2,1748.0,12000,0.0045170132196544,0.301532838344026,0.3015666692594377,1.4983016367265467,2.821335768463074,0.2150112093196419,5.513922677854766,0.0682667503735683,4.968392695406131,2862.3046875,0.0541648949422453,0.0454814305425562,2734.063962901857,1145.4062321419888
107.mat,25,Inner Race,2,1748.0,12000,0.0046539885463448,0.3043117222939244,0.3043473080789184,1.5626259481037923,2.88566007984032,0.2161240644492265,5.619348617654952,0.0910020729951997,5.134351139713703,2862.3046875,0.0522987551633771,0.0463244725181181,2747.3377886501617,1126.9787340550845
107.mat,26,Inner Race,2,1748.0,12000,0.004532003570983,0.306692258283454,0.306725741253277,1.5626259481037923,2.848949740518962,0.217231129654753,5.704227267332585,0.0892948578627586,5.094538012098121,2862.3046875,0.0528328086528407,0.0470506097420329,2751.491052351528,1125.246813976591
107.mat,27,Inner Race,2,1748.0,12000,0.0045184012151478,0.305992663912391,0.3060260222885343,1.5216922954091816,2.868929261477046,0.2163607771663703,5.761016030593726,0.0781341062479749,4.972427782544797,2862.3046875,0.0546733998707405,0.0468361804876213,2760.0291452088427,1151.0235178207188
107.mat,28,Inner Race,2,1748.0,12000,0.0045924012034524,0.3045462978973807,0.3045809214507921,1.4057136127744512,2.752950578842316,0.2162044492168007,5.592626582370691,0.073740675376921,4.615238558208766,2862.3046875,0.0553836468931947,0.0463953167243543,2738.369056190256,1142.2817978136247
107.mat,29,Inner Race,2,1748.0,12000,0.0045286723817989,0.3019595843229254,0.3019935420468715,1.3712773652694612,2.685864870259481,0.2162220965880738,5.346452165707864,0.0822491465813476,4.540750626570118,2862.3046875,0.058187086161199,0.0456103074732784,2732.622189018903,1147.0443647758868
107.mat,30,Inner Race,2,1748.0,12000,0.0042814505559194,0.2971361445130931,0.2971669887369197,1.4742612375249502,2.78884874251497,0.2130890338463697,5.405016646961856,0.0902372111221824,4.961053190299363,2862.3046875,0.0629843004736943,0.0441632771012708,2698.8930535906,1174.573085912927
107.mat,31,Inner Race,2,1748.0,12000,0.0043923712243481,0.2996542184342052,0.2996864086847898,1.4742612375249502,2.7394684630738526,0.2152970967342658,5.503442005820818,0.0707420864875582,4.919346339378301,2862.3046875,0.0626872996940167,0.044915619647524,2696.6896316370758,1163.720279923991
107.mat,32,Inner Race,2,1748.0,12000,0.0046635855437562,0.2977140301105038,0.2977505545834666,1.425693133732535,2.675469021956088,0.2142036338845746,5.505545102231411,0.0744577989699916,4.788213193177711,2862.3046875,0.0577981342543987,0.044338571173641,2703.399098146411,1156.3420010384225
107.mat,33,Inner Race,2,1748.0,12000,0.004587325105648,0.2964651888406043,0.2965006774796984,1.425693133732535,2.675469021956088,0.2123692986975268,5.541454700310605,0.0803850365318938,4.80839755865365,2862.3046875,0.0573733360513929,0.0439668477135425,2691.459023566944,1165.6272487474207
107.mat,34,Inner Race,2,1748.0,12000,0.0046511332413298,0.3004559296100916,0.3004919278088729,1.4268301796407186,2.713316407185629,0.2151511192653755,5.519986849922377,0.1072820452524216,4.748314505633742,2862.3046875,0.0577496045496822,0.0451585158854074,2693.6830985732718,1156.848691435929
107.mat,35,Inner Race,2,1748.0,12000,0.004601244717596,0.300084518074018,0.3001197918176454,1.4268301796407186,2.733620798403193,0.2145219210797155,5.4971157048584285,0.0920298431358645,4.75420221705228,2862.3046875,0.060416393929084,0.0450465305639704,2704.819760225359,1151.706372401001
107.mat,36,Inner Race,2,1748.0,12000,0.0045842715155626,0.3015208102499671,0.301555657481542,1.365267265469062,2.676606067864271,0.2150141439386851,5.532119781378022,0.1087578196709829,4.52741386738078,2862.3046875,0.0560980105337603,0.045478416280882,2724.38692618002,1150.4702002961128
107.mat,37,Inner Race,2,1748.0,12000,0.0044634762506237,0.3026476167827008,0.3026805288823324,1.473936367265469,2.785275169660679,0.2151500088689807,5.671338040166062,0.1208501088710492,4.869610783052598,2862.3046875,0.0594278016558355,0.0458177136071319,2733.3846946067947,1150.201492274363
107.mat,38,Inner Race,2,1748.0,12000,0.0045398953167882,0.2998386290815407,0.2998729966819039,1.473936367265469,2.7610723353293416,0.212207180823899,5.773334778167072,0.105031581328959,4.915202047448692,2862.3046875,0.060060366026658,0.044972213479876,2735.847731004014,1146.5734701296883
107.mat,39,Inner Race,2,1748.0,12000,0.0046691771827438,0.2976882822862866,0.2977248975583395,1.4687384431137724,2.670595968063872,0.2119755045475455,5.486290553984521,0.1065835199670654,4.933206645325898,2862.3046875,0.0616750126352914,0.0443309589409783,2727.9362462072118,1143.3162439208484
107.mat,40,Inner Race,2,1748.0,12000,0.0047782736285242,0.2965527562524899,0.2965912492637261,1.362830738522954,2.6023732135728546,0.212166611698478,5.32254403645994,0.067545604642078,4.594979595339099,2862.3046875,0.0616142663386298,0.0439946011450053,2694.435941442536,1160.5193389953909
107.mat,41,Inner Race,2,1748.0,12000,0.0047211278712107,0.2998085791646528,0.2998457489928851,1.3405771257485029,2.621053253493014,0.2132272385404971,5.520493328183911,0.0703891065313274,4.470889216376094,2862.3046875,0.0614810533248042,0.0449648865784715,2715.000178021561,1171.93451374577
107.mat,42,Inner Race,2,1748.0,12000,0.0049041846482815,0.3007261722575763,0.300766157849845,1.3431760878243515,2.623652215568862,0.2136051698848397,5.569520732519285,0.0857729110436823,4.465848476526142,2862.3046875,0.0574565150565448,0.0452421664367733,2728.4302312714567,1140.3569995406233
107.mat,43,Inner Race,2,1748.0,12000,0.0046788931511976,0.296285115522014,0.2963220574324725,1.413510499001996,2.701458642714571,0.2112056429328842,5.643110691930311,0.094605068479276,4.770183196112948,2862.3046875,0.0563638266548331,0.0439143310625335,2730.391314769706,1155.8077486610723
107.mat,44,Inner Race,2,1748.0,12000,0.0043825362848521,0.2971097104432311,0.2971420311298094,1.5075604391217563,2.795508582834332,0.2115649751376153,5.675593572586503,0.1073567930047122,5.073534812256714,2862.3046875,0.0557155872856586,0.0441562968625076,2713.904264475404,1151.6388081126186
107.mat,45,Inner Race,2,1748.0,12000,0.0046236112735466,0.3019390246627344,0.3019744234127987,1.5075604391217563,2.7224127744510978,0.2151972800297841,5.434278747090393,0.100226865301472,4.992344788952286,2862.3046875,0.0560515734807374,0.0456049651060431,2733.9023998681287,1131.8077292307485
107.mat,46,Inner Race,2,1748.0,12000,0.0045571064609063,0.3038979659918263,0.3039321321500332,1.4750734131736527,2.8099653093812376,0.2165600933192209,5.588716222536344,0.0908221498664412,4.853298671446481,2862.3046875,0.0582820471990872,0.0461977542743109,2739.917177133785,1127.6573651257386
107.mat,47,Inner Race,2,1748.0,12000,0.0045237945690649,0.3033402049950181,0.3033739354059981,1.4750734131736527,2.8099653093812376,0.215053444039655,5.818042625981977,0.0730457544017723,4.862228560273634,2862.3046875,0.0601311690981554,0.0460281063378673,2739.136102265428,1138.6730501641975
107.mat,48,Inner Race,2,1748.0,12000,0.0044508256631268,0.3023325520559089,0.302365311968358,1.4286169660678645,2.696098283433134,0.2150975426393307,5.529415835114923,0.084338301069948,4.7248044319890985,2862.3046875,0.0602183143537097,0.0457222961475423,2718.883171813155,1146.072839813566
107.mat,49,Inner Race,2,1748.0,12000,0.0044963915723241,0.302811090924305,0.3028444721700222,1.3433385229540915,2.628037964071856,0.2150219167134481,5.513681040053483,0.0942886999903347,4.435737305450693,2862.3046875,0.0573088824885459,0.0458674979285149,2728.0811886659217,1151.6963191913333
107.mat,50,Inner Race,2,1748.0,12000,0.0040462448053112,0.3013875048944528,0.3014146648780187,1.3433385229540915,2.628037964071856,0.2138461259024918,5.762229511141467,0.098825894397142,4.456778914515441,2862.3046875,0.0577167846847312,0.0454335863508126,2714.4906292848755,1147.961637768463
107.mat,51,Inner Race,2,1748.0,12000,0.0039428589695608,0.3013816021936623,0.3014073925398526,1.4931037125748503,2.777315848303393,0.2141617560776883,5.879974843241985,0.1117122314514076,4.953772699445086,2862.3046875,0.0602262489315459,0.0454309818670461,2715.391668709397,1157.3235938706696
107.mat,52,Inner Race,2,1748.0,12000,0.0042932683461202,0.3022371930720224,0.3022676843943904,1.4931037125748503,2.777315848303393,0.2154215007874875,5.595400202294706,0.1098437684652348,4.939673639166436,2862.3046875,0.0605938711236982,0.0456920952417875,2742.680289524276,1152.811034847808
107.mat,53,Inner Race,2,1748.0,12000,0.0043440689811782,0.3019042778260056,0.3019355293849255,1.3633180439121757,2.598312335329341,0.2162009593995602,5.178806444067459,0.0923545454778046,4.51526207163959,2862.3046875,0.0581318693755949,0.0455919684082805,2727.182262665879,1152.8568304439043
107.mat,54,Inner Race,2,1748.0,12000,0.0043041343679827,0.2998393007054662,0.2998701916166404,1.3288817964071855,2.5468203992015965,0.2142082340982098,5.21120543934589,0.0773784227747844,4.431523484355031,2862.3046875,0.059715468052019,0.0449703300582557,2726.685509565183,1151.9756624222732
107.mat,55,Inner Race,2,1748.0,12000,0.0042405245173715,0.299488708391435,0.2995187281325701,1.504961477045908,2.736707065868264,0.2124339792875187,5.612065493047524,0.1001785277498852,5.024598917166196,2862.3046875,0.0613059915094307,0.044864728789315,2730.6843009592462,1160.2666597397824
107.mat,56,Inner Race,2,1748.0,12000,0.0041507806944704,0.2990750778520054,0.2991038802365437,1.504961477045908,2.736707065868264,0.212342331927941,5.559084421442543,0.087781155462159,5.031567881552464,2862.3046875,0.0641612045974856,0.0447401827822786,2734.091233506695,1160.5829932205393
107.mat,57,Inner Race,2,1748.0,12000,0.0041957517484562,0.2969832516380046,0.2970128887543721,1.4255306986027942,2.832381357285429,0.2114033331481568,5.5729810241216935,0.0862714169022352,4.799558378026146,2862.3046875,0.0619057741638833,0.04411713344671,2741.504208299384,1153.4248557893989
108.mat,0,Inner Race,3,1721.0,12000,0.0045659103180358,0.3224057528301845,0.3224380824205329,1.5354992814371258,3.0370496207584834,0.2309386955483564,5.289069717607749,-0.0047550607874847,4.762152379489975,3609.375,0.0591273144332018,0.0519935824067302,2730.1039263754865,1135.6535512368528
108.mat,1,Inner Race,3,1721.0,12000,0.0048796369565556,0.316550067943956,0.3165876756479174,1.41789624750499,2.7626966866267466,0.225801089715101,5.233890788612613,-0.0012034314346915,4.478684284229235,3550.78125,0.0473429037038416,0.0501257905320395,2746.9696959939743,1161.4117734160352
108.mat,2,Inner Race,3,1721.0,12000,0.0045509596237213,0.3092615581826234,0.3092950413489374,1.396292375249501,2.699346986027944,0.2214979071154565,5.132723416944383,-0.021336931689207,4.514435049329632,3591.796875,0.0504078508659732,0.0478420670440831,2740.0520020013328,1150.7876578555538
108.mat,3,Inner Race,3,1721.0,12000,0.0042810539857784,0.3070702978865089,0.307100138826635,1.3222219560878246,2.588728662674651,0.2205961066148952,5.125066049266223,-0.0284813549841807,4.305507516667873,3591.796875,0.0589173035509821,0.0471644141482251,2712.7056736019103,1176.2838806680911
108.mat,4,Inner Race,3,1721.0,12000,0.0043298717701316,0.3060924916309482,0.3061231144856394,1.331155888223553,2.630312055888224,0.2206975889139689,5.157600465848228,-0.020898280401787,4.348433114762392,3591.796875,0.0601719102338798,0.0468650647025876,2717.07704013667,1187.9497212783206
108.mat,5,Inner Race,3,1721.0,12000,0.0045313294017433,0.3034429153931086,0.3034767468001731,1.331155888223553,2.56972375249501,0.2179049419812718,5.276347390493545,-0.0262326404764758,4.386352174455277,3591.796875,0.0585171019864174,0.0460593344103672,2702.043198659748,1165.0876415684927
108.mat,6,Inner Race,3,1721.0,12000,0.0047902897037955,0.3034733207970085,0.3035111255143876,1.3694905788423155,2.695448542914172,0.2169764919672374,5.28295699851251,-0.0306590496557302,4.512159402793939,3591.796875,0.0607049098290263,0.0460709767442272,2686.6149331822176,1183.863810522212
108.mat,7,Inner Race,3,1721.0,12000,0.0045699553334736,0.3059797996332333,0.3060139249696713,1.3694905788423155,2.695448542914172,0.2185095528181917,5.3633467392748,-0.0157225904554386,4.47525575503809,3591.796875,0.0625534044730307,0.0468327040798353,2724.3131205544,1161.8064502222765
108.mat,8,Inner Race,3,1721.0,12000,0.0044047045557322,0.3061860545174887,0.3062177352852213,1.398891337325349,2.7043824750499,0.2185901755278505,5.351796403883607,0.0031996812757609,4.568289736786066,3591.796875,0.057038870073644,0.0468943515335486,2719.383178752864,1164.9500628907758
108.mat,9,Inner Race,3,1721.0,12000,0.0044769199784025,0.307763453354059,0.3077960136728692,1.398891337325349,2.69496123752495,0.2207666714325255,5.27569726345448,0.0054463039192061,4.544865024834644,2507.8125,0.0527375131152435,0.0473792149788639,2717.5577996303723,1158.1913615425226
108.mat,10,Inner Race,3,1721.0,12000,0.0044550689636352,0.306357962481835,0.3063903536593347,1.3551962874251495,2.65126618762475,0.2212850282637849,5.119577176863055,-0.0028645022720213,4.423103636389112,3591.796875,0.0516700232019361,0.0469474482900143,2721.969198535679,1150.9800866674102
108.mat,11,Inner Race,3,1721.0,12000,0.0045343829918288,0.3073594848990533,0.3073929302806555,1.35211001996008,2.659063073852296,0.2215351847087076,5.055306483696852,0.0001108311186446,4.398637336016733,3591.796875,0.0574044263329553,0.0472554902973689,2713.522305163646,1171.2405917580118
108.mat,12,Inner Race,3,1721.0,12000,0.0045743969190525,0.3142036429477828,0.3142369398222157,1.483032734530938,2.823934730538922,0.2255262269503961,5.252183097631707,0.007275738700799,4.719472940927906,3591.796875,0.051501363317408,0.0493828905381084,2740.711640218383,1140.7016517516497
108.mat,13,Inner Race,3,1721.0,12000,0.0043621129225923,0.3166052847493654,0.3166353334048116,1.483032734530938,2.823934730538922,0.2277483284212824,5.234040626928994,0.0016880608808166,4.683724708116866,3591.796875,0.0484088948276209,0.0501384829032235,2737.061435209408,1142.1648364234793
108.mat,14,Inner Race,3,1721.0,12000,0.0043856295319517,0.3178211850200582,0.3178514423342226,1.4320281037924152,2.777640718562874,0.2273288761831805,5.215098352070166,-0.0048396476760679,4.505337755512305,2507.8125,0.0463439179542431,0.0505243866737837,2752.894697788818,1133.1671101251775
108.mat,15,Inner Race,3,1721.0,12000,0.0042818074690462,0.3164137257549047,0.3164426957938862,1.477672375249501,2.831081876247505,0.2259388185250592,5.291047613306744,-0.0347781701717923,4.6696365404875,3574.21875,0.0462632044844735,0.0500771625264206,2755.397099521932,1148.5130925513922
108.mat,16,Inner Race,3,1721.0,12000,0.0045333122524482,0.3153864148866523,0.3154189937448818,1.477672375249501,2.8997919361277447,0.2259293801557042,5.2951972776117975,-0.0061463381027789,4.684791989554936,3574.21875,0.0510033900847257,0.0497548463465244,2755.597885301011,1133.168017013954
108.mat,17,Inner Race,3,1721.0,12000,0.0049004568889564,0.3173859488133024,0.3174237782237505,1.4578552894211578,2.724199560878244,0.2272682009516124,5.146496053607939,-0.0027967196869268,4.5927727833720216,3574.21875,0.0538101176044761,0.0503909413931584,2759.617654807001,1164.6440559881569
108.mat,18,Inner Race,3,1721.0,12000,0.0046079070959643,0.3185542897238972,0.318587614808394,1.4578552894211578,2.724686866267465,0.2273301848646457,5.129040864641592,-0.0091679255081443,4.5759948650167885,2507.8125,0.0488696526089202,0.0507596511401299,2742.868401301233,1143.08173795493
108.mat,19,Inner Race,3,1721.0,12000,0.0046777034407747,0.3131508349831049,0.3131857697279614,1.4541192814371258,2.762209381237525,0.2233375166853792,5.212193151707014,0.0010796385822959,4.642992824036031,3591.796875,0.0491231836468158,0.0490536036982107,2717.57518493249,1153.246305800475
108.mat,20,Inner Race,3,1721.0,12000,0.0049570077910585,0.3100119897976875,0.3100516178712218,1.4541192814371258,2.762209381237525,0.2213356702707865,5.202675582745397,0.0021267003651086,4.6899264432836665,3688.4765625,0.0441782570281386,0.0480782888552808,2725.9919362333803,1156.71422823987
108.mat,21,Inner Race,3,1721.0,12000,0.0047611417984343,0.3116894320537722,0.3117257938080002,1.507073133732535,2.89816758483034,0.2218077077095808,5.325061290066947,-0.0203439739570489,4.834611583861358,2507.8125,0.0465243865242377,0.0485978197645783,2737.168112181298,1148.2839062334924
108.mat,22,Inner Race,3,1721.0,12000,0.0044689489185691,0.3093444880321692,0.3093767667106269,1.507073133732535,2.89816758483034,0.2206106210820546,5.273589448115721,-0.0299302749243963,4.871319684914038,3591.796875,0.0521920218368182,0.0478669819701678,2734.6482218822084,1163.1517129256993
108.mat,23,Inner Race,3,1721.0,12000,0.0046300753668444,0.311700852091313,0.3117352382910107,1.314912375249501,2.5830434331337324,0.2239088552874719,5.053615277798456,-0.0166368774830954,4.218042151596624,3591.796875,0.0549881317039644,0.0486001482528775,2726.7888549190407,1145.773777908273
108.mat,24,Inner Race,3,1721.0,12000,0.0046037431094841,0.3119139757399997,0.3119479487231023,1.4960275449101796,2.7919350099800395,0.2239955455202875,5.189281019069321,-0.0309003031803228,4.795760161379085,2507.8125,0.0512190449977049,0.0486663589168868,2725.083064429308,1151.1259815785852
108.mat,25,Inner Race,3,1721.0,12000,0.0046896402020178,0.3106654935291852,0.3107008876636122,1.4960275449101796,2.7919350099800395,0.2221836165462045,5.2853992339655,-0.0092595041620222,4.815008917933604,3591.796875,0.0517948849865211,0.0482785174953926,2734.4956279404896,1150.6725224613974
108.mat,26,Inner Race,3,1721.0,12000,0.0047629263640687,0.3099591856997936,0.3099957778216159,1.329369101796407,2.6332358882235534,0.2212209028719904,5.26424740858439,-0.0334035192470674,4.288345832120913,3436.5234375,0.0515667338905324,0.0480600341514156,2712.0957290632564,1167.85705446704
108.mat,27,Inner Race,3,1721.0,12000,0.0045074955362712,0.3121528130918358,0.3121853555776697,1.329369101796407,2.6332358882235534,0.2226251180841442,5.18231260707254,-0.0295331123767132,4.258268615247933,3436.5234375,0.0506222885691243,0.048740011308294,2756.51950305902,1168.4218598397454
108.mat,28,Inner Race,3,1721.0,12000,0.0044827495594748,0.3171209655681233,0.317152647547631,1.5091847904191618,2.9072639520958083,0.2255464916845995,5.28135447666612,-0.008947195655671,4.7585438812788325,3574.21875,0.0502446893109831,0.0503029488779725,2748.905955220179,1147.7306117164292
108.mat,29,Inner Race,3,1721.0,12000,0.0043766670467658,0.3167359416216002,0.3167661786386924,1.5091847904191618,2.9072639520958083,0.2250512945495727,5.392330871999237,-0.021501717087205,4.76434951769443,3574.21875,0.0435652619805972,0.0501799836933484,2727.9323821362304,1156.308633390669
108.mat,30,Inner Race,3,1721.0,12000,0.0048661535717627,0.3168534825919438,0.3168908469508502,1.4146475449101796,2.7942091017964072,0.2261346845176833,5.29535071115921,-0.0280288567272142,4.464147697928276,3436.5234375,0.0433394569277919,0.0502217444003259,2744.8025991472978,1138.593435944167
108.mat,31,Inner Race,3,1721.0,12000,0.0052966304597835,0.3166865467252038,0.3167308371014136,1.5075604391217563,2.887121996007984,0.2268341152753087,5.299301830343381,-0.0207205901609339,4.759752643343195,3591.796875,0.045307505244376,0.0501732435884175,2742.100657956855,1157.266131142213
108.mat,32,Inner Race,3,1721.0,12000,0.0049992425110716,0.3128565342433728,0.3128964740045167,1.5075604391217563,2.8302697005988025,0.2236155123541978,5.277860703242973,-0.0270968520261227,4.818080625286927,3591.796875,0.0520816481989328,0.0489645981132374,2726.242046687757,1150.7837018815087
108.mat,33,Inner Race,3,1721.0,12000,0.0049637494834549,0.3075184530413828,0.3075585111322717,1.431703233532934,2.7076311776447106,0.2192274240873721,5.284340988717895,-0.0018010121269054,4.655059709653756,3436.5234375,0.052565935950097,0.0473084409199118,2721.385527604357,1167.7499281534958
108.mat,34,Inner Race,3,1721.0,12000,0.0050343786255613,0.308683630460064,0.3087246810382202,1.431703233532934,2.759772854291417,0.2202979651829154,5.338316813766483,0.009704640752426,4.637475788194882,3591.796875,0.0584313173852504,0.0476681370561463,2715.65489646817,1162.3771738343958
108.mat,35,Inner Race,3,1721.0,12000,0.0050045565509605,0.3115621359127727,0.3116023268860501,1.3758255489021958,2.7038951696606786,0.2213972576136789,5.3525780872791175,-0.0073162928396033,4.415325015866527,3591.796875,0.0579063095834598,0.0485605300729005,2744.693891733023,1158.5952140375605
108.mat,36,Inner Race,3,1721.0,12000,0.005044491164156,0.3105661506242517,0.3106071164746078,1.4848195209580837,2.808990698602794,0.2212745984690775,5.328487580590446,0.0229746858274982,4.780378304949325,2507.8125,0.0529731687592265,0.0482511139361348,2749.2047646419546,1147.229393873314
108.mat,37,Inner Race,3,1721.0,12000,0.0047971900242483,0.3142697791930274,0.3143063905588987,1.4848195209580837,2.808990698602794,0.225097693256066,5.321837608945431,0.0213942547579874,4.724114957757561,2507.8125,0.0519931990928258,0.0494057602680608,2752.832823861388,1141.8379334822753
108.mat,38,Inner Race,3,1721.0,12000,0.0049413829275043,0.313728189157787,0.3137671014262974,1.3893076646706586,2.6662102195608783,0.2249947436474706,5.300979828231442,0.0176816495720813,4.427830892261345,2507.8125,0.0469040420139873,0.0492371153610224,2745.889228555709,1168.7310027316153
108.mat,39,Inner Race,3,1721.0,12000,0.0048717055537362,0.3130267195334032,0.3130646269651781,1.4258555688622754,2.6991845508982037,0.2227705006978231,5.366598452675046,-0.0034968722162515,4.554508705389037,3591.796875,0.0500810359251461,0.0490165986804443,2748.368943199213,1157.36731308589
108.mat,40,Inner Race,3,1721.0,12000,0.0045209789210641,0.3149330112001588,0.3149654596840804,1.4258555688622754,2.6991845508982037,0.2238824040590693,5.33775674755228,-0.0168102743563973,4.527022011532472,3688.4765625,0.0476237890580483,0.0496118463466502,2739.548269951408,1174.44187370467
108.mat,41,Inner Race,3,1721.0,12000,0.0046645373120945,0.3159060452900852,0.3159404807224887,1.4201703393213572,2.7664326946107782,0.2251567425500561,5.301193830366605,-0.0157949968525339,4.495056588107132,2507.8125,0.0521734080725811,0.0499200757602602,2751.706415906138,1159.8523823352557
108.mat,42,Inner Race,3,1721.0,12000,0.0046696927239271,0.3203357679641415,0.3203698023648799,1.4320281037924152,2.7782904590818363,0.2271783778146831,5.348939601157582,-0.0247791151742274,4.469922237431824,3574.21875,0.0522106078384308,0.0513293083421761,2749.135624515397,1140.6666227200808
108.mat,43,Inner Race,3,1721.0,12000,0.0043769049888504,0.3235769961419046,0.323606597166219,1.50544878243513,2.999689540918164,0.2296236689609063,5.394316036764605,-0.0160595434629289,4.652095462880391,3574.21875,0.0561374038160746,0.052370194368809,2758.352040885815,1143.145993674612
108.mat,44,Inner Race,3,1721.0,12000,0.0045706691597274,0.3269057029004548,0.3269376540036466,1.50544878243513,2.999689540918164,0.2318022666873284,5.375907380502114,-0.0247378710717944,4.604696840512407,3609.375,0.0561569882449699,0.0534545603589616,2753.111667327231,1138.7983725280203
108.mat,45,Inner Race,3,1721.0,12000,0.0048830474597679,0.3254950401621025,0.3255316656219838,1.517468982035928,3.024054810379241,0.2313104007414857,5.430184869616592,-0.0311582188878407,4.661509592735147,3609.375,0.059898464368735,0.0529973598186982,2753.0153445623323,1151.7739499801005
108.mat,46,Inner Race,3,1721.0,12000,0.0044891343387443,0.319959935263395,0.3199914256677313,1.517468982035928,3.024054810379241,0.2286698384578499,5.4113616325617935,-0.0316301259207583,4.742217635580081,3550.78125,0.0460783757737432,0.0512073324842888,2745.6492094374903,1138.649029313732
108.mat,47,Inner Race,3,1721.0,12000,0.0046130625077969,0.3091115755481034,0.3091459954188824,1.4177338123752496,2.7714681836327344,0.2211649468250998,5.436545370135116,-0.0369244807022002,4.58596855008349,3436.5234375,0.0504429173701438,0.0477962634702545,2727.0081631108947,1158.9453794660362
108.mat,48,Inner Race,3,1721.0,12000,0.0044510239481973,0.3076660148736085,0.3076982098134387,1.4177338123752496,2.7591231137724552,0.2201478237275449,5.363584534717491,-0.0268898571902453,4.607546508752324,3436.5234375,0.0539777663418908,0.0473490002420159,2711.845973330356,1164.634886309788
108.mat,49,Inner Race,3,1721.0,12000,0.0043381600860778,0.3092313655333645,0.309261793732368,1.380048862275449,2.617966986027944,0.2215897527601047,5.285562648073635,-0.0182563077824647,4.462396876187457,3436.5234375,0.0544626170674925,0.0478308384102799,2714.3623501465263,1169.966210832181
108.mat,50,Inner Race,3,1721.0,12000,0.0047948502604166,0.3118210770185706,0.3118579398733359,1.380048862275449,2.711529620758483,0.2241799109788236,5.296262885074988,-0.0116654237540304,4.42524844112024,2507.8125,0.0520179014612426,0.0486391911266015,2767.597599966371,1157.9901473905118
108.mat,51,Inner Race,3,1721.0,12000,0.0052522939180233,0.325721767173372,0.325764111285982,1.6714574850299402,3.1882767265469063,0.233069149659665,5.4199244534662405,-0.0077655929756694,5.1308828293936894,2507.8125,0.0496923816446655,0.0530749214623493,2785.536919314469,1121.435757202437
108.mat,52,Inner Race,3,1721.0,12000,0.0055051470399045,0.3303963440690823,0.3304422049589707,1.6714574850299402,3.1882767265469063,0.2347939918307915,5.451393915625348,-0.0064487664204479,5.058244558189764,3574.21875,0.0531077009418352,0.0546111949887697,2821.1316676657284,1150.023768840426
108.mat,53,Inner Race,3,1721.0,12000,0.0052672049553237,0.3283430833002375,0.3283853282336896,1.464190259481038,2.910025349301397,0.2346289393381206,5.23457220719753,-0.0323667192890276,4.458756630074144,3574.21875,0.0512832990435034,0.0539323337226931,2782.2235150070046,1117.5324214585369
108.mat,54,Inner Race,3,1721.0,12000,0.0052174354026322,0.3201493933803352,0.320191904510369,1.4575304191616767,2.856096886227545,0.2302420407817178,5.23944964412244,-0.02634922941535,4.5520526866239885,3574.21875,0.0426399295943706,0.0512750388889888,2763.672467703284,1129.766613589787
108.mat,55,Inner Race,3,1721.0,12000,0.0048794783284992,0.3116773485338189,0.3117155416366498,1.4575304191616767,2.856096886227545,0.2229996389252744,5.376504820014778,-0.0051672937376134,4.67583493434101,3436.5234375,0.0520167427210488,0.0485951941828119,2727.0100997367595,1153.925820570575
108.mat,56,Inner Race,3,1721.0,12000,0.0047274729934661,0.3054456148035403,0.3054821968685192,1.3979167265469064,2.6969104590818365,0.2180542902963604,5.383077662520365,-0.0173481905985985,4.576098839398407,3591.796875,0.052890748811225,0.0466708701670913,2706.9570045072637,1187.7540822232822
108.mat,57,Inner Race,3,1721.0,12000,0.0051570377701628,0.3039204702464853,0.3039642203835965,1.4034395209580837,2.733620798403193,0.2181140930736184,5.208404430261782,-0.0220734506568069,4.617120788713132,3436.5234375,0.0495103274793659,0.0462104211671206,2713.2315237599746,1159.7469470532935
108.mat,58,Inner Race,3,1721.0,12000,0.0051679434490394,0.3054353299985613,0.3054790474825115,1.4034395209580837,2.7599352894211577,0.2190895366493575,5.204830169809996,-0.0198805234967975,4.594225144159616,3436.5234375,0.052208199841355,0.0466720782144532,2706.777065875876,1175.248337136565
118.mat,0,Ball,0,1796.0,12000,0.0155150532821076,0.1363432665014188,0.1372231875399474,0.5090716966067864,1.0036866666666666,0.109759947283168,2.9988021301638805,0.0037476013474218,3.70980812888193,3366.2109375,0.0221541176739131,0.0095354602311579,2695.5970598590334,1109.1116533232787
118.mat,1,Ball,0,1796.0,12000,0.0152693384227638,0.1358714814605576,0.1367267792722243,0.5090716966067864,1.0036866666666666,0.1101838807638628,2.866030948609419,-0.0124691045721098,3.723277175959948,3325.1953125,0.0159580581419542,0.0094636846391856,2721.0588716971783,1130.8467077248729
118.mat,2,Ball,0,1796.0,12000,0.0150720447776322,0.1360217663207533,0.1368542562246296,0.5204421556886227,0.977209740518962,0.1099718347094872,2.877996362414786,-0.0468916874451734,3.802893457945365,3366.2109375,0.0206359060940289,0.0094781276674706,2704.6853004985705,1124.4702282131516
118.mat,3,Ball,0,1796.0,12000,0.0150552698606692,0.1399200375059749,0.1407276733491,0.5204421556886227,1.0080724151696607,0.112074489253914,2.976359134577915,-0.0570873270113598,3.698221844381477,3445.3125,0.0153386799042019,0.0100154717004763,2736.02573678416,1111.8275702716269
118.mat,4,Ball,0,1796.0,12000,0.0151694424042539,0.1418508828306495,0.1426596822605835,0.5258025149700598,1.0384477844311375,0.1136790517012849,2.9958965259697137,-0.0376472578376266,3.6857120851399614,3278.3203125,0.01814693789057,0.0102909485001433,2713.04851837877,1089.8028684131325
118.mat,5,Ball,0,1796.0,12000,0.0150118454302332,0.1407295621413067,0.1415279660127465,0.5258025149700598,1.0384477844311375,0.1127870068261913,3.046987798256071,-0.0336731521493212,3.715184565873744,3263.671875,0.0193818232956445,0.0101277607411015,2722.4493272003283,1100.5571394573587
118.mat,6,Ball,0,1796.0,12000,0.0150106160627962,0.1358709136225248,0.1366975631209433,0.475447624750499,0.9073626347305388,0.109057383621429,2.9819245073518177,-0.0572494555310877,3.478098759740481,3263.671875,0.0192069904029784,0.0094557712539749,2711.011987798827,1106.538179461275
118.mat,7,Ball,0,1796.0,12000,0.0149724660152351,0.1306537807212979,0.1315088786179335,0.4655390818363273,0.92961624750499,0.1050875578822823,2.950801924714841,-0.0409876093158653,3.5399821421094755,3278.3203125,0.0158351643036889,0.008759380747519,2720.368141361708,1116.5525286930165
118.mat,8,Ball,0,1796.0,12000,0.0148781219786988,0.1344506812061016,0.1352713723978499,0.5579646706586827,1.070122634730539,0.1082569861059131,2.99904356615867,-0.0058515792842689,4.124780142080906,3445.3125,0.0188356573024438,0.0092598522156451,2708.532398623955,1119.158007659918
118.mat,9,Ball,0,1796.0,12000,0.0149275346182634,0.1367864813433263,0.1375985929000279,0.5579646706586827,1.070122634730539,0.1100564627775698,2.966761584103572,0.0034463341917832,4.055017270882059,3263.671875,0.0197138325706635,0.0095781022685242,2695.138715518704,1115.008733754445
118.mat,10,Ball,0,1796.0,12000,0.0147582784820983,0.1353501478287786,0.1361523753043897,0.4736608383233533,0.8994033133732535,0.1090528230648078,2.8822993984000904,0.0174541503329825,3.4789024962980712,3445.3125,0.0189534698781642,0.0093776381632233,2726.612859822512,1096.1254593291546
118.mat,11,Ball,0,1796.0,12000,0.0145530930911614,0.1366070861872059,0.1373800877677647,0.4819450299401198,0.90768750499002,0.1100239440260104,2.8486961099226358,-0.0086366982338133,3.508114150828232,3363.28125,0.0178641844036234,0.0095425415315671,2746.3623331721387,1098.3966812703422
118.mat,12,Ball,0,1796.0,12000,0.0143857404916729,0.1417010662382761,0.142429427094818,0.5157315369261477,0.9437481037924152,0.1138666293779628,2.8414816810241925,0.0004029642475728,3.620961956006572,3278.3203125,0.018324437816933,0.0102465456323314,2728.6669670382707,1074.7169679569151
118.mat,13,Ball,0,1796.0,12000,0.0143361295670378,0.14379541201625,0.1445082874020933,0.5670610379241517,0.9997882235528942,0.1152384051525854,2.9099502930343117,0.0286856325981129,3.924072785848664,3231.4453125,0.0221775865277698,0.0105440849315145,2730.0275445806383,1076.2179945451123
118.mat,14,Ball,0,1796.0,12000,0.0139953568449039,0.1385364730084534,0.1392416042956923,0.5670610379241517,1.023178882235529,0.1107575987868013,3.0486299515083117,0.0171471030248366,4.072497159110188,3263.671875,0.0185153125166928,0.0097920473637295,2716.2522060041874,1091.9684294175906
118.mat,15,Ball,0,1796.0,12000,0.0134031983104104,0.1389593141392895,0.1396042145173631,0.5920760479041917,1.048193892215569,0.1110578023835142,3.09920687749505,0.004424945975482,4.24110439610369,3231.4453125,0.0188763105858311,0.0098344913412896,2710.0259842582877,1101.244612310433
118.mat,16,Ball,0,1796.0,12000,0.0134309582202781,0.1375227845393851,0.1381770853151165,0.5920760479041917,1.0545288622754492,0.1099030694470434,3.1029900225642737,0.0131886116830049,4.284907635400951,3263.671875,0.0183255440166376,0.0096366487763009,2703.396414455831,1097.0614527423195
118.mat,17,Ball,0,1796.0,12000,0.0134419828701971,0.1383683082058334,0.1390196950767307,0.4954271457085829,0.9578799600798404,0.1110778688326472,2.934285047075034,0.0141000306754662,3.563719122208807,3263.671875,0.0199922924726296,0.0097535814923531,2723.799456991884,1088.104847514543
118.mat,18,Ball,0,1796.0,12000,0.0135005166230039,0.1386388584068599,0.139294640993275,0.4756100598802395,0.9279918962075848,0.1114666661988522,2.892996549300835,0.00260548208941,3.4144175001190566,3263.671875,0.0213421059544883,0.0097926305577873,2721.79492092092,1088.8419598946427
118.mat,19,Ball,0,1796.0,12000,0.0136084630153754,0.1384972917903951,0.1391642558235221,0.4756100598802395,0.9398496606786426,0.1112803575466254,2.8878170257806928,-0.0265506489702683,3.417616521324077,3363.28125,0.0180153997640577,0.009775940294633,2719.510789193731,1093.3017668852349
118.mat,20,Ball,0,1796.0,12000,0.0134171179223584,0.1403680062628405,0.1410077878542434,0.4642396007984031,0.9078499401197604,0.113457487963526,2.7910618974934143,-0.0158954901066508,3.292297594784461,3231.4453125,0.019114427497232,0.010031607949646,2737.8728366008213,1091.0439446773842
118.mat,21,Ball,0,1796.0,12000,0.0132287074483844,0.1391081168681948,0.1397357036672098,0.4642396007984031,0.9062255888223552,0.1126837399614832,2.796270132024213,-0.0056833932853297,3.3222690308557183,3445.3125,0.0188614167905182,0.0098505332958392,2721.333712912302,1106.2325363010352
118.mat,22,Ball,0,1796.0,12000,0.0128659647404409,0.1336609857821197,0.1342787852527356,0.4423108582834331,0.8842968463073853,0.1072178533655345,2.8950455750204678,-0.0335968493458222,3.2939742301878034,3445.3125,0.0146578931523784,0.0090981636724045,2721.6614373380853,1115.5298301527646
118.mat,23,Ball,0,1796.0,12000,0.0127109851293506,0.1340722949922931,0.1346734919256905,0.6070200798403194,1.0493309381237523,0.1074928351012818,2.976961529081508,-0.0384500484172639,4.50734640619,3231.4453125,0.0208954878005195,0.0091492616250599,2738.5348297621026,1123.750093975001
118.mat,24,Ball,0,1796.0,12000,0.0124771277172218,0.137217574376767,0.1377836762244187,0.6070200798403194,1.0782443912175648,0.1105058560613148,2.9951101977555736,-0.0443004061521036,4.405602292477807,3445.3125,0.0219105513211231,0.0095700104196021,2730.364785782533,1098.8643284927505
118.mat,25,Ball,0,1796.0,12000,0.0121973474827688,0.1363525499648219,0.1368970166494678,0.5386348902195609,1.0683358483033931,0.1090680117012069,3.121922902500012,-0.0407585967300792,3.934599185596313,3231.4453125,0.0216903785999609,0.0094447845998618,2721.303683957133,1099.2809232908237
118.mat,26,Ball,0,1796.0,12000,0.0122589348256611,0.1420623983207445,0.1425903450437711,0.5495180439121756,1.0881529341317364,0.1136422499922031,3.034987179007109,-0.0173196934426676,3.853823649444775,3231.4453125,0.0247605287918797,0.0102411441274615,2723.919800631176,1094.3008180322302
118.mat,27,Ball,0,1796.0,12000,0.012253977698899,0.1408031584618029,0.1413353791598717,0.5495180439121756,1.0348742115768463,0.1122873681055856,2.9634196705856115,-0.0060812291079117,3.8880430871493785,3424.8046875,0.0187900978123992,0.0100629247849533,2721.8792231443767,1087.6430460504637
118.mat,28,Ball,0,1796.0,12000,0.0122776925933289,0.136014799387907,0.1365678124154768,0.4346764071856287,0.8675660279441118,0.1079617396359624,3.007358388381601,-0.012810873404638,3.182861316275782,3363.28125,0.0167691542086072,0.0094007545646085,2712.362821331537,1089.3958781236197
118.mat,29,Ball,0,1796.0,12000,0.0121738308734094,0.1360650633094914,0.1366085781038302,0.4644020359281437,0.877961876247505,0.108802983875998,2.948036754795029,-0.0082432404483697,3.399508598758504,3231.4453125,0.0265738958863916,0.0094050530183187,2711.903693954764,1090.586445451528
118.mat,30,Ball,0,1796.0,12000,0.012027417177364,0.1354814226406265,0.1360142442712762,0.4699248303393213,0.9388750499001997,0.109117622625842,2.896864649139941,-0.005642132183684,3.4549677708907494,3231.4453125,0.0194580396467664,0.0093222671561246,2723.401927667062,1088.1502204103026
118.mat,31,Ball,0,1796.0,12000,0.0118936144118013,0.132957512803585,0.1334884200022312,0.4699248303393213,0.9388750499001997,0.1073087868988585,2.861834330786414,-0.0253917457091093,3.520341542221165,3263.671875,0.0183161146772192,0.0089803081809382,2711.632099769517,1090.261802413129
118.mat,32,Ball,0,1796.0,12000,0.0119475082939589,0.1316382487375508,0.1321793156478105,0.4484833932135728,0.8815354491017964,0.1061157056297561,2.8521312755244628,-0.0346327000103956,3.39299224705134,3231.4453125,0.0211006118941175,0.0088070574725783,2720.1877174033034,1101.9138463311413
118.mat,33,Ball,0,1796.0,12000,0.0120816679726484,0.1373264896096272,0.1378569238359262,0.5790812375249501,1.0493309381237526,0.1104116309958208,2.923450080333109,-0.0236894131734081,4.200595961463333,3231.4453125,0.0182106461829783,0.0095752494261363,2721.790913726952,1104.9308562122012
118.mat,34,Ball,0,1796.0,12000,0.0118688287779908,0.1360223382582712,0.1365391724078069,0.5790812375249501,1.0493309381237526,0.109203638689418,2.945509202719784,-0.0236886461525705,4.241136278425544,3445.3125,0.0190536525605168,0.009391907413955,2714.8637164409533,1090.8117378865747
118.mat,35,Ball,0,1796.0,12000,0.011616530854307,0.131851870703156,0.132362606490696,0.4853561676646706,0.925880239520958,0.1055092705701877,2.9515436922587206,0.0076042623650786,3.666867709338944,3231.4453125,0.0195377961240484,0.0088274019827759,2690.11857673458,1113.3906698352798
118.mat,36,Ball,0,1796.0,12000,0.0115399928171001,0.1388460713388267,0.1393248110009315,0.5105336127744511,0.9876055888223552,0.111280159261555,2.8991696346524285,0.0398257376785849,3.664340967747932,3231.4453125,0.0240043885440024,0.0097722878701436,2731.267428958344,1102.6950161755822
118.mat,37,Ball,0,1796.0,12000,0.0116929499204715,0.1439703539981034,0.1444444111351556,0.5105336127744511,0.9876055888223552,0.1158823160904753,2.8524972020593893,0.0144479626688458,3.5344642881111423,3231.4453125,0.0198202425341598,0.0105004588901804,2764.4776050953083,1094.3196507692935
118.mat,38,Ball,0,1796.0,12000,0.011685375430779,0.1392538551743039,0.1397432795516989,0.5160564071856288,0.9824076646706588,0.1111313661446637,3.07280017706474,0.0026839000363156,3.692888909156526,3263.671875,0.0198907151265506,0.0098323665839,2726.883993913445,1090.6396030162475
118.mat,39,Ball,0,1796.0,12000,0.0115603765223459,0.1355130109673082,0.136005214777832,0.5160564071856288,0.9824076646706588,0.1081126742316149,3.138346262972723,0.035502098488925,3.794386913976939,3260.7421875,0.0191889154175843,0.0093155312054262,2734.3597047989592,1100.5724317948925
118.mat,40,Ball,0,1796.0,12000,0.0113795801950785,0.1391701292611234,0.1396345935790054,0.4661888223552894,0.9210071856287424,0.1118953585212387,2.9188188686437755,0.0407248092715395,3.3386341479306787,3231.4453125,0.0236693390677793,0.0098136573672418,2744.984808163067,1093.803684398098
118.mat,41,Ball,0,1796.0,12000,0.0111194301826035,0.1417704671556953,0.1422058616412484,0.5391221956087824,1.041046746506986,0.1136390774310753,2.9434987089416995,0.008083628437457,3.791139052825117,3263.671875,0.0192444188113932,0.0101730745411332,2736.100424227337,1095.700335349375
118.mat,42,Ball,0,1796.0,12000,0.0110357538828592,0.1383955147165539,0.1388348168055223,0.5391221956087824,1.041046746506986,0.1110883382843687,2.946532521127705,-0.0152229888208402,3.883191608658053,3445.3125,0.0215953157275369,0.0096984497267252,2778.576318538439,1108.5663695851867
118.mat,43,Ball,0,1796.0,12000,0.0111216113183788,0.1377172090189103,0.1381655525023344,0.4718740518962075,0.934651736526946,0.1111546844689527,2.875132754166673,-0.0128795664828698,3.415280027112655,3231.4453125,0.021434026525937,0.0096067053974649,2746.613562846785,1091.566558950267
118.mat,44,Ball,0,1796.0,12000,0.0110691054317146,0.1417102814305472,0.1421419324414274,0.5313253093812376,1.0550161676646708,0.11464545347781,2.915179635588194,0.0029267187735893,3.7379913179397737,3363.28125,0.0197695821238874,0.0101634309756809,2812.607529693993,1090.7274241068835
118.mat,45,Ball,0,1796.0,12000,0.0110695416588697,0.1411273807137333,0.141560843242955,0.5313253093812376,1.0550161676646708,0.1142253667274825,2.8399264404591147,0.018206136231234,3.753335295335489,3445.3125,0.0198874831932138,0.0100810042116546,2760.07193242319,1090.9883205257
118.mat,46,Ball,0,1796.0,12000,0.0111557956645303,0.136762820498562,0.1372170574222849,0.4720364870259481,0.9400120958083832,0.110097904357301,2.8704683331178247,-0.0005282988370125,3.440071488876617,3231.4453125,0.0215812514467383,0.0094764888798635,2762.910716834449,1125.5991493088145
118.mat,47,Ball,0,1796.0,12000,0.0110842940681137,0.1370405447378807,0.1374880812181314,0.5576398003992016,1.1024472255489022,0.1101342698392277,2.976760510472233,-0.021467818714796,4.055913759640585,3363.28125,0.0212385106743365,0.0095129174922365,2743.2462941283948,1095.6857806940602
118.mat,48,Ball,0,1796.0,12000,0.0111665030583364,0.1407643468709565,0.1412065584190721,0.565923992015968,1.1235637924151696,0.1122828472059786,3.105520232280618,0.0221058433976052,4.0077741313999145,3260.7421875,0.0214686328459495,0.0100319930355361,2737.7610350528857,1109.570092941154
118.mat,49,Ball,0,1796.0,12000,0.0112728235131299,0.1410709268915248,0.1415206096792694,0.565923992015968,1.0602140918163672,0.1118198515663984,3.155099511564453,0.0144594593156303,3.998880398399436,3231.4453125,0.0194652112854504,0.0100775798203981,2719.2710842692754,1082.8084668761358
118.mat,50,Ball,0,1796.0,12000,0.0113616155676927,0.1457040773445075,0.1461463802600744,0.5582895409181636,1.0628130538922156,0.1159897469416635,3.0893781176460267,-0.0199580124477898,3.8200709447928896,3231.4453125,0.0262359786779149,0.0107439254848135,2759.778617781225,1061.2266938263376
118.mat,51,Ball,0,1796.0,12000,0.0113385748425024,0.1480017415342128,0.1484354363911089,0.5582895409181636,1.0628130538922156,0.118004204286739,3.059000195535676,-0.0009485229264672,3.761160774622172,3363.28125,0.0203363640450052,0.0110808220824918,2768.223111393864,1069.6416564702029
118.mat,52,Ball,0,1796.0,12000,0.0113551514743949,0.1459481614436894,0.1463892253336962,0.5313253093812376,1.0213920958083833,0.1168681894609219,2.9512586020676213,0.0114901372604169,3.6295383637017977,3263.671875,0.021102793975679,0.0107793724246962,2743.70186379392,1063.225429849205
118.mat,53,Ball,0,1796.0,12000,0.0113955619717596,0.140881552881484,0.1413416809541707,0.5191426746506986,1.004986147704591,0.1129333808652226,2.975898094694021,-0.0068904438221086,3.672962364293855,3263.671875,0.0200040029056227,0.0100536648731636,2729.9211744362137,1084.271409545414
118.mat,54,Ball,0,1796.0,12000,0.010985270503914,0.135850835961468,0.1362942617995117,0.5191426746506986,1.0030369261477046,0.1080289979318706,3.084692854412213,-0.031691105947488,3.808984089252085,3445.3125,0.0173025948042515,0.0093484011890887,2705.6331690645416,1102.2844704173774
118.mat,55,Ball,0,1796.0,12000,0.0107695760042415,0.1366906664066966,0.1371142663985697,0.483894251497006,0.9169463073852296,0.1090350567224925,3.0107110916373285,-0.0349422924448578,3.5291313165794214,3445.3125,0.0180639453527881,0.0094581540109991,2738.791695759984,1099.5339794532688
118.mat,56,Ball,0,1796.0,12000,0.0105153348868668,0.1414030667316825,0.1417935102496148,0.4931530538922156,0.9776970459081836,0.1128658846272299,3.004466917701792,-0.0160597783887189,3.4779663259909688,3445.3125,0.0205578826615517,0.010107987541164,2765.1940686150856,1090.3359903790283
118.mat,57,Ball,0,1796.0,12000,0.0100637604673465,0.1447191598148569,0.1450686544097732,0.522391377245509,1.0155444311377246,0.1147100547537737,3.0999084272885136,-0.0243401157100655,3.600994159426873,3263.671875,0.0260130516750025,0.0105730981920505,2748.668376327141,1086.3904736810878
119.mat,0,Ball,1,1772.0,12000,0.0045861750522392,0.1392769731860043,0.13935246055045,0.4769095409181637,0.92019500998004,0.1116842245781873,2.8573039719795914,0.0121094086484106,3.422325942680482,3477.5390625,0.0284664896954091,0.009720071976857,2754.798183593539,1091.4382396520962
119.mat,1,Ball,1,1772.0,12000,0.0043727806593843,0.1403171909487285,0.1403853100806385,0.4769095409181637,0.9054134131736526,0.1120894796052426,2.8963155138984984,0.0348654561090398,3.397147042266907,3477.5390625,0.0287068132302115,0.009863578492527,2747.139918165321,1073.2303613313543
119.mat,2,Ball,1,1772.0,12000,0.0041614484312624,0.1362219566268527,0.1362855059068799,0.5037113373253493,0.9244183233532934,0.1081236592245197,3.052518065928955,0.0279277061227736,3.696000788737734,3477.5390625,0.0267943196039226,0.0092955287067448,2743.986959337051,1077.6442444240438
119.mat,3,Ball,1,1772.0,12000,0.0040914141443675,0.1383863798149263,0.1384468482414164,0.5152442315369261,1.0301635928143713,0.1094141777772579,3.2444767156455008,0.0192249805102846,3.721603186216778,3477.5390625,0.0266122388376977,0.0095921364699098,2759.987345771005,1097.007646433775
119.mat,4,Ball,1,1772.0,12000,0.0039320722617265,0.1380871094067895,0.1381430815372022,0.5152442315369261,1.0301635928143713,0.1102819525597243,3.0842887830925383,0.0051183565213018,3.7297867240508142,3477.5390625,0.0272050726453275,0.0095494869025402,2746.7741167041163,1082.2856272757508
119.mat,5,Ball,1,1772.0,12000,0.0038955084947292,0.1341739079646302,0.1342304457451199,0.4627776846307385,0.921494491017964,0.1072418458590631,2.950904855854084,-0.0104141148321797,3.4476357585034942,3477.5390625,0.0233439752438943,0.0090164943044176,2755.9091826293693,1075.497812902748
119.mat,6,Ball,1,1772.0,12000,0.0037582159119261,0.1381028546455081,0.1381539816584342,0.497051497005988,0.9877680239520958,0.1097836225205838,3.0816446259314643,-0.0013174502891383,3.5978079751250016,3389.6484375,0.0219697131182009,0.0095503234333155,2742.8811194124464,1063.0483784040994
119.mat,7,Ball,1,1772.0,12000,0.0036495953503149,0.1410589223101042,0.1411061271154058,0.4991631536926148,0.9962146506986028,0.1125438696727638,3.043840183964637,-6.194864934415117e-05,3.537501623046933,3372.0703125,0.0245761655588219,0.009962129328281,2715.36410062824,1073.1969435799997
119.mat,8,Ball,1,1772.0,12000,0.0036884592241298,0.1419426048200222,0.1419905200868743,0.6396695409181637,1.2310958483033931,0.1135235565490113,3.075140141658314,0.00429708375595,4.505015831527297,3372.0703125,0.0266118677335459,0.01008745629867,2737.1319012785266,1063.0009477720976
119.mat,9,Ball,1,1772.0,12000,0.0035121441394554,0.1404752982621729,0.1405191964761496,0.6396695409181637,1.2310958483033931,0.1121832287865675,3.154608118670962,0.0241020086660829,4.552186156478165,3372.0703125,0.0271803288949328,0.0098789903203747,2736.818932934849,1074.3447294633645
119.mat,10,Ball,1,1772.0,12000,0.0034973917302114,0.1387822256142132,0.1388262867592046,0.5233659880239522,1.0436457085828343,0.1103660650866236,3.1346368671018783,0.0202780922119958,3.769934356392711,3216.796875,0.0214788623115999,0.0096424851782876,2715.389144382272,1095.9924290534436
119.mat,11,Ball,1,1772.0,12000,0.0033882159704029,0.1375983717087088,0.1376400810242063,0.5233659880239522,1.0436457085828343,0.1097875089079653,3.032318593573384,0.0228580940401458,3.802424294794693,3372.0703125,0.0249987123412622,0.009478135958372,2723.3501936179487,1077.9256343228492
119.mat,12,Ball,1,1772.0,12000,0.003258418563264,0.1342447295892611,0.1342842683043225,0.5298633932135728,0.9996257884231536,0.1075098083033152,3.0022709435114967,0.0314334675406864,3.9458337145849938,3477.5390625,0.0201883756250697,0.0090214415225263,2750.691012391609,1078.508381658189
119.mat,13,Ball,1,1772.0,12000,0.0032548890890094,0.1342722430577043,0.134311688094257,0.5298633932135728,0.9577175249500998,0.1078317836007672,2.9247713647698386,0.0227762558022961,3.945028170904427,3477.5390625,0.019768104242686,0.0090251120915076,2738.945668261977,1080.2408247092392
119.mat,14,Ball,1,1772.0,12000,0.003389088424713,0.132854273293548,0.1328974937788793,0.4535188822355289,0.8813730139720559,0.106375419415076,2.863611221670374,0.0251326088585144,3.4125465374848485,3477.5390625,0.0222880045826429,0.0088366150692144,2733.920679529255,1090.8390705292932
119.mat,15,Ball,1,1772.0,12000,0.0035132941928642,0.1344260284062672,0.1344719314547395,0.4905540918163673,0.9236061477045908,0.1071857708411302,2.96267793052576,0.0558287732236303,3.648003613166496,3477.5390625,0.027111499268646,0.0090475218164341,2732.113413455192,1089.2275319740108
119.mat,16,Ball,1,1772.0,12000,0.003451349936845,0.1403954354720219,0.1404378514424271,0.4905540918163673,0.9236061477045908,0.1126579629023203,2.8591468965053526,0.0597965982834327,3.493033301050403,3477.5390625,0.0295938365806606,0.0098673509674564,2743.88527300788,1074.1274595844047
119.mat,17,Ball,1,1772.0,12000,0.0034637625822573,0.1411680162954344,0.1412105041277535,0.4549807984031936,0.8984287025948103,0.1130112672409088,2.8092956788028123,0.0292119822831488,3.222003923954349,3477.5390625,0.0284864577488135,0.0099762021205205,2754.929321198604,1063.6875023682787
119.mat,18,Ball,1,1772.0,12000,0.0036403949230445,0.1380908251605226,0.1381388014596542,0.4850312974051896,0.9400120958083832,0.1099370555081243,2.9479134030985112,0.0289807621033567,3.5111879665964176,3477.5390625,0.0231469065067961,0.0095477909789914,2741.146224747056,1083.5044921975564
119.mat,19,Ball,1,1772.0,12000,0.003833128011555,0.1383422629918881,0.1383953561362147,0.6596490618762475,1.251075369261477,0.1098827253988117,3.2127891814653395,0.0126829344947037,4.766410378878554,3477.5390625,0.0183490899782097,0.0095839840998848,2735.358331205216,1083.835853144235
119.mat,20,Ball,1,1772.0,12000,0.0037948193359374,0.1389874742402229,0.1390392701702257,0.6596490618762475,1.251075369261477,0.1106177284980819,3.171577969031133,0.0117204265749719,4.744336337990261,3418.9453125,0.0267470816409607,0.0096731610572666,2763.4997315665664,1086.285910419435
119.mat,21,Ball,1,1772.0,12000,0.0037991816074881,0.1375135461650403,0.1375660174598776,0.4876302594810379,0.9585297005988024,0.1100195420974457,2.9148418123808733,0.0340534241474546,3.5446999810346305,3477.5390625,0.0245829698854384,0.0094694224269965,2750.3700238872066,1092.847094858362
119.mat,22,Ball,1,1772.0,12000,0.0039233477186252,0.1396492839695882,0.1397043849366938,0.4975388023952096,0.9736361676646706,0.1119333499407435,2.9222695571935025,0.0341406384430793,3.561368547026395,3477.5390625,0.0301662559397705,0.0097663539519894,2738.8730663296906,1081.011741260608
119.mat,23,Ball,1,1772.0,12000,0.0039625685055669,0.1433680485146473,0.1434227990385754,0.4975388023952096,0.9736361676646706,0.114674561726157,2.8977199178936472,0.031852574609143,3.469035646566834,3477.5390625,0.0291679737479806,0.010292901260642,2756.465916057358,1079.1077485480996
119.mat,24,Ball,1,1772.0,12000,0.0041229018135603,0.1427362336550031,0.1427957657543805,0.5214167664670659,0.9879304590818364,0.1141759540879179,2.9128691815674386,0.0147115744294025,3.6514861887707664,3477.5390625,0.0259378361364912,0.0102038146029696,2745.440108479389,1075.20403031845
119.mat,25,Ball,1,1772.0,12000,0.0039780743980788,0.1409020884061807,0.1409582335060276,0.5214167664670659,0.9879304590818364,0.1127158621429017,2.963746221112832,0.0229693972048185,3.6990869812849136,3477.5390625,0.0250260857283349,0.0099425253244383,2736.7176267698437,1098.8163677721222
119.mat,26,Ball,1,1772.0,12000,0.0038269415173559,0.1399834516255312,0.1400357533288363,0.5113457884231537,1.0199301796407183,0.1119473488667197,3.0515118422662084,0.0298908505876314,3.651537384330668,3477.5390625,0.0196852803715844,0.009812329484227,2747.836731720595,1089.1762212559777
119.mat,27,Ball,1,1772.0,12000,0.0040309371978698,0.1366195312922191,0.1366789844313997,0.509559001996008,1.0181433932135728,0.1087625733786333,3.1572454562447803,-0.0117438994593597,3.728144484800146,3477.5390625,0.0196028731142135,0.0093486975084851,2750.402872961781,1090.379669609586
119.mat,28,Ball,1,1772.0,12000,0.0040031772880021,0.1348504898418454,0.1349098960009414,0.4626152495009979,0.8940429540918163,0.1077363291678362,2.9690373550702147,-0.0115535114510951,3.4290683131041004,3477.5390625,0.0237400359844531,0.0091083531748291,2733.2441714849474,1095.7671840659848
119.mat,29,Ball,1,1772.0,12000,0.0040055567088479,0.1370803658455329,0.1371388755418861,0.4613157684630738,0.9210071856287424,0.110167145503914,2.880166648800067,0.0076994076058572,3.363858472954846,3477.5390625,0.0290649594780742,0.0094115578406721,2736.214108230983,1085.087231572009
119.mat,30,Ball,1,1772.0,12000,0.0039933820055202,0.1395930412271312,0.1396501495125643,0.513619880239521,1.0064480638722555,0.1116574957506861,2.9829302234923967,-0.016331538917638,3.677904263133713,3477.5390625,0.0313672132104106,0.0097590573280827,2751.1604412465945,1102.9526742371488
119.mat,31,Ball,1,1772.0,12000,0.0039994098716629,0.143889642639842,0.1439452136694478,0.513619880239521,1.0064480638722555,0.1156449292040918,2.916265230554226,0.015451324217116,3.5681622691462644,3477.5390625,0.0283787034942841,0.010368111659274,2763.40379538264,1090.029921348913
119.mat,32,Ball,1,1772.0,12000,0.003999885755832,0.1381872116045885,0.138245088654574,0.5470815169660679,1.0111586826347303,0.1108671314597367,2.959948058354956,0.0396342063789487,3.957330580712584,3389.6484375,0.0213366043715418,0.0095638520019298,2749.478696079972,1074.437252764009
119.mat,33,Ball,1,1772.0,12000,0.0039072469709019,0.1359797541682858,0.1360358780710407,0.5470815169660679,1.0356863872255488,0.1085879635455651,3.04625509145859,-0.0029585489567547,4.021597278038449,3477.5390625,0.0164016008369022,0.0092605133516343,2751.5775271684515,1065.738352167068
119.mat,34,Ball,1,1772.0,12000,0.0038836510475143,0.1434365427398729,0.1434891094774312,0.488604870259481,0.964377365269461,0.1152449089028973,2.8440222921300022,-0.0285487153669256,3.405170413552058,3477.5390625,0.0264096204336848,0.0103021046946749,2780.613349672193,1070.4159106570714
119.mat,35,Ball,1,1772.0,12000,0.0038888857733751,0.1433691591674649,0.1434218924465308,0.5193051097804391,1.032275249500998,0.1153906880867172,2.8145858813943696,-0.015479453051275,3.62082176522696,3477.5390625,0.027518905389964,0.0102924852256227,2798.1127618156715,1092.76577808284
119.mat,36,Ball,1,1772.0,12000,0.0038587464426615,0.1383361024092968,0.1383899098702799,0.5193051097804391,1.032275249500998,0.1111775269090724,2.885886332241765,0.0245050860159752,3.75247812696179,3389.6484375,0.0196801241288117,0.0095833292591746,2756.5828640169307,1077.5549054878388
119.mat,37,Ball,1,1772.0,12000,0.0038355470894149,0.1380469454390356,0.1381002192848483,0.4782090219560878,0.9460221956087824,0.1106896266646394,2.8937075516663797,0.0213036167582972,3.4627680132044123,3319.3359375,0.0173966364999806,0.0095431913705487,2752.523601911504,1078.2654427607622
119.mat,38,Ball,1,1772.0,12000,0.0039302876960921,0.1387476914561128,0.1388033466663348,0.5285639121756487,0.9963770858283434,0.1110777498616049,2.943339798878838,-0.0104385525432472,3.8080055335138825,3477.5390625,0.021921789999551,0.0096409081866314,2744.2793645727133,1079.7021120705908
119.mat,39,Ball,1,1772.0,12000,0.003854463485139,0.1381402131842529,0.1381939773917413,0.5285639121756487,1.0041739720558882,0.1107634283678736,3.001000883923075,0.0020963180695745,3.824797014686955,3477.5390625,0.0214806469178655,0.0095562162657622,2738.176142260671,1094.7464372170305
119.mat,40,Ball,1,1772.0,12000,0.0038435181492483,0.1440676743916845,0.1441189350376695,0.562187984031936,1.0860412774451096,0.1152591854279721,3.0490936751905875,-0.0033899581528426,3.900861353749195,3389.6484375,0.026598221979628,0.010392520216006,2752.239079045418,1073.8623966011917
119.mat,41,Ball,1,1772.0,12000,0.0038766317560192,0.1454118048203462,0.1454634705171103,0.562187984031936,1.0503055489021955,0.1157352678822043,3.0549302818936392,-0.0164996338860424,3.864805246522754,3389.6484375,0.018965008296983,0.0105873263499017,2769.528060237873,1081.3999891601502
119.mat,42,Ball,1,1772.0,12000,0.0039410744039265,0.1414834127555446,0.1415382921771104,0.4881175648702595,0.9702250299401198,0.1122557218083364,3.0454474737657287,-0.0020780069475223,3.4486608349030066,3319.3359375,0.021474635711825,0.0100243107313957,2743.6322780706614,1093.597239880477
119.mat,43,Ball,1,1772.0,12000,0.0039305652951908,0.1379608328018316,0.1380168132182261,0.4821074650698603,0.9507328143712576,0.1101675817310691,2.955700031796642,-0.0048035503171181,3.4931067732130083,3477.5390625,0.0256308382914944,0.0095320450895691,2742.584099999865,1082.1701959568593
119.mat,44,Ball,1,1772.0,12000,0.0038300347644554,0.1372066100941188,0.1372600561700908,0.5214167664670659,1.0368234331337325,0.1109856662748721,2.865349921454475,-0.0154865705313712,3.798750933198899,3389.6484375,0.0246558349109124,0.0094274964366249,2728.5285390740974,1096.5185910870696
119.mat,45,Ball,1,1772.0,12000,0.0039170819103979,0.1363420286243728,0.1363982855467841,0.5214167664670659,1.0368234331337325,0.1101461669434568,2.893580422684692,-0.0233095376865423,3.8227516158054766,3389.6484375,0.024060708007391,0.0093099180732188,2732.9543906454423,1085.448285778731
119.mat,46,Ball,1,1772.0,12000,0.0039866006561096,0.1343080591539371,0.1343672122896384,0.462940119760479,0.9010276646706588,0.1076798575797623,2.9089509338353987,-0.0435682237029933,3.445335449563227,3477.5390625,0.0204698607406913,0.0090352207546909,2736.1091387704428,1098.2536979246722
119.mat,47,Ball,1,1772.0,12000,0.0042095920463759,0.1388697709974588,0.1389335595242689,0.4764222355289421,0.9445602794411178,0.1110990456781749,2.9140563235484103,-0.0079986823740186,3.4291371873022563,3477.5390625,0.025922336466116,0.0096601277033626,2724.820859067935,1098.1656193257018
119.mat,48,Ball,1,1772.0,12000,0.0040542158651447,0.1392507520066857,0.1393097577368817,0.4764222355289421,0.9445602794411178,0.111333815201628,2.9326894204386176,0.0106479203866856,3.4198769940349343,3477.5390625,0.022840196766543,0.0097118233253509,2754.8887329440563,1089.0797105920697
119.mat,49,Ball,1,1772.0,12000,0.0039297324978948,0.1354627665840271,0.1355197547522265,0.4725237924151697,0.933677125748503,0.1091254350576191,2.8587057740363977,-0.018508307037885,3.4867521217042814,3389.6484375,0.0227561773123219,0.0091905243509506,2751.4177943694,1102.45936617121
119.mat,50,Ball,1,1772.0,12000,0.0041489564718219,0.1386436654075299,0.1387057309466345,0.4288287425149701,0.835079001996008,0.1119360862747161,2.79839442377988,-0.0130355635604279,3.0916440120268507,3477.5390625,0.0208097043606632,0.0096282480218547,2752.968833588533,1100.35204584211
119.mat,51,Ball,1,1772.0,12000,0.004222321947901,0.1406891566646254,0.1407525019516003,0.4968890618762475,0.9257178043912176,0.1129125212758077,2.8884050943986352,-0.0046100230550056,3.5302325357392905,3477.5390625,0.0230480511230538,0.0099145494196793,2777.6079985987985,1093.8537080554436
119.mat,52,Ball,1,1772.0,12000,0.0041513358926677,0.142117202888437,0.1421778215704788,0.4968890618762475,0.9279918962075848,0.1145313205912394,2.835377944073504,0.0121866015685781,3.4948422784065167,3477.5390625,0.0244657071298788,0.0101158839943112,2757.591484156472,1088.1108438845931
119.mat,53,Ball,1,1772.0,12000,0.0039693101979634,0.1410035120295651,0.1410593698699926,0.4861683433133732,0.9507328143712576,0.1139934921660585,2.7586371507399976,-0.0115314330362853,3.446551219968232,3477.5390625,0.0257104949560985,0.0099567532104567,2765.4896313145523,1109.9878832011404
119.mat,54,Ball,1,1772.0,12000,0.0040503294777632,0.1415020627044652,0.1415600187853083,0.4866556487025948,0.9288040718562874,0.1136294011196357,2.835755776221048,-0.0021692827330299,3.437804352376237,3389.6484375,0.0233831565280877,0.0100278225724222,2759.620547145206,1082.814080658451
119.mat,55,Ball,1,1772.0,12000,0.0041284141385198,0.142744827693706,0.1428045154629396,0.4866556487025948,0.9288040718562874,0.1146571919539826,2.802581786671008,0.0312662049067832,3.4078449629198926,3389.6484375,0.0233492341048909,0.0102050870491207,2759.584051896542,1077.314159628265
119.mat,56,Ball,1,1772.0,12000,0.0040767807061657,0.1380600449535146,0.1381202235499662,0.5292136526946108,1.0442954491017966,0.1100818036095777,2.997946315481501,0.0040535506507971,3.831543557436852,3418.9453125,0.0234314415711236,0.0095469112894223,2780.949895728856,1104.8905746993228
119.mat,57,Ball,1,1772.0,12000,0.0041271451140687,0.1385029784612928,0.1385644556494988,0.5292136526946108,1.0442954491017966,0.1097382945534711,3.056881715620371,-0.0342277852148398,3.819259782128152,3418.9453125,0.022873895304435,0.0096085716172523,2768.3895205271665,1082.3032976128022
120.mat,0,Ball,2,1748.0,12000,0.0049156455253555,0.1434364377714181,0.1435206439906289,0.4712243113772455,0.9097991616766468,0.1161208926872816,2.6767454577402177,-0.0265330517234483,3.283320770272002,3430.6640625,0.0261487088425539,0.0103111696287691,2744.0170172663534,1080.5447990627156
120.mat,1,Ball,2,1748.0,12000,0.0048741246315961,0.1448152050350545,0.1448972073584209,0.4712243113772455,0.8945302594810379,0.1167694038388067,2.733594562624435,-0.0364566340002665,3.252128318882052,3433.59375,0.0269937368406505,0.0105094792227336,2741.2917902931445,1083.818780110859
120.mat,2,Ball,2,1748.0,12000,0.0048499338529971,0.1448738309489924,0.1449549887110329,0.4655390818363273,0.8846217165668663,0.1171847714044567,2.7327593579606098,-0.0005084231054482,3.2116113144914062,3430.6640625,0.0250295194241391,0.0105177353052978,2750.868643541828,1064.9011380263662
120.mat,3,Ball,2,1748.0,12000,0.0047705008537612,0.1456883309200526,0.1457664139802667,0.4996504590818363,0.9078499401197604,0.1183416854767028,2.695302266764187,0.0224472872331658,3.427747486121713,3433.59375,0.026440940720828,0.0106353050083802,2782.194822092555,1091.795137247417
120.mat,4,Ball,2,1748.0,12000,0.0047542811349956,0.1448317973119782,0.1449098088527085,0.4996504590818363,0.9658392814371256,0.1171570114945889,2.7235057715515474,0.0056131285911049,3.448009924502066,3430.6640625,0.0272699046796161,0.0105107279838251,2738.958246022089,1081.93570751197
120.mat,5,Ball,2,1748.0,12000,0.004678655209113,0.1474741625314629,0.1475483596280287,0.4661888223552894,0.9320527744510978,0.1188893488413797,2.7515135742368484,0.0020015591134343,3.1595662841020884,3430.6640625,0.0267634250147995,0.0108962056149112,2765.8274809308514,1091.8666115731016
120.mat,6,Ball,2,1748.0,12000,0.0047230710649014,0.1486849062433992,0.1487599030145305,0.4824323353293413,0.9482962874251496,0.1198530935979603,2.740046418260804,-0.0014827359141448,3.243026686312228,3430.6640625,0.0299190613777643,0.011075910564026,2759.0579334949543,1100.9480417979596
120.mat,7,Ball,2,1748.0,12000,0.0046306702220558,0.147320336690849,0.1473930958675153,0.4824323353293413,0.9341644311377246,0.1194482747980601,2.673812333252781,-0.020044309174147,3.2730999541727317,3430.6640625,0.0296885910496718,0.0108730839221775,2730.001087786211,1071.6217866637442
120.mat,8,Ball,2,1748.0,12000,0.0047981021355726,0.1460502821852437,0.1461290755137139,0.4517320958083832,0.8774745708582834,0.1185588472858969,2.6605010510160465,0.0257481379614721,3.0913224778869486,3430.6640625,0.0269878044247816,0.0106883680048962,2786.312506332992,1106.5744249712916
120.mat,9,Ball,2,1748.0,12000,0.0050007098205931,0.1455584666552573,0.1456443418528143,0.5667361676646706,1.117716127744511,0.1171449557623035,2.897035246446084,0.0335340754773214,3.891233675506629,3430.6640625,0.0267430949270481,0.0106186409997816,2750.7914438986268,1086.96967786538
120.mat,10,Ball,2,1748.0,12000,0.0050097119627931,0.1464207900166732,0.1465064673079549,0.5667361676646706,1.124863273453094,0.1164346589828156,3.0680642704695,-0.0018314722152863,3.868335494523921,3430.6640625,0.0250266469696874,0.0107446220643475,2756.1957332977117,1089.7679196131244
120.mat,11,Ball,2,1748.0,12000,0.0048290346065681,0.1456963487473274,0.1457763547820232,0.5581271057884232,1.0524172055888223,0.1170375249111152,2.899095508725631,-0.0033530852242675,3.828653190176011,3430.6640625,0.0288259834772219,0.0106370332951181,2757.656103283176,1084.195659653038
120.mat,12,Ball,2,1748.0,12000,0.0046726273429703,0.1459072410298594,0.1459820414682291,0.4764222355289421,0.9430983632734532,0.1188466778942115,2.7086661507724186,0.0283043937060147,3.2635674274539346,3430.6640625,0.0268165315654945,0.0106662950012918,2741.94980825173,1077.7763438783852
120.mat,13,Ball,2,1748.0,12000,0.0047515448010229,0.1508693851452582,0.1509441901899652,0.4764222355289421,0.9385501796407186,0.1228008787698041,2.682372736780384,0.0398742444381024,3.156280708315826,3430.6640625,0.0272841384827355,0.0114033637386072,2764.349332021771,1077.9557814512234
120.mat,14,Ball,2,1748.0,12000,0.0046570024794161,0.148928188250025,0.14900098297504,0.4700872654690619,0.9322152095808384,0.1202791685574164,2.770344393192393,0.0316030158789422,3.154927276874466,3430.6640625,0.0281301489386469,0.011111490917084,2744.2982793058845,1087.9952569668098
120.mat,15,Ball,2,1748.0,12000,0.004784341151681,0.1463172789144107,0.1463954781718791,0.454493493013972,0.8981038323353294,0.1180459631225829,2.7391921956164014,0.0241151486021736,3.10455964002087,3430.6640625,0.0271171516245662,0.0107272642610406,2755.1367790373088,1093.9394609499857
120.mat,16,Ball,2,1748.0,12000,0.0048540581824631,0.1477942142637177,0.1478739045628688,0.5522794411177645,1.084579361277445,0.1191904645494167,2.832606911078316,0.0124363256312126,3.7347998806845726,3430.6640625,0.02522989121205,0.0109451267660374,2746.308228036071,1066.9273956953
120.mat,17,Ball,2,1748.0,12000,0.0048864976199943,0.1481281212024557,0.1482086979564952,0.5522794411177645,1.084579361277445,0.1192352769753461,2.866843479736493,0.0124477516678807,3.726363221137529,3433.59375,0.028476983138228,0.0109948480331613,2744.384018474178,1068.710065877648
120.mat,18,Ball,2,1748.0,12000,0.0047948106034025,0.1509700271070292,0.1510461495484729,0.5165437125748502,1.002874491017964,0.1212199519028349,2.821121720512908,0.0199159040839951,3.4197741161821797,3430.6640625,0.031435179997636,0.0114189647730012,2750.167819662639,1065.0564988428214
120.mat,19,Ball,2,1748.0,12000,0.0047389735275542,0.1492757527961401,0.149350956618795,0.5160564071856288,0.9674636327345312,0.1198611439718219,2.810813204096549,0.0294806222995032,3.455327095780288,3430.6640625,0.0336404135561222,0.0111640832414887,2753.925111101258,1075.715683516561
120.mat,20,Ball,2,1748.0,12000,0.0047534483376996,0.1495207694873793,0.1495963093769269,0.5191426746506986,1.0351990818363277,0.1203645104517527,2.7872074672824905,0.0446281184840293,3.4702906563199547,3430.6640625,0.0344637041576469,0.0112008255253495,2749.9689256184306,1069.2835480413985
120.mat,21,Ball,2,1748.0,12000,0.0047364751356661,0.1513775428814678,0.1514516249022816,0.5191426746506986,0.9962146506986028,0.1215507310574164,2.7754554154739783,0.0329363074408254,3.42777883687716,3430.6640625,0.034826455758855,0.0114800163596715,2770.154802651014,1091.0014980256162
120.mat,22,Ball,2,1748.0,12000,0.0048118631194641,0.1534147633583872,0.1534902069937701,0.5214167664670659,1.014732255489022,0.1225821703370602,2.866541667711052,0.0319460075511697,3.397068625285189,3430.6640625,0.0296335830927106,0.0117911997984542,2772.8485798469346,1077.143446341556
120.mat,23,Ball,2,1748.0,12000,0.0047886241092034,0.1521657699553815,0.1522410997955983,0.5488683033932136,1.0702850698602795,0.1216651415430857,2.9325035534829635,0.0591869483358343,3.6052570832064,3433.59375,0.0283705057887094,0.011600142750191,2754.552635408498,1091.271204155451
120.mat,24,Ball,2,1748.0,12000,0.0046343979813809,0.145122886384946,0.1451968656595168,0.5488683033932136,1.0220418363273454,0.1166251712785366,2.8439236880033056,0.0411909029544451,3.780166334170716,3430.6640625,0.0287604985431249,0.0105518065477441,2755.875406486616,1115.6365910778825
120.mat,25,Ball,2,1748.0,12000,0.004538150408168,0.1485239886022356,0.1485933040195425,0.5303506986027944,0.9898796806387224,0.1188643252654846,2.9023515145787218,0.0003824563434659,3.569142648130662,3430.6640625,0.0285061394174214,0.0110502824727168,2743.656315650609,1077.603009012232
120.mat,26,Ball,2,1748.0,12000,0.0046591439581773,0.1508261979881414,0.1508981432025625,0.5387973253493015,1.0691480239520958,0.1201236337481287,2.995752396275998,0.0304215403938791,3.570602751725255,3430.6640625,0.0303367268664187,0.0113959810801605,2787.7161202636594,1081.411976634358
120.mat,27,Ball,2,1748.0,12000,0.0047156552032653,0.1460619426191364,0.1461380459896463,0.5387973253493015,1.0431584031936127,0.1170449407727513,2.893536779975863,0.038103928262256,3.686906593697541,3430.6640625,0.0302606069430413,0.0106892830542366,2762.933824795258,1061.24192474733
120.mat,28,Ball,2,1748.0,12000,0.0047176777109842,0.1477319521624982,0.1478072602165651,0.6045835528942115,1.1247008383233532,0.1190244206313934,2.798672963836173,0.0284670007096156,4.0903508529174015,3430.6640625,0.0338349433813263,0.0109346236541624,2769.375991368182,1096.8488850043564
120.mat,29,Ball,2,1748.0,12000,0.0048299070608782,0.1474958357587852,0.1475748947768531,0.6045835528942115,1.1247008383233532,0.1183965707842128,2.893048631143447,0.0481697205164804,4.096791353355852,3430.6640625,0.0363325396023806,0.0109008402915064,2763.337993160543,1093.7725038902272
120.mat,30,Ball,2,1748.0,12000,0.0048813818651758,0.1476359645566488,0.1477166406316016,0.5295385229540919,1.014407385229541,0.1184269480570109,2.8464746314484803,0.0397120013925835,3.5848264670108243,3430.6640625,0.0350183106651257,0.0109220179806196,2765.5044153757467,1090.9836099774411
120.mat,31,Ball,2,1748.0,12000,0.0047727216465506,0.1489108872338112,0.1489873525124743,0.5295385229540919,1.0212296606786428,0.1190839854665668,2.8601678601199776,0.0387181259590178,3.5542515121191576,3430.6640625,0.0366958497425052,0.011110006180186,2760.8742836203664,1085.3137488565274
120.mat,32,Ball,2,1748.0,12000,0.0046735791113086,0.1461494109628308,0.1462241179371313,0.5033864670658682,0.9567429141716566,0.1166526932463198,2.926549630476395,0.0315209544381973,3.442567985141124,3430.6640625,0.0313955757571301,0.0107016687884164,2753.1013177499235,1095.8439579362223
120.mat,33,Ball,2,1748.0,12000,0.0046898384870883,0.1454288705434353,0.1455044706274492,0.5033864670658682,0.9567429141716566,0.1166446032154441,2.8518253404118887,0.0311959919033862,3.459594505207629,3430.6640625,0.0313292568273461,0.0105967732353878,2739.996154584311,1086.4978186727508
120.mat,34,Ball,2,1748.0,12000,0.0046441536068488,0.1459917629469087,0.1460656120073112,0.5519545708582835,0.9981638722554892,0.1167109890570421,2.835335176189554,0.0322972487323434,3.778812571097539,3430.6640625,0.0309966616515858,0.0106783658737663,2736.1343587723354,1086.3361931338848
120.mat,35,Ball,2,1748.0,12000,0.00454552661279,0.1466782046804656,0.1467486202336232,0.5519545708582835,1.0428335329341318,0.1174070093114552,2.856737130046328,0.0390464988625424,3.761224943577487,3430.6640625,0.033662023423328,0.0107779096783751,2742.497654254666,1072.5011571482466
120.mat,36,Ball,2,1748.0,12000,0.0045853025979291,0.1460981627723239,0.1461701001072484,0.5102087425149701,1.0010877045908184,0.1179696233704466,2.7545108132419123,0.0414290805873605,3.49051373803957,3430.6640625,0.0391396516787338,0.0106933616811797,2730.285862321653,1078.21403787965
120.mat,37,Ball,2,1748.0,12000,0.0045954547935379,0.1452929908411118,0.1453656472221511,0.518005628742515,0.954956127744511,0.1167826096245009,2.790785070327823,0.0618000486086372,3.563466600543435,3430.6640625,0.0359826152163194,0.0105761452455836,2734.493899840561,1086.0406491476697
120.mat,38,Ball,2,1748.0,12000,0.0046034258533713,0.1465286277960537,0.1466009218708461,0.518005628742515,0.963077884231537,0.11751876277718,2.84417545106875,0.0713999083262976,3.533440459527755,3430.6640625,0.039490256896696,0.0107565109976368,2724.1208142238124,1083.363522593447
120.mat,39,Ball,2,1748.0,12000,0.0044939724944641,0.1506817759936159,0.1507487758005724,0.535548622754491,1.032600119760479,0.1211751394769055,2.875879629082939,0.0207064897383574,3.5525901945829097,3430.6640625,0.0401475854241348,0.0113726951719098,2738.019830495248,1081.8368134975406
120.mat,40,Ball,2,1748.0,12000,0.0043758342494698,0.1552690080022124,0.1553306562510116,0.535548622754491,1.032600119760479,0.1240346084783557,2.970738947883929,0.0422088203734725,3.447797335569444,3430.6640625,0.0369982282913443,0.0120733806950682,2745.5498251849144,1074.9054553290289
120.mat,41,Ball,2,1748.0,12000,0.0042578149755177,0.1510506507250741,0.1511106484429012,0.5129701397205588,0.9807833133732536,0.1206119702197168,2.8862754907791603,0.0563587167759006,3.39466573008844,3430.6640625,0.0359271572648867,0.0114262787702006,2734.639945406132,1085.6550864752085
120.mat,42,Ball,2,1748.0,12000,0.0043291579438778,0.1467664961139466,0.1468303306203052,0.5677107784431138,1.070772375249501,0.1179716458781655,2.7825546022961767,0.0429837057429622,3.866440782668951,3430.6640625,0.0303099491499845,0.0107889439413181,2734.421565462152,1082.001579304575
120.mat,43,Ball,2,1748.0,12000,0.0043592576175773,0.1459368461577731,0.146001939005802,0.5677107784431138,1.070772375249501,0.1170586224426147,2.897321377533001,0.0514784725554265,3.8883783483214778,3430.6640625,0.0314935823682436,0.01066778557062,2748.0465538610338,1094.5907338867512
120.mat,44,Ball,2,1748.0,12000,0.0042713380173247,0.1452929759853395,0.1453557470454288,0.5241781636726547,1.0382853493013973,0.1171235409746912,2.846721171578221,0.0239467098497088,3.606174329721069,3430.6640625,0.036124051338868,0.0105732726706773,2774.429886571465,1113.6947327738137
120.mat,45,Ball,2,1748.0,12000,0.0042796263332709,0.1444145582857133,0.14447795626465,0.5241781636726547,1.0382853493013973,0.1169130018868513,2.77277415458889,0.0344432994480105,3.628084015200784,3430.6640625,0.0325415624235582,0.010446098645015,2729.943484074259,1097.9171932263762
120.mat,46,Ball,2,1748.0,12000,0.0041111236803736,0.1429368867436324,0.1429959962022619,0.4985134131736527,0.9804584431137724,0.1149661200937967,2.831484514852027,0.0340181356610199,3.4862053932511925,3430.6640625,0.0373202251142083,0.0102323787249789,2742.595534881784,1078.8158809716847
120.mat,47,Ball,2,1748.0,12000,0.0039805727899669,0.1448186360597097,0.1448733319487437,0.5241781636726547,1.0226915768463074,0.1161909666311907,2.89879413886242,0.0104437075829213,3.61818256418724,3430.6640625,0.034647731798545,0.0105020642788651,2750.7610353803298,1082.7708126996554
120.mat,48,Ball,2,1748.0,12000,0.00394333485373,0.145731211539377,0.1457845530449069,0.5241781636726547,1.0027120558882237,0.1177862493372629,2.823548420676203,0.0302664516662008,3.595567244433563,3430.6640625,0.0325484361842231,0.0106343429698532,2726.5189282820056,1083.5014421870424
120.mat,49,Ball,2,1748.0,12000,0.0040288353761227,0.1445844130497382,0.1446405337774484,0.5171934530938124,1.0111586826347303,0.1166251712785366,2.824252509904883,0.0314846265001392,3.5757158770555533,3430.6640625,0.029380158356379,0.0104685578121027,2729.617372137729,1084.0163269670395
120.mat,50,Ball,2,1748.0,12000,0.0040641301186689,0.1443756413962192,0.1444328320784134,0.5491931736526946,1.066386626746507,0.1161945754194735,2.848559424358444,0.0189458394875164,3.802412275309636,3430.6640625,0.028167886145638,0.010438680070929,2714.001056100049,1091.4050952490704
120.mat,51,Ball,2,1748.0,12000,0.0041386059911427,0.1468670515127984,0.1469253513850244,0.5548784031936127,1.1040715768463074,0.1176931346681636,2.9931564683368355,0.0519495768844817,3.776600824588325,3430.6640625,0.0300663939272905,0.0108020938059113,2731.423853844064,1083.43517054519
120.mat,52,Ball,2,1748.0,12000,0.0042722104716348,0.1475851415061027,0.1476469633134738,0.5548784031936127,1.0733713373253493,0.1177858924241361,3.011080608180437,0.0496090455838929,3.7581430104697313,3430.6640625,0.0290923492739689,0.0109089397287436,2737.7962750797687,1090.3718065752353
120.mat,53,Ball,2,1748.0,12000,0.0042154216274482,0.1455502098979356,0.1456112405717027,0.4923408782435129,0.958692135728543,0.1169358839839851,2.8318207156785133,0.0197705234102269,3.381201041282741,3430.6640625,0.0330251924838709,0.0106102026695024,2727.009345444798,1106.035324250599
120.mat,54,Ball,2,1748.0,12000,0.0041831408179734,0.1441927116534497,0.1442533769486104,0.4923408782435129,0.9430983632734532,0.1161464714613741,2.776800013110764,0.0288611583979175,3.413028441052766,3430.6640625,0.0330807327389776,0.0104132689843753,2750.805478272061,1102.6316994735205
120.mat,55,Ball,2,1748.0,12000,0.0041614087742483,0.1461631713297476,0.1462223990233901,0.5220665069860279,1.0313006387225547,0.1176077531168132,2.8051925609388126,0.0276973122315065,3.570359332584309,3430.6640625,0.0377112454988155,0.0106991546589861,2738.5257004657906,1097.3339974355422
120.mat,56,Ball,2,1748.0,12000,0.0041472512202158,0.1471102234581948,0.1471686703704413,0.5236908582834332,1.0329249900199602,0.1178607252097367,2.8626955967567422,0.0191973060028476,3.558439829382437,3430.6640625,0.0379890391571084,0.0108379086746788,2721.207566356524,1083.514499455319
120.mat,57,Ball,2,1748.0,12000,0.0040774945324195,0.1484368752669154,0.1484928681811612,0.5236908582834332,0.9954024750499004,0.1193657485517246,2.792934704343077,0.0317544154317532,3.526707138854174,3430.6640625,0.0337103072537204,0.0110333791381049,2755.804842763906,1073.3012814390584
121.mat,0,Ball,3,1722.0,12000,0.0031894550157497,0.153861116004228,0.1538941702643866,0.6239133333333333,1.1240510978043912,0.1237335324273328,2.8556759209552376,0.0500957124715112,4.0541713325557724,3380.859375,0.0477346482916182,0.0118467941401941,2659.4435039919326,1100.4200995801157
121.mat,1,Ball,3,1722.0,12000,0.0032371624037082,0.1555737893470365,0.1556074649630411,0.5123203992015969,1.0124581636726546,0.1253656168424869,2.818444883975033,0.0272112972262373,3.292389599196156,3380.859375,0.0453847406926152,0.0121120811907491,2672.598221526577,1095.3692716763
121.mat,2,Ball,3,1722.0,12000,0.0034010648429703,0.1555204180515468,0.1555576024275058,0.5037113373253493,0.9863061077844312,0.1259466317560192,2.729703205386862,0.0186663709502186,3.2381017029372945,3380.859375,0.0410890354378919,0.0121048677148076,2671.0620087198586,1093.449814880078
121.mat,3,Ball,3,1722.0,12000,0.0036740637280127,0.155523148492655,0.1555665403013962,0.5366856686626746,1.040397005988024,0.1256844988928393,2.7497369207331346,0.0256063562686522,3.4498785382955366,3380.859375,0.0450329738308652,0.0121072239350401,2692.8119074875704,1086.781297331136
121.mat,4,Ball,3,1722.0,12000,0.0038021955405595,0.1542482216630937,0.1542950763218177,0.6096190419161677,1.1688831936127744,0.1240223544609998,2.917024898240832,0.030804944940532,3.950994785113348,3380.859375,0.0425717386058595,0.0119107136979125,2666.7055957859184,1090.9347237757163
121.mat,5,Ball,3,1722.0,12000,0.0038669157875654,0.1556178572599374,0.1556658939391747,0.6096190419161677,1.1688831936127744,0.1247801206863616,2.9782574127376304,0.016292394009449,3.9162017220957326,3380.859375,0.044562240751117,0.0121234119825945,2665.534696585927,1090.9960916982204
121.mat,6,Ball,3,1722.0,12000,0.0039561044122692,0.1552263648810792,0.155276769403265,0.5873654291417165,1.0784068263473054,0.1249254636430264,2.893968127675957,-0.0240497338616843,3.782699958267975,3380.859375,0.0438043152613273,0.0120632631188837,2670.567640277064,1089.614576945048
121.mat,7,Ball,3,1722.0,12000,0.0039805727899669,0.1504682720819026,0.1505209150352525,0.500462634730539,1.0006003992015968,0.1217739603897673,2.818110022067627,-0.0109950890097846,3.324871062691379,3380.859375,0.0421312461370666,0.0113361955978882,2654.308681434959,1107.4429379068133
121.mat,8,Ball,3,1722.0,12000,0.0038942394702781,0.1520647798025082,0.1521146355793458,0.5157315369261477,0.9824076646706588,0.1229005765032435,2.7758204068571275,0.0293393883879434,3.390413650612419,3380.859375,0.0440428643285885,0.0115770167995664,2690.99624640447,1131.8717427880315
121.mat,9,Ball,3,1722.0,12000,0.0040110293767932,0.1550085955065407,0.1550604818694043,0.5157315369261477,0.96405249500998,0.1246788366723584,2.808601491620465,0.023826084825431,3.3260024134357407,3380.859375,0.0466499056313314,0.0120299217716974,2693.435977983489,1101.828035725346
121.mat,10,Ball,3,1722.0,12000,0.0040016703214664,0.1575806716582872,0.1576314735249234,0.548705868263473,1.0012501397205589,0.1265858631662456,2.8037587173255085,0.0261358623059103,3.480941058238068,3380.859375,0.0441530745633459,0.0124318499391053,2704.3563925400995,1113.47365188221
121.mat,11,Ball,3,1722.0,12000,0.0040380358033932,0.1560496172997672,0.1561018539049209,0.548705868263473,1.0431584031936127,0.1261594312936627,2.713912368831827,0.0112015536518102,3.515050299131493,3380.859375,0.0435423366485404,0.0121920473505722,2668.8381843226675,1092.2336684487398
121.mat,12,Ball,3,1722.0,12000,0.0038731022817645,0.1550836628930678,0.1551320193177917,0.4944525349301397,0.9697377245508982,0.1253653789004023,2.715338091932807,0.0188541136268269,3.1873016099741576,3380.859375,0.0461892995379925,0.0120404725919418,2675.5240003753543,1094.150759488358
121.mat,13,Ball,3,1722.0,12000,0.0038745695912861,0.1544747987215804,0.1545233824687723,0.5236908582834332,1.0030369261477046,0.1240620511321107,2.819084480619102,0.0355890074301133,3.38907193148756,3380.859375,0.0424969807566653,0.01194624418922,2673.335965013131,1090.109462672371
121.mat,14,Ball,3,1722.0,12000,0.0038083027207304,0.1520271984401286,0.1520748902191514,0.5236908582834332,1.0257778443113774,0.1219976259492733,2.8677766302678704,0.0007352880836792,3.443637917665138,3380.859375,0.0429589019461463,0.0115706381968785,2678.599378504259,1096.162571744194
121.mat,15,Ball,3,1722.0,12000,0.0038780594085266,0.1534954655589577,0.1535444472846128,0.5124828343313372,1.0145698203592812,0.1235735560324663,2.8343142586915038,-0.0060401224211743,3.337683930578028,3380.859375,0.0438477171297593,0.0117954689300689,2681.632839084473,1097.9124291826336
121.mat,16,Ball,3,1722.0,12000,0.0039280669033027,0.1539019067300339,0.1539520269588448,0.5940252694610779,1.173431377245509,0.1241126138250842,2.820257830191244,0.0348420673724194,3.858508921223074,3380.859375,0.047196608948644,0.0118583282074996,2666.6941105283454,1096.1449464007962
121.mat,17,Ball,3,1722.0,12000,0.0038593809548871,0.1532636702965148,0.1533122547421234,0.5940252694610779,1.173431377245509,0.1233758658171937,2.8517892326163485,0.0457464210874937,3.8746104834231896,3380.859375,0.0438277398660433,0.0117597720162712,2681.5443967910005,1099.7268930908829
121.mat,18,Ball,3,1722.0,12000,0.0039409950898983,0.1539783116389873,0.1540287372456572,0.5459444710578842,1.0696353293413174,0.1241798721209923,2.876299702029124,0.0130803090501986,3.544432557329668,3380.859375,0.0428022390677527,0.0118701928268905,2689.862017081604,1099.3422555996665
121.mat,19,Ball,3,1722.0,12000,0.0038750058184412,0.1538173243481671,0.1538661266807032,0.5459444710578842,1.0696353293413174,0.1230135593364053,2.971205630886945,0.0210300538096366,3.5481784252021,3380.859375,0.0425209095616188,0.0118449022014079,2702.1315869878144,1102.577627625294
121.mat,20,Ball,3,1722.0,12000,0.0041234966687718,0.155708977262768,0.1557635670655837,0.5280766067864271,1.0390975249500998,0.1239155977790512,3.004443451987142,0.0377409183407868,3.390244694152916,3380.859375,0.0436342022060236,0.0121396464543224,2696.681938867386,1090.151798980058
121.mat,21,Ball,3,1722.0,12000,0.0040560797448072,0.1541718812757074,0.154225227375378,0.5280766067864271,1.0390975249500998,0.123217872273032,2.9247733972369008,0.0148588435084085,3.4240611330149626,3380.859375,0.0409480808036199,0.0119009363027105,2693.7616251270624,1078.9856604923527
121.mat,22,Ball,3,1722.0,12000,0.0040624645240768,0.1551912732611869,0.1552444360176485,0.4957520159680638,0.9660017165668662,0.1246317637966255,2.7673409970429628,0.010842137988017,3.193364146794321,3380.859375,0.0439673822699273,0.0120586693153697,2684.6878058481,1079.0946760743866
121.mat,23,Ball,3,1722.0,12000,0.004092048656593,0.1586302631987133,0.1586830339535421,0.5074473453093812,0.9908542914171656,0.1274568501668538,2.7813343472593286,0.0274882511981112,3.197867677888912,3380.859375,0.0462203533821232,0.0125985258815619,2701.60427278848,1075.650169299139
121.mat,24,Ball,3,1722.0,12000,0.0039739500686127,0.1558194172290478,0.1558700839312917,0.6258625548902196,1.1661217964071855,0.1241851465038672,3.007876458620832,-0.0005285019428113,4.015283363586965,3380.859375,0.0452810831159934,0.0121556385159227,2704.755813864685,1083.7750781979398
121.mat,25,Ball,3,1722.0,12000,0.0040501708497068,0.1588867287874465,0.1589383417199494,0.6258625548902196,1.2090046706586826,0.1276721084393712,2.9101415755135824,0.0038886340284391,3.937769503050399,3380.859375,0.0456919543576461,0.0126389004159003,2694.5365745317263,1068.5134783790425
121.mat,26,Ball,3,1722.0,12000,0.0041663262439963,0.159150010615194,0.1592045355923874,0.583142115768463,1.1159293413173652,0.1286105916779721,2.758341298439995,0.0074878089350631,3.66284863429699,3380.859375,0.0438382532265033,0.0126817213882219,2703.911509822636,1064.1602423320417
121.mat,27,Ball,3,1722.0,12000,0.0042366777870041,0.157767636379078,0.1578245118076146,0.5344115768463074,1.0213920958083833,0.1266903197413766,2.809845588312427,0.0174602866748586,3.3861126559209374,3380.859375,0.047051615818836,0.0124632643970505,2720.148552691375,1089.2396482353447
121.mat,28,Ball,3,1722.0,12000,0.004216571680857,0.1562599141246123,0.1563167944878957,0.5344115768463074,1.0213920958083833,0.124836790559506,2.8640801937983587,-0.0049067224802672,3.4187726187520373,3380.859375,0.0416091522463631,0.0122263602497952,2707.904644832526,1070.2139886300884
121.mat,29,Ball,3,1722.0,12000,0.0043162694142964,0.1566638887830669,0.1567233365848556,0.5534164870259481,1.048843632734531,0.1261716456540045,2.792299094941177,-0.0176284873267636,3.5311683574724606,3380.859375,0.0455331396889032,0.0122904177321319,2693.7461624157245,1071.261413640805
121.mat,30,Ball,3,1722.0,12000,0.0043023101453343,0.1615226148772294,0.1615799028015687,0.5815177644710579,1.112030898203593,0.1305565217026883,2.807663785585956,-0.0039883801148937,3.598948596875948,3380.859375,0.0465743366801193,0.0130632878118909,2707.5148725531594,1067.799701272883
121.mat,31,Ball,3,1722.0,12000,0.0042072126255301,0.1601567908621939,0.1602120416740044,0.5815177644710579,1.1297363273453094,0.1286140418381985,2.8843585193469465,-0.0089194219448988,3.62967576216472,3380.859375,0.0485230598253556,0.0128427996158264,2708.9343328555574,1063.8895205887904
121.mat,32,Ball,3,1722.0,12000,0.004172314453125,0.1551498314256588,0.1552059225651718,0.5482185628742515,1.0520923353293412,0.124796261091099,2.789699687550282,0.0293731652475391,3.5322013091610702,3380.859375,0.0410985960579941,0.0120531433222497,2688.550290166976,1070.3332108426812
121.mat,33,Ball,3,1722.0,12000,0.004315714216099,0.1556867303276157,0.1557465357216615,0.5157315369261477,1.009047025948104,0.1255096907747006,2.8185205781315896,0.0267110828917491,3.311351578617608,3380.859375,0.0389768549159449,0.0121378044315708,2690.514296438237,1065.097118066344
121.mat,34,Ball,3,1722.0,12000,0.0043773412160054,0.1565509111265885,0.1566120968849033,0.5901268263473054,1.105858363273453,0.125419352096588,3.0067758849722983,0.0209800931104338,3.7680794656685976,3380.859375,0.0398962359707774,0.0122732569170393,2720.7469359122924,1089.1095133010424
121.mat,35,Ball,3,1722.0,12000,0.0044684333773858,0.1526992013964825,0.1527645672398271,0.720562235528942,1.3920690618762477,0.1203501942696637,3.39860507894927,0.0481514015967951,4.71681521800616,3380.859375,0.0307473818505855,0.0116784901415289,2701.295075919231,1077.682926672906
121.mat,36,Ball,3,1722.0,12000,0.004604536249766,0.1511343131321885,0.1512044389560499,0.720562235528942,1.3920690618762477,0.1191346274735684,3.437757088469579,0.0402829119750276,4.765483344959108,3380.859375,0.0312801309754776,0.0114419958525546,2724.3622285209067,1099.4059004994133
121.mat,37,Ball,3,1722.0,12000,0.0045391418335204,0.1501646838404435,0.1502332722185241,0.6222889820359282,1.2229740918163672,0.1196337109959767,3.100568439914336,0.0214310693301619,4.142151554355868,3380.859375,0.0326812888859621,0.0112953218488695,2712.5820579673164,1096.8197230202331
121.mat,38,Ball,3,1722.0,12000,0.0045166959635416,0.151696925759467,0.1517641519835969,0.6222889820359282,1.1401321756487026,0.1213203238055139,2.921520656409521,-0.000690429739807,4.100368722800802,3380.859375,0.0319707489020349,0.011526382336515,2708.265455183453,1115.6465389669515
121.mat,39,Ball,3,1722.0,12000,0.0043417292173465,0.1500966486625524,0.1501594304475295,0.5526043113772454,1.080843353293413,0.1203394472188435,2.8653963886530063,0.0233565815418613,3.680117257572729,3380.859375,0.0305863258168586,0.0112833525930426,2665.0596732388863,1074.1243693490633
121.mat,40,Ball,3,1722.0,12000,0.0043713926638909,0.1517567771685823,0.1518197236541308,0.5526043113772454,1.0827925748502991,0.1209358887108595,3.017502601699443,0.0549822684366335,3.6398716719848903,3380.859375,0.0410092086019168,0.0115341687821979,2672.7552365840006,1066.3436303686008
121.mat,41,Ball,3,1722.0,12000,0.004436152567911,0.158460506471549,0.1585225900647148,0.5566651896207585,1.1016350499001994,0.1259000347644554,3.052208420699861,0.0396708574571546,3.511582730218494,3380.859375,0.0465841805631914,0.0125745458384671,2678.711149983948,1076.6334365106177
121.mat,42,Ball,3,1722.0,12000,0.00445046875,0.1523855082870226,0.1524504831346524,0.5566651896207585,1.1016350499001994,0.1212702766537238,3.0345457715143245,0.0246990305411517,3.651449166803111,3380.859375,0.0411114320090036,0.0116304831389487,2714.329126524644,1123.473430333377
121.mat,43,Ball,3,1722.0,12000,0.0044863980047717,0.1471739482781171,0.1472423132758621,0.5435079441117764,1.0623257485029938,0.1177280328405688,2.9236375509902826,-0.001720195643516,3.6912483376534624,3380.859375,0.0346926222120656,0.0108502141500017,2689.03855770959,1091.6641657883188
121.mat,44,Ball,3,1722.0,12000,0.0045390625194922,0.1481254523223319,0.1481949820818886,0.5805431536926148,1.1311982435129742,0.1180907358914982,2.993464209649561,-0.0059634955347476,3.9174278746619215,3380.859375,0.0299055759592688,0.0109911826368305,2714.608826177325,1114.7138145479616
121.mat,45,Ball,3,1722.0,12000,0.0045119767788641,0.1489475971123166,0.1490159206930118,0.5946750099800399,1.1752181636726546,0.1186919758822199,3.0202267256829027,0.0118131709485681,3.990681044108917,3380.859375,0.0310362060786563,0.0111130514260145,2672.647513733284,1077.9005752021196
121.mat,46,Ball,3,1722.0,12000,0.0044593122641435,0.149322279265086,0.1493888501555235,0.5946750099800399,1.050467984031936,0.1203584429285959,2.808513605346371,0.0518021095744384,3.980718837858008,3380.859375,0.034293736511398,0.0111684576382068,2672.844261134164,1086.7086391991663
121.mat,47,Ball,3,1722.0,12000,0.0044474151599145,0.1486501699841864,0.148716685472519,0.5051732534930139,0.9616159680638722,0.1199629038699943,2.7597909875491915,0.0487960665137868,3.3968834894882285,3380.859375,0.0365156102884465,0.0110682167550657,2682.099243626055,1086.4006603726043
121.mat,48,Ball,3,1722.0,12000,0.0043171418686065,0.1479308503477409,0.1479938316232112,0.5383100199600799,1.0230164471057883,0.1180331539070296,2.9381734665414765,0.0411168550069257,3.637381464185646,3380.859375,0.0404160885043149,0.0109604070961066,2686.607361187114,1100.807475823725
121.mat,49,Ball,3,1722.0,12000,0.0043728203163984,0.1510140337688636,0.1510773310350133,0.5383100199600799,1.0571278243512974,0.1204342274825349,2.937264025349367,0.0370517929003966,3.5631422416068657,3380.859375,0.043356831346951,0.0114217420758394,2697.305483423577,1103.985670393529
121.mat,50,Ball,3,1722.0,12000,0.004385351932853,0.1533231871894072,0.1533858893167588,0.5188178043912175,1.0170063473053892,0.1231040169855601,2.819253944312484,0.0197237475171306,3.382435025165851,3380.859375,0.0376189944191746,0.0117732330950794,2688.3399173312646,1103.866869054959
121.mat,51,Ball,3,1722.0,12000,0.0045480646616922,0.1515291984798847,0.1515974369312464,0.5565027544910179,1.020092614770459,0.1209545671644991,2.9074825085068654,0.063524430761052,3.670924560178461,3380.859375,0.0356505465279827,0.0115012345638693,2676.7442913771674,1091.465779184747
121.mat,52,Ball,3,1722.0,12000,0.0047068910031499,0.15799530883669,0.158065405567811,0.5565027544910179,1.1030969660678642,0.1261699007453842,2.916778441785085,0.0638522302252702,3.520711900823073,3380.859375,0.0387641693481099,0.0125034139481871,2697.8731338067823,1073.5896708059104
121.mat,53,Ball,3,1722.0,12000,0.0047393304406811,0.1527547545807517,0.1528282575312944,0.5465942115768464,1.0280519361277447,0.1226217083801147,2.882479978036882,0.0352292975677446,3.576525836296478,3380.859375,0.0401594785432226,0.0116894691232327,2680.091990363051,1089.4707964094382
121.mat,54,Ball,3,1722.0,12000,0.0048594911933944,0.1425750497577679,0.1426578405419368,0.5335994011976047,0.9957273453093812,0.1146165435145334,2.856819962753212,0.0046605619686111,3.740414120741885,3380.859375,0.0372880223456128,0.0101874372455784,2675.2349111773765,1088.5197516722596
121.mat,55,Ball,3,1722.0,12000,0.0050009477626777,0.1438540286523041,0.1439409289883283,0.5335994011976047,1.0010877045908182,0.1152566473790699,2.894745657710437,-0.0268209758193563,3.7070720951152993,3380.859375,0.0354194710459879,0.0103720003529563,2660.8027515610625,1100.5303765205697
121.mat,56,Ball,3,1722.0,12000,0.0048161857340007,0.149829574469902,0.1499069612488236,0.4902292215568862,0.9492708982035928,0.1205811170627495,2.793518873257645,0.0050318027682933,3.270223193592574,3380.859375,0.0402364284534233,0.0112476475509191,2702.428806903228,1102.591343632861
121.mat,57,Ball,3,1722.0,12000,0.0048174944154659,0.151848361497886,0.1519247614513043,0.4902292215568862,0.9492708982035928,0.1227352464114739,2.7698519900971057,0.0288051706881569,3.2267894770663634,3380.859375,0.0402543854360506,0.0115521707833915,2679.302371087938,1087.9061590573642
130.mat,0,Outer Race,0,1796.0,12000,0.0342149811948368,0.6791836846142119,0.6800449561494448,3.547583233532934,6.630195908183633,0.4125072043656826,7.702574917769564,0.0887014962671219,5.216689281279408,3445.3125,0.1557364055489651,0.2318159138380409,3178.600861461909,924.5804943444082
130.mat,1,Outer Race,0,1796.0,12000,0.0342473016613257,0.6837594236485248,0.6846165547949047,3.325047105788423,6.476694710578842,0.4147513947934209,7.57233400163674,0.0775163017967211,4.856802077747784,3445.3125,0.1602638338745911,0.2349363529042702,3172.531380529033,927.434628553386
130.mat,2,Outer Race,0,1796.0,12000,0.0339233038561548,0.6775590997710941,0.6784077860897031,3.4923552894211576,6.704916067864271,0.4107841071031765,7.624517363801875,0.0800392576401283,5.147870294282527,3445.3125,0.1457076452996216,0.2306939582819026,3176.973620810491,931.9614783604372
130.mat,3,Outer Race,0,1796.0,12000,0.0334804341512287,0.6806827666452644,0.6815056626901982,3.4923552894211576,6.704916067864271,0.4154944680950598,7.585627231617028,0.0481790947873214,5.124469950308729,3445.3125,0.1490685100854326,0.2327854580890501,3177.682189361158,935.77279191932
130.mat,4,Outer Race,0,1796.0,12000,0.0328453270704684,0.6738416589863772,0.674641680372536,3.209312075848304,6.287051696606786,0.4122005565041791,7.399422414032387,0.0549338114666929,4.757061665795874,3445.3125,0.1521632585473055,0.2281101062196553,3189.1822409243973,935.8843755117284
130.mat,5,Outer Race,0,1796.0,12000,0.0323906594038485,0.6594168951912328,0.660211933003533,3.132155389221557,6.209895009980039,0.4030738912799401,7.519712271771056,0.0312251703435681,4.744166581437412,3336.9140625,0.1472751640103696,0.2184644791327283,3186.679930752627,950.9304374209032
130.mat,6,Outer Race,0,1796.0,12000,0.0318139472763457,0.6616874714120629,0.662451837543675,3.239362574850299,6.245630738522953,0.4071170230096448,7.407701463173131,0.0291773065743761,4.889959377064495,3336.9140625,0.1518007681090001,0.2199272821591673,3193.5434216327835,944.0078145690578
130.mat,7,Outer Race,0,1796.0,12000,0.0310705765471011,0.6508911046249061,0.6516322665482425,3.366874151696607,6.248473353293413,0.399198112149724,7.390660244145693,0.0671782192260975,5.166831546772932,3336.9140625,0.1451338775936408,0.2127950081135186,3210.0821919258883,960.2446398515084
130.mat,8,Outer Race,0,1796.0,12000,0.0301226747676521,0.6398487511542612,0.6405574134211744,3.366874151696607,6.137205289421158,0.3901453081142402,7.504343976652993,0.0853068538380377,5.256162962371096,3336.9140625,0.1341428887205658,0.2056106469566879,3219.622573346761,992.6329143418836
130.mat,9,Outer Race,0,1796.0,12000,0.0294497943809646,0.6445466407524516,0.6452190810060959,3.1666728542914173,5.934161377245509,0.3917330758161411,7.381529104953571,0.0738705677743462,4.90790329596824,3336.9140625,0.135051258110906,0.2085874770199163,3198.0585763153563,973.9018436784346
130.mat,10,Outer Race,0,1796.0,12000,0.0290059332506861,0.6407957786473013,0.6414519265665546,3.0623082834331337,5.942689221556886,0.3875134703737056,7.502113987063266,0.0378018287404783,4.774026168764497,3336.9140625,0.1340055525524086,0.2061510259752967,3231.228208682236,990.6803520958416
130.mat,11,Outer Race,0,1796.0,12000,0.0282158663873425,0.6424801940541223,0.6430994750952693,3.3295140718562872,6.511212175648702,0.3898047535056839,7.699552584948512,0.0142062810577383,5.177292473085988,3336.9140625,0.1348714104450945,0.2071865386521572,3206.8544761032545,972.5308509873756
130.mat,12,Outer Race,0,1796.0,12000,0.0278239559455308,0.6512702357538765,0.651864320624598,3.3295140718562872,6.511212175648702,0.3964955857815618,7.854681645981567,0.0463750726600635,5.107679568450749,3445.3125,0.1440381627580491,0.2128506335002979,3200.499444494359,960.8324564273724
130.mat,13,Outer Race,0,1796.0,12000,0.027298897078889,0.6590828672177735,0.6596479785777601,3.314488822355289,6.419436327345309,0.3983465769145303,7.934922965334514,0.0858298770752278,5.024632728355392,3445.3125,0.1558402904383481,0.2179403496713194,3198.73787240122,953.0812531553748
130.mat,14,Outer Race,0,1796.0,12000,0.0270214962652819,0.673629834808455,0.6741715772742729,3.283626147704591,6.53232874251497,0.407079844558929,7.734896072627283,0.0669759677622403,4.87060899390114,3445.3125,0.154430482000457,0.2276187393839184,3196.335078472397,939.1645559511676
130.mat,15,Outer Race,0,1796.0,12000,0.0262986480408324,0.686626175710978,0.687129626824705,3.283626147704591,6.510400000000001,0.4158407729706602,7.677636349598015,0.0514553521016307,4.778757922109336,3445.3125,0.1595157268066036,0.2364193723291155,3201.7000777978674,917.0537083628216
130.mat,16,Outer Race,0,1796.0,12000,0.0261051218120399,0.6940374417646922,0.6945282196974433,3.4253507984031937,6.532734830339321,0.4181321552451737,7.6537428071655,0.0488420278069154,4.931910181987099,3445.3125,0.1670531735882618,0.2415254710915707,3149.956545919372,952.2410692538414
130.mat,17,Outer Race,0,1796.0,12000,0.0251971744742936,0.6977395696482076,0.6981943888734382,3.4253507984031937,6.559942714570859,0.4216479478299261,7.458285132973883,0.050057118054493,4.906013071703599,3445.3125,0.1685074979236495,0.244055152730289,3190.9784150680307,912.1523218447398
130.mat,18,Outer Race,0,1796.0,12000,0.0244271344030688,0.6952693311921198,0.6956983022772752,3.260073053892216,6.497405189620759,0.4226095312792384,7.504852499729655,0.0470827256598636,4.686044285605991,3445.3125,0.1611952298559997,0.2422964068465715,3146.538832766332,950.6897400408188
130.mat,19,Outer Race,0,1796.0,12000,0.024899548583497,0.698201959399126,0.6986458069926712,3.260073053892216,6.497405189620759,0.4249628776382781,7.604285320807795,0.009970300214669,4.666274414392089,3445.3125,0.1618128974676006,0.2443630283508359,3196.601943018151,934.4758549579228
130.mat,20,Outer Race,0,1796.0,12000,0.0245266735084518,0.6967935129378896,0.6972250407047319,3.347788023952096,6.53557744510978,0.4243419479400574,7.573221785453703,0.036009532816585,4.801588911046945,3445.3125,0.1535686843517447,0.2433621628652068,3189.153274704299,916.6545703729288
130.mat,21,Outer Race,0,1796.0,12000,0.0243339404199413,0.6878665573078908,0.6882968409915675,3.4635230538922155,6.545323552894212,0.4177015792146176,7.652555064580091,0.0529379135314155,5.0320193957343005,3445.3125,0.1578357657214905,0.2371723852782516,3195.8151323016173,933.4872165808946
130.mat,22,Outer Race,0,1796.0,12000,0.0243319575692365,0.6921075998683297,0.6925351788571112,3.4635230538922155,6.545323552894212,0.4204987867039358,7.457623085512713,0.0425772716224561,5.001223273030053,3445.3125,0.165997498425817,0.2400985090573925,3191.132249378823,923.0264197522132
130.mat,23,Outer Race,0,1796.0,12000,0.0240003257888519,0.6810464625663942,0.6814692214709114,3.2353016966067867,6.2691838323353295,0.4145844387640734,7.474242920527809,0.0680725405126446,4.747538985874634,3445.3125,0.1611664610394964,0.2324881577471323,3190.6881335284183,933.1575931562586
130.mat,24,Outer Race,0,1796.0,12000,0.0241106714305763,0.6641241219068968,0.664561640312951,3.3006818363273456,6.367863173652696,0.4024758635073603,7.686935385107488,0.1024336722227754,4.966705322884737,3445.3125,0.1553143026546145,0.2211118856194183,3220.8200265988544,976.8433154560388
130.mat,25,Outer Race,0,1796.0,12000,0.0237954973110419,0.6698630255624738,0.6702855352071915,3.3006818363273456,6.458420758483034,0.4074725481410226,7.452212353516415,0.0995270676085326,4.924292205272002,3445.3125,0.1519848410816886,0.2249244629438208,3197.991322019914,935.8729851641408
130.mat,26,Outer Race,0,1796.0,12000,0.0235090745267277,0.6607026683100765,0.6611207851044756,3.241799101796407,6.399538023952095,0.4049510560422125,7.416464278738092,0.0534516979525013,4.903489914152543,3336.9140625,0.1411401060635322,0.2188168281701277,3231.61496105432,977.5399487254218
130.mat,27,Outer Race,0,1796.0,12000,0.0236688922935379,0.6555211208887808,0.6559482878959946,3.241799101796407,6.261062075848303,0.4013160941300991,7.417699094729775,0.0471538316163682,4.942156510835224,3336.9140625,0.1395686842383347,0.2154141893419237,3201.152141172475,955.8582793553958
130.mat,28,Outer Race,0,1796.0,12000,0.0230508377288391,0.6590607549029905,0.6594637365111906,3.278347005988024,6.289894311377245,0.4036931355550617,7.244809450343441,0.0579276594434666,4.971231660639452,3336.9140625,0.1428627060854438,0.2177118808210273,3214.7161824454392,943.4563956450696
130.mat,29,Outer Race,0,1796.0,12000,0.0228250901760931,0.6484673071210445,0.6488688874852653,3.466771756487026,6.524613073852295,0.3969198166898625,7.397429467794836,0.0599018622351136,5.342792393580052,3336.9140625,0.1340228322203252,0.2107759179673236,3207.9742102359965,969.0269144757264
130.mat,30,Outer Race,0,1796.0,12000,0.0223913415844093,0.6459178713458336,0.6463058631189126,3.466771756487026,6.609485429141717,0.396623479652024,7.635646600349205,0.0702983920516099,5.363980050803255,3336.9140625,0.1366958936129666,0.2091063212028422,3218.7760057396927,963.81257243078
130.mat,31,Outer Race,0,1796.0,12000,0.0219062371594701,0.6482766708740221,0.6486466875163952,3.330732335329341,6.473446007984032,0.3953682360133249,7.801557576729504,0.053760389290977,5.134894541868995,3336.9140625,0.1388158299358753,0.210611204516443,3227.8666529393936,951.9351362031966
130.mat,32,Outer Race,0,1796.0,12000,0.0214575180449647,0.6450074196517159,0.6453642355185285,3.330732335329341,6.488065169660679,0.3879382961372177,7.899383045906855,0.0008024617695291,5.161011645854855,3336.9140625,0.1335901010521323,0.2084777138429872,3221.5059922709843,952.0379594697918
130.mat,33,Outer Race,0,1796.0,12000,0.0211996483108002,0.6549167167165609,0.6552597430968133,3.340884530938124,6.498217365269461,0.3960512289386071,7.539019755844208,0.0223725932932284,5.098565211939953,3336.9140625,0.1382970686279271,0.2149073796477979,3215.951035873043,942.034274966972
130.mat,34,Outer Race,0,1796.0,12000,0.0213147527942162,0.6626051211214894,0.662947860109,3.340884530938124,6.53842005988024,0.4028382294736699,7.521900674697015,0.0655917519334683,5.039437838126252,3336.9140625,0.1419364359924537,0.2199771009250618,3216.418249014197,949.7837062420036
130.mat,35,Outer Race,0,1796.0,12000,0.0203235257268665,0.6653260811902382,0.6656364172804325,3.4087011976047905,6.692733433133732,0.4024834974825739,7.973064806822275,0.0480574412748381,5.120965603912722,3445.3125,0.1409240792076868,0.221742461179398,3209.3178667602883,938.8527439038194
130.mat,36,Outer Race,0,1796.0,12000,0.0197333302145708,0.6787106469756963,0.6789974570199254,3.4087011976047905,6.692733433133732,0.4110622019145303,7.626341566173373,0.0723234873171859,5.020197295826928,3445.3125,0.148319234870689,0.2307134763976277,3200.448800139677,912.0710393427904
130.mat,37,Outer Race,0,1796.0,12000,0.019398724158129,0.6822210863895813,0.6824968287205032,3.5041318363273453,6.67933253493014,0.4120164488162347,7.717542447152929,0.0963584620201564,5.134282957617025,3445.3125,0.1496494071386237,0.2330891492582255,3188.077493024952,937.4694659797074
130.mat,38,Outer Race,0,1796.0,12000,0.0186281883742281,0.6868616269647411,0.6871141855607092,3.5041318363273453,6.67933253493014,0.4157892188523344,7.856680711020501,0.0722885311256218,5.099780953391103,3445.3125,0.1457529825786346,0.2362364650701539,3192.3157202190137,909.8669423999858
130.mat,39,Outer Race,0,1796.0,12000,0.0185629525860388,0.6887398597388378,0.6889899691590476,3.630425149700599,6.756895309381237,0.4159647011397128,7.678840647813991,0.0802007483688031,5.2691988449871685,3445.3125,0.1427956845627383,0.2375258806629762,3194.7317822089826,894.2054612213209
130.mat,40,Outer Race,0,1796.0,12000,0.0184693620327703,0.6870880162148434,0.6873362054773097,3.630425149700599,6.876285129740519,0.4115373920859453,7.959714197666693,0.0820622960455933,5.28187678863724,3445.3125,0.1372552440076608,0.2363860960383089,3194.8242219582407,898.6943627395777
130.mat,41,Outer Race,0,1796.0,12000,0.018287336338066,0.7026347470516552,0.7028726872163158,3.430223852295409,6.67608383233533,0.4250045175030797,7.623480694804365,0.0551767771985276,4.880291857520599,3445.3125,0.1361959745782694,0.2471822220992477,3189.1690176279394,891.1582871617242
130.mat,42,Outer Race,0,1796.0,12000,0.0181087806320951,0.6992457628794576,0.6994802104712156,3.430223852295409,6.666743812375249,0.4229507798855414,7.518591610624159,0.0401484087677356,4.903961257152059,3445.3125,0.1385487116313302,0.2448002470612304,3187.1663033630803,893.4007099093798
130.mat,43,Outer Race,0,1796.0,12000,0.0180060689655844,0.6876289016907022,0.6878646123765598,3.346163672654691,6.437710279441118,0.4149475978706649,7.690452970183374,0.0165979719643605,4.864567259963782,3445.3125,0.1363134092938278,0.2367409962235517,3192.703166662364,904.0938137100342
130.mat,44,Outer Race,0,1796.0,12000,0.017939940894578,0.6842174612469099,0.6844526103058323,3.346163672654691,6.46938512974052,0.4166531469044333,7.447461678470708,0.0181424788543868,4.888817169036046,3445.3125,0.1368866104914751,0.2343986111575517,3203.82055637354,889.0209045036819
130.mat,45,Outer Race,0,1796.0,12000,0.0176760234657637,0.6710253222449734,0.6712580911240716,3.2214947105788423,6.344716167664671,0.4074501419280579,7.4601092684686865,0.0308036393584703,4.799189392539328,3445.3125,0.1279837930241516,0.2254499899985936,3227.5894587248317,914.8628896746212
130.mat,46,Outer Race,0,1796.0,12000,0.0176772131761866,0.6674829268959669,0.6677169621653197,3.2214947105788423,6.185935828343313,0.4041554371968953,7.583243250843263,0.0108188349723513,4.824641117595623,3445.3125,0.1229834715919063,0.223079234615609,3215.6349506151155,919.5849948604885
130.mat,47,Outer Race,0,1796.0,12000,0.01729144957156,0.6597257631509876,0.6599523291825242,3.192256387225549,6.245224650698603,0.400436104987291,7.529488227970727,0.0401313711075381,4.837101478495821,3445.3125,0.1220553852793467,0.2179180355212616,3212.8215801092206,910.357308393795
130.mat,48,Outer Race,0,1796.0,12000,0.0167558815961826,0.6453966074773588,0.6456140801681368,3.227586027944112,6.358117065868264,0.3916687323107691,7.665201444312396,0.0558474341268698,4.999249748554979,3445.3125,0.1126929486615055,0.2085491773658069,3208.2510659170152,948.9164906261296
130.mat,49,Outer Race,0,1796.0,12000,0.0165794078834518,0.6418329185859952,0.6420470170839381,3.227586027944112,6.358117065868264,0.3893252010627183,7.772295374668472,0.0695022992628827,5.027024411083205,3336.9140625,0.1079150812676928,0.2062496246687004,3233.4938634965447,936.026515651708
130.mat,50,Outer Race,0,1796.0,12000,0.0167706538339336,0.6398500177863671,0.6400697618941484,3.383117664670659,6.5262374251497,0.3867190412388114,7.932817527348976,0.0451484444628323,5.285545210976772,3336.9140625,0.1065763189552125,0.2049852797264666,3229.7233547370424,949.151971662651
130.mat,51,Outer Race,0,1796.0,12000,0.0170077036356973,0.6419654413188016,0.6421906958455591,3.383117664670659,6.5262374251497,0.3868387062788485,7.949531874319933,0.047270820166992,5.268088881630679,3336.9140625,0.103077704240009,0.2063490759096124,3191.6981375672667,969.6025608039972
130.mat,52,Outer Race,0,1796.0,12000,0.0176025588471494,0.6491589805065953,0.6493975916573217,3.379462874251497,6.5903993013972055,0.3927105220710922,7.689508121367781,0.0963511111776855,5.203996623434961,3336.9140625,0.1020068098152657,0.2110135415864547,3216.2158447309216,946.8291061719568
130.mat,53,Outer Race,0,1796.0,12000,0.0179975427075536,0.6495067850865093,0.6497560891726395,3.4058585828343317,6.61679500998004,0.3934477459631518,7.760954041827444,0.069437444695696,5.241749388099075,3348.6328125,0.1014240702193888,0.2112534446506041,3196.945958527053,957.0897876932896
130.mat,54,Outer Race,0,1796.0,12000,0.017151757739404,0.662943644875293,0.663165483928476,3.4058585828343317,6.450705089820359,0.3975491735035787,7.674413419632849,0.0823003203086187,5.135759724192252,3348.6328125,0.1045174025968889,0.2200413286252074,3196.501634533378,937.1163606778844
130.mat,55,Outer Race,0,1796.0,12000,0.0170795819737478,0.6710572267574163,0.6712745442095599,3.35225499001996,6.471821656686627,0.4029189314973569,7.707445235335283,0.0788455375053284,4.993865801908684,3348.6328125,0.1070230096051934,0.2254506130332156,3197.367052566212,902.314986832993
130.mat,56,Outer Race,0,1796.0,12000,0.0169359244401821,0.6628206243929444,0.6630369564792722,3.372559381237525,6.492126047904192,0.398045778462606,7.971227484645319,0.0738431548156227,5.0865330330089344,3348.6328125,0.1059681928326223,0.2199524184656146,3182.264090520656,918.5934995366268
130.mat,57,Outer Race,0,1796.0,12000,0.0159894106562266,0.67456140753314,0.6747508827606113,3.372559381237525,6.574967964071856,0.4076387110300883,7.773920285433579,0.0510540296722005,4.998228927747908,3348.6328125,0.1076944020972062,0.2277722078859607,3192.017959458856,900.6861643067198
131.mat,0,Outer Race,1,1773.0,12000,0.00372171163045,0.5955002092890613,0.5955118390097514,2.868604391217565,5.720559181636727,0.3697920396268011,7.608577294681091,0.0570308365696956,4.817040070920559,3401.3671875,0.1528080173666235,0.1773241011194765,3215.147748026368,973.0052680764088
131.mat,1,Outer Race,1,1773.0,12000,0.0039525154524934,0.6084309617821151,0.6084437998973379,2.868604391217565,5.68725998003992,0.3761611543758186,7.563930421843217,0.0515522048597452,4.714657938336428,3401.3671875,0.1497180747514601,0.1851097402005809,3205.601505490306,959.6303795660756
131.mat,2,Outer Race,1,1773.0,12000,0.0035567384518073,0.5959677807288952,0.5959783939500987,2.9546950099800395,5.773350598802395,0.369395072915692,7.529096913396406,0.0246734168798322,4.957721689198412,3401.3671875,0.1414016105364857,0.1776014707920238,3223.33974580872,992.118129507439
131.mat,3,Outer Race,1,1773.0,12000,0.0034733595796687,0.5937059361167526,0.593716096132688,3.010329041916168,5.973145808383234,0.3690715708231973,7.617625125797249,0.0296779676460547,5.0703173815307805,3401.3671875,0.1370206751887534,0.1762554495821326,3227.20025213356,988.5345985906948
131.mat,4,Outer Race,1,1773.0,12000,0.0037452084113023,0.6056994029983714,0.6057109817219989,3.0712422155688626,6.083195608782436,0.376078568643962,7.5318159089025585,0.0204675923016684,5.070474711945144,3401.3671875,0.1390284692685062,0.1834499146255913,3213.344485889731,966.6241543881512
131.mat,5,Outer Race,1,1773.0,12000,0.0034584881993824,0.5924766017577043,0.5924866958599009,3.0712422155688626,6.083195608782436,0.3701916831863616,7.501342750343726,0.0469387410952277,5.183647560408828,3401.3671875,0.1300304090339144,0.1755262328098946,3226.632625968304,972.4170700614632
131.mat,6,Outer Race,1,1773.0,12000,0.0033638070782263,0.5853419485189034,0.5853516138988311,2.966065469061876,5.901268263473053,0.3651404701583162,7.571642088644429,0.0487163698780911,5.067151774479457,3401.3671875,0.1291429657861869,0.1713239150272845,3215.3304917959204,985.6027625008968
131.mat,7,Outer Race,1,1773.0,12000,0.0033461597069532,0.5936466933596126,0.593656123796922,2.9510402195608783,5.90005,0.3664971366105679,7.590715175529487,0.0355878885180131,4.970958946210367,3401.3671875,0.1330646363290226,0.1762193970725098,3217.2872452679894,964.4743260774128
131.mat,8,Outer Race,1,1773.0,12000,0.0033457631368123,0.5882110206132234,0.5882205359402353,3.0111412175648704,5.960150998003992,0.3632155186940572,7.70683061873695,0.0495223340596323,5.119068501666202,2871.09375,0.1249363016760885,0.173007297260078,3216.6322389835145,965.3900956472254
131.mat,9,Outer Race,1,1773.0,12000,0.0034247797374001,0.5818351232683218,0.5818452025968014,3.0111412175648704,5.86878123752495,0.3606018240374719,7.597679399663018,0.0388823247604498,5.175158623163019,3401.3671875,0.1245626194593048,0.169277806000389,3222.0726551424896,998.0140637067532
131.mat,10,Outer Race,1,1773.0,12000,0.0036745197836748,0.5960085778345047,0.5960199048252914,2.995709880239521,5.855786427145709,0.3690855499206665,7.436533840780007,0.0471895219536134,5.026190997962794,3401.3671875,0.1292586358922348,0.1776266409058846,3223.797262031051,978.5983303767777
131.mat,11,Outer Race,1,1773.0,12000,0.0032216366826893,0.5984099169616723,0.5984185890002005,3.0143899201596804,5.874466467065869,0.3712095795956914,7.562160958995911,0.042672216400162,5.037259830440646,2871.09375,0.1309933568457413,0.1790576041106252,3223.884948482748,960.8466606986262
131.mat,12,Outer Race,1,1773.0,12000,0.0027749004188887,0.584641207267964,0.5846477925281829,3.0143899201596804,5.91873003992016,0.3637506900992936,7.61025861992476,0.0111632425170817,5.155907468879004,3401.3671875,0.1219437704981655,0.1709103826350993,3213.3662131151927,992.2144362051872
131.mat,13,Outer Race,1,1773.0,12000,0.0029060659930139,0.5858403021905757,0.5858475099292483,2.9043401197604792,5.678732135728543,0.3625263789315899,7.511512720360524,0.0103122667580088,4.957501859334063,3401.3671875,0.1232048327294159,0.1716128753974577,3217.226380670291,969.3072322416494
131.mat,14,Outer Race,1,1773.0,12000,0.0030755997282778,0.5905048316737594,0.5905128411336571,2.926268862275449,5.734772255489022,0.3656654298824227,7.556686656239269,0.0378644797094388,4.955470327550617,2871.09375,0.126626119944452,0.1743574377024409,3208.616949137985,959.6226422061324
131.mat,15,Outer Race,1,1773.0,12000,0.0031613580212621,0.5793536059474945,0.5793622311722635,2.926268862275449,5.734772255489022,0.3593247690410195,7.617351885343594,0.0404271174687396,5.050845058288539,3401.3671875,0.1164322367088501,0.1678352946500508,3223.08002862312,971.6385329923054
131.mat,16,Outer Race,1,1773.0,12000,0.0032073601576144,0.5819597937289033,0.5819686320379891,2.913680139720559,5.70594001996008,0.3597207443267761,7.64590559553412,0.0087589554475835,5.006593103681855,3401.3671875,0.1198907157572439,0.1693489073605104,3226.6839987700914,977.501700711125
131.mat,17,Outer Race,1,1773.0,12000,0.0034493670861402,0.5978719226623428,0.5978818729826665,3.0960135728542912,5.99060758483034,0.37116189203624,7.496995546504437,0.0148607100391196,5.178303127688317,3401.3671875,0.1249975818239972,0.178737323989124,3210.407620809176,964.7254776263584
131.mat,18,Outer Race,1,1773.0,12000,0.0036080942850626,0.5919539209053748,0.5919649168824253,3.0960135728542912,5.99060758483034,0.3695019485686829,7.497798604019863,0.031566034671241,5.230062600938249,3401.3671875,0.1245320642225033,0.1752177704928149,3209.4586471365765,990.6623367774392
131.mat,19,Outer Race,1,1773.0,12000,0.0038032067944189,0.5867271784918697,0.5867395046892202,2.9965220558882235,5.878527345309381,0.3639132838570905,7.682538781143591,0.0366436691456504,5.107073977361383,3401.3671875,0.1207622392237734,0.1721388639486516,3212.45219104211,976.9143847398068
131.mat,20,Outer Race,1,1773.0,12000,0.0039523171674229,0.5947833328900057,0.5947964642587709,2.8820052894211576,5.753452295409181,0.3665633638241096,7.608550023649758,0.0592225759930147,4.845363855705973,3401.3671875,0.1249169596244013,0.1768992302894922,3201.261691291228,959.1433581048128
131.mat,21,Outer Race,1,1773.0,12000,0.0040057549939184,0.5869301723280711,0.5869438416596008,2.8381478043912174,5.650712075848303,0.3643361267698977,7.457982014330188,0.0490452555464891,4.835467387077905,3401.3671875,0.1225669704513469,0.1722595602357311,3217.759764982947,959.4643039502504
131.mat,22,Outer Race,1,1773.0,12000,0.0041325582964929,0.5834693958027861,0.5834840305240087,3.063526546906188,5.853755988023952,0.3635339645172545,7.552309429390116,0.039843820047368,5.250403415762606,3401.3671875,0.1214995645447098,0.1702353462620195,3209.8689888103672,965.0748758052832
131.mat,23,Outer Race,1,1773.0,12000,0.0041964060891888,0.5945357746575569,0.5945505841992982,3.063526546906188,5.891116067864271,0.3667096982061268,7.756222258556826,0.0467326919147402,5.1526760351803285,3401.3671875,0.1293532813264754,0.1767540035822359,3199.025977519999,960.1824600215684
131.mat,24,Outer Race,1,1773.0,12000,0.0041855004103121,0.5971338242256559,0.597148492795587,2.8718530938123754,5.699442614770459,0.3680602178211936,7.63733364249602,0.0507489414492674,4.809277974340386,3401.3671875,0.1281707940557046,0.1783019564444646,3222.51069499237,972.396959300042
131.mat,25,Outer Race,1,1773.0,12000,0.0042628315878009,0.5928783553243114,0.5928936801359974,2.9347967065868263,5.806649800399201,0.3686996871735045,7.266817971098063,0.0337428021024527,4.949954443625787,3401.3671875,0.1244389889421958,0.1757705604239044,3217.1908215594854,976.4531540269768
131.mat,26,Outer Race,1,1773.0,12000,0.0046198438572074,0.5988193985856349,0.5988372191837499,2.936421057884232,5.871217764471059,0.3714345340081555,7.258127766540143,0.0073382164626832,4.903537996330197,3401.3671875,0.1285648040289181,0.1793136984808869,3213.554643865633,959.6504679820804
131.mat,27,Outer Race,1,1773.0,12000,0.0046674322741236,0.5992133579312581,0.5992315355914503,2.948197604790419,5.884618662674651,0.3731843997551771,7.40193339383385,0.0177376275858715,4.919964036739997,3401.3671875,0.1244938183893432,0.1795501304711233,3220.4573637992544,963.6297475913764
131.mat,28,Outer Race,1,1773.0,12000,0.004450508407014,0.5829669689268734,0.5829839567988702,2.948197604790419,5.873248203592814,0.3648722896004865,7.387750681992028,0.0252369830149667,5.057081880912803,3401.3671875,0.1163629156041912,0.1699450564449928,3218.574493329746,973.9345861808968
131.mat,29,Outer Race,1,1773.0,12000,0.0045960496487493,0.5861252237514945,0.5861432432350587,2.8673861277445107,5.651118163672654,0.3630643263278131,7.571316030199679,0.0428216864779002,4.891954587617099,3401.3671875,0.1139550418208865,0.1717925126312631,3199.0421383495395,963.390708032937
131.mat,30,Outer Race,1,1773.0,12000,0.0046543454594716,0.5974273885184944,0.597445518422964,3.080988323353293,5.9199483033932125,0.3696172513371694,7.590347664088897,0.0335797281251783,5.156936035750953,3401.3671875,0.1180757842870122,0.1784814066514089,3203.1775159757126,959.4951575685942
131.mat,31,Outer Race,1,1773.0,12000,0.0047232495214648,0.5928018142513635,0.592820630600648,3.080988323353293,5.9199483033932125,0.3677062789703795,7.552495509585355,0.0235221432717953,5.197167851988593,3401.3671875,0.1145976894839887,0.1757293045918636,3207.361637567384,976.4027991539195
131.mat,32,Outer Race,1,1773.0,12000,0.0042246617117327,0.5981492133525667,0.5981641323256293,2.961192415169661,5.722183532934132,0.3699602845091068,7.483199531045269,0.030275484841555,4.950468032338729,3401.3671875,0.1118464917241876,0.1789090946266286,3215.980470609318,971.3624259727238
131.mat,33,Outer Race,1,1773.0,12000,0.0041390025612836,0.6009589626898052,0.6009732158585847,2.940888023952096,5.664925149700599,0.3712610345714821,7.325033245884868,0.0471845850674012,4.89354258450699,3401.3671875,0.1154245831805234,0.1805929711006568,3198.527858194187,971.0581315667072
131.mat,34,Outer Race,1,1773.0,12000,0.0046322366741127,0.5925841912421114,0.5926022960862304,2.873883532934132,5.704721756487026,0.3685678276016326,7.285820219949776,0.0646729975374992,4.849599051360998,3401.3671875,0.1134702549719396,0.1755994743372364,3209.145898852816,980.6564218194052
131.mat,35,Outer Race,1,1773.0,12000,0.0044502109794083,0.589426713321669,0.5894435127770481,2.895000099800399,5.725838323353294,0.3661959415885026,7.509677725044119,0.0463722719721885,4.911412267752632,3401.3671875,0.1051846181634102,0.1737317338996784,3222.259578941267,965.811151617845
131.mat,36,Outer Race,1,1773.0,12000,0.004385768331501,0.5969789465698044,0.5969950566055392,2.895000099800399,5.675483433133732,0.3674451375325521,7.6334548890895,0.0241583788613974,4.849286552322748,3401.3671875,0.1106578931393511,0.178211168027553,3221.315452452971,948.2600905636835
131.mat,37,Outer Race,1,1773.0,12000,0.0043003074661224,0.5923393198705236,0.592354929505088,2.938045409181637,5.71852874251497,0.3660032084999922,7.540238791308268,0.0176022082307574,4.959940844311655,3401.3671875,0.1111284331999995,0.1754514276609803,3225.787366441557,947.6680569279464
131.mat,38,Outer Race,1,1773.0,12000,0.0043352056385276,0.5871678618032541,0.5871838655332191,2.938045409181637,5.63690508982036,0.3644805774437453,7.476180301383716,0.0360419060444499,5.0036208105166695,3401.3671875,0.1045095134203772,0.1724018996880373,3241.48871297298,978.5727918496798
131.mat,39,Outer Race,1,1773.0,12000,0.0042769098278053,0.6017684297371756,0.6017836280475078,2.9388575848303398,5.725026147704591,0.3730256725562546,7.50505946363748,0.0329972626967388,4.883578495422828,3401.3671875,0.1077143432761203,0.1810809135868945,3212.1544066017705,942.3983777288564
131.mat,40,Outer Race,1,1773.0,12000,0.004377142930935,0.5978155396790739,0.5978315639559526,2.9388575848303398,5.725026147704591,0.3711349252666541,7.516304571393649,0.0138524032583456,4.915862196006215,3401.3671875,0.1087308287966966,0.1787109285024125,3230.787353720768,969.3757255963268
131.mat,41,Outer Race,1,1773.0,12000,0.0044312747551771,0.5879643574075264,0.5879810556281565,2.9035279441117763,5.588986726546906,0.3643131257017215,7.540639112106421,0.0084721812644005,4.938131792375278,3401.3671875,0.1004239415016483,0.1728706789931479,3209.4583008537043,969.1497179633316
131.mat,42,Outer Race,1,1773.0,12000,0.0043160711292259,0.599530662046319,0.5995461977226526,3.011953393213573,5.772944510978045,0.3688598023679204,7.595978478889456,0.0020944768162239,5.023721949458329,3389.6484375,0.0996408539410251,0.1797371359224737,3217.2866564158007,939.4350472003164
131.mat,43,Outer Race,1,1773.0,12000,0.0044880834278708,0.5988049906767761,0.5988218096832058,3.011953393213573,5.8529438123752495,0.3685912252399498,7.524438089768062,0.0154481365692816,5.029799089660719,3307.6171875,0.1002560817941577,0.1793038516522402,3213.9284762372977,943.1627951203112
131.mat,44,Outer Race,1,1773.0,12000,0.0044145196667212,0.5827029903893052,0.5827197122052131,2.952258483033932,5.844415968063872,0.3594258944269664,7.591255053886882,0.029779589816748,5.066343940659848,3307.6171875,0.0984755686610725,0.1697908755649981,3220.1513572101244,961.3707332986525
131.mat,45,Outer Race,1,1773.0,12000,0.0045707683022626,0.5937445239028557,0.5937621170026779,2.952258483033932,5.849289021956087,0.3631381875165684,7.638515054688102,0.0361504659852325,4.972123344508719,3307.6171875,0.1004222998177701,0.1762872016175312,3225.0938098894467,961.500848901718
131.mat,46,Outer Race,1,1773.0,12000,0.0044891739957584,0.606346443942884,0.6063630618411259,3.112257085828343,6.030404191616766,0.3741476686275886,7.418501082705957,0.0563827726497264,5.132662725823808,3307.6171875,0.1068274395508922,0.1838481581606926,3199.8920178552257,946.6337217146504
131.mat,47,Outer Race,1,1773.0,12000,0.0046489917625686,0.5903807107516074,0.5903990148636611,3.112257085828343,6.058424251497005,0.3660725091321263,7.706480402179514,0.0407880177793265,5.271446949394125,3307.6171875,0.1044091026715801,0.1742963566573875,3225.964992999832,972.5034042854488
131.mat,48,Outer Race,1,1773.0,12000,0.0047264220825926,0.585560248493121,0.5855793231331077,2.9461671656686623,5.7924367265469066,0.3607357656025839,7.966763394352498,0.0478964165221369,5.031200811369788,3307.6171875,0.1024361945608506,0.1714627539076596,3220.199150822399,965.0889561990132
131.mat,49,Outer Race,1,1773.0,12000,0.0043949885872785,0.5937604394930974,0.5937767050261559,2.86698003992016,5.6966,0.3669122464056262,7.609193481732913,0.0350809951138506,4.828380796437391,3307.6171875,0.0983844935335763,0.176295046858201,3214.701193641798,941.5546472742974
131.mat,50,Outer Race,1,1773.0,12000,0.0044207656464414,0.5871345020998968,0.5871511447021069,3.098450099800399,5.965430139720559,0.3616771239747068,7.683261709561191,0.0158380360527142,5.277091133616725,2871.09375,0.0983333432257606,0.1723830055558888,3223.423717326571,944.5846629633248
131.mat,51,Outer Race,1,1773.0,12000,0.0043472018852919,0.5845808479344063,0.584597011569458,3.098450099800399,6.060454690618762,0.3601882013804422,7.859457621384711,0.0383614914010475,5.300147004655465,3307.6171875,0.0970052325470645,0.1708862825660035,3211.6342047705543,957.538714695544
131.mat,52,Outer Race,1,1773.0,12000,0.0046306503935488,0.5973736303707251,0.5973915777656787,3.094795309381237,6.056799900199601,0.3688644620670768,7.726865628439214,0.03093340691291,5.180513794580381,2871.09375,0.0979662261616443,0.1784491225736328,3226.237357632598,969.1656826751768
131.mat,53,Outer Race,1,1773.0,12000,0.0040353986119557,0.5978457445837682,0.5978593636959093,3.0907344311377245,5.913856986027945,0.369538433021652,7.720711081657261,0.0242570595619479,5.1696680169582025,2871.09375,0.1070358130564552,0.1787260541269701,3218.2384050543174,950.3051678278546
131.mat,54,Outer Race,1,1773.0,12000,0.0042682844272392,0.5878648868504643,0.5878803819176661,2.968908083832335,5.930912674650699,0.3641862232566117,7.81356187166098,0.0177824404731243,5.050190778858371,2871.09375,0.0939752122728093,0.172810823617297,3245.377992009973,967.8407286706476
131.mat,55,Outer Race,1,1773.0,12000,0.004764294531055,0.5930065117224766,0.5930256499070158,3.0387551896207587,6.000759780439122,0.3668475063301132,7.872455316878737,0.0102297316333025,5.124154731076513,2871.09375,0.1069432362700345,0.1758510604202781,3194.549310742156,965.1024261414304
131.mat,56,Outer Race,1,1773.0,12000,0.0042534130469529,0.5933101570490839,0.5933254031138028,3.0387551896207587,5.823299401197605,0.3660459389326815,7.774771547435026,0.0128398568827655,5.121565963084022,2871.09375,0.1260829798270364,0.1760265651595166,3221.783828562074,937.2500680795112
131.mat,57,Outer Race,1,1773.0,12000,0.0042430030807525,0.5801582114825927,0.5801737269351518,3.001395109780439,5.817614171656686,0.3590703692955885,7.878372727413151,0.0387353888138044,5.17326960949391,2871.09375,0.1115758440580868,0.1683097815470198,3223.8545734547056,963.0025206477032
132.mat,0,Outer Race,2,1750.0,12000,0.0041852029827064,0.5637362633058769,0.563751798657955,2.7329710578842312,5.453759481037924,0.3474364884976141,7.716343724885045,0.0349622886463051,4.847826764172164,3357.421875,0.1527271737571519,0.1589168037103001,3187.0539987400366,1023.3295476952658
132.mat,1,Outer Race,2,1750.0,12000,0.0040269714964602,0.5696671619502496,0.569681395083151,2.7329710578842312,5.35873493013972,0.3517489904955713,7.866267714163474,0.0215595017451397,4.797367583832232,3357.421875,0.1551683867288432,0.1622765665327189,3173.822093841064,1033.486326510248
132.mat,2,Outer Race,2,1750.0,12000,0.0042487533477965,0.5583893013725806,0.5584054654033832,2.752869361277445,5.413556786427145,0.3426250021197838,7.949920369517249,-0.0017086607656273,4.929875389541211,3357.421875,0.1507075041266356,0.1559173729169231,3185.638533717843,1044.3201530676247
132.mat,3,Outer Race,2,1750.0,12000,0.0041518910908651,0.5480431280946084,0.5480588549155591,2.928705389221557,5.589392814371258,0.3384866935562468,7.828525382320085,0.0798234186648602,5.343778980950487,3357.421875,0.1472197548410058,0.150192883601552,3194.9072592873667,1041.6953598118212
132.mat,4,Outer Race,2,1750.0,12000,0.0043865614717829,0.5578192074487138,0.5578364546354576,2.928705389221557,5.508581337325349,0.3433529066135307,8.016021721111434,0.0129290132631916,5.250114733242822,3357.421875,0.148992854912839,0.1556003805596572,3203.819302469811,1023.7285036696164
132.mat,5,Outer Race,2,1750.0,12000,0.0047934424364162,0.5680694265883401,0.5680896500683644,2.851954790419162,5.677513872255489,0.34782601951858,8.019673121847994,-0.0008835802520738,5.020254796185699,3357.421875,0.1501285253252496,0.1613744188657595,3204.5042765558683,1026.1254822228393
132.mat,6,Outer Race,2,1750.0,12000,0.0045087050752011,0.5702034249896116,0.5702212502979337,2.851954790419162,5.677513872255489,0.3503981734528988,7.891863668291385,0.0497222509981841,5.001488087175022,3357.421875,0.1527155316153774,0.1625863025124387,3197.980152805276,1021.811983253612
132.mat,7,Outer Race,2,1750.0,12000,0.0045345812768993,0.5620291993429992,0.5620474920693888,2.87632005988024,5.662488622754491,0.3447140344798683,7.772682265332868,0.0174495629232285,5.1175747609690205,3357.421875,0.1509776000471503,0.1579589729674803,3196.007322353825,1034.9267982021972
132.mat,8,Outer Race,2,1750.0,12000,0.0044130325286926,0.5599135842289971,0.5599309749069625,2.985557684630739,5.861877744510979,0.3442546079715569,7.754061438943582,0.0523994807208566,5.332010227022742,3357.421875,0.1498932988276501,0.1567710861490107,3206.89427613309,1024.7070813932448
132.mat,9,Outer Race,2,1750.0,12000,0.0041150100677551,0.5626264040265436,0.562641452272846,2.985557684630739,5.632844211576847,0.346717506832039,7.8167893931485795,0.0341893929145448,5.306323721031008,3357.421875,0.1484278375732552,0.1582911685688742,3208.944420181598,1013.3069573107636
132.mat,10,Outer Race,2,1750.0,12000,0.0040676199359094,0.5690933393686406,0.5691078759301208,2.6708396207584832,5.325029640718563,0.3492539694536707,7.696734567819902,0.0041187757051204,4.693028745022022,3357.421875,0.1530032687570928,0.1619501615521397,3204.092298748319,1014.5225751817176
132.mat,11,Outer Race,2,1750.0,12000,0.0037911114051194,0.5651408111695152,0.5651535269066483,2.8133764471057883,5.502896107784431,0.346546684243817,7.754141664887746,0.0462382889514787,4.9780746525722375,3357.421875,0.1481035434531037,0.1597064437327484,3217.637880058222,1019.4594869940772
132.mat,12,Outer Race,2,1750.0,12000,0.0037937882535709,0.5601095159889076,0.5601223640693535,2.8133764471057883,5.507769161676647,0.3442429091523983,7.914770786563229,0.040533751286116,5.022788996793994,3357.421875,0.1439518937791957,0.1568757331160958,3222.570676801084,1021.2616595977124
132.mat,13,Outer Race,2,1750.0,12000,0.0036237588056309,0.5668115340155153,0.5668231176662637,3.0822065868263477,5.887867365269461,0.3479336883118528,8.008523927000404,-0.010075757722018,5.437686803453738,3357.421875,0.1459689186911791,0.1606508275126097,3227.9339456993343,1018.377270916204
132.mat,14,Outer Race,2,1750.0,12000,0.003591041769001,0.5682988714559307,0.5683102171165597,3.0822065868263477,6.020658083832336,0.3473495404942069,7.878624027948467,0.0239005505000903,5.423457988252551,3357.421875,0.1491830416171223,0.1614947177839475,3213.796114756571,1020.3055320484032
132.mat,15,Outer Race,2,1750.0,12000,0.0036520144281748,0.5720515386033087,0.5720631958339887,2.938451497005988,5.532134431137725,0.3514011984819424,7.635429692791336,0.1074774490901573,5.136585465390994,3357.421875,0.1531073635770903,0.1636348806947569,3222.710379594173,1030.5215532905268
132.mat,16,Outer Race,2,1750.0,12000,0.0034118912078187,0.5692336486843378,0.5692438737448987,2.7585545908183637,5.396907185628743,0.3514777365191491,7.730757791753922,0.0318728119510989,4.845997854435556,3357.421875,0.1496691990800488,0.1620251181187328,3194.1839142994154,1024.8728948928958
132.mat,17,Outer Race,2,1750.0,12000,0.0036313927808445,0.5701434636878581,0.570155028215587,2.736625848303393,5.465536027944111,0.3494449179765468,7.851779854711384,-0.0538734827399905,4.799792535142951,3357.421875,0.1502271160900879,0.1625449720547558,3206.1001732540426,1008.5060003358032
132.mat,18,Outer Race,2,1750.0,12000,0.0036337722016903,0.576591960323732,0.5766034105087985,2.778452894211577,5.515078742514969,0.3538924521075037,7.696058306691955,-0.0110978092826077,4.818654977707906,3357.421875,0.1543369630311516,0.1662423502409706,3205.895567510922,1004.5447744248488
132.mat,19,Outer Race,2,1750.0,12000,0.0036346644845075,0.5777845109921625,0.5777959431567232,2.808097305389221,5.504520459081837,0.3572657768691133,7.641000205014493,0.0496664250449819,4.860015613899082,3357.421875,0.1566189126761916,0.1669306814633412,3207.597588977012,1003.5529547301188
132.mat,20,Outer Race,2,1750.0,12000,0.0037826842896238,0.5725715092681405,0.5725840042526784,2.860076546906188,5.556499700598803,0.3528576023246476,7.798977114580674,0.0585179943298223,4.9950339612422185,3357.421875,0.1540676814500281,0.1639333753793642,3207.708437342161,999.7487035407704
132.mat,21,Outer Race,2,1750.0,12000,0.0039013579043085,0.569636919503212,0.5696502792543916,2.860076546906188,5.559342315369262,0.3493829538920206,7.817376280486275,0.0073650327730845,5.020758614653376,3357.421875,0.1512476985057073,0.16225833260575,3215.826739555668,1010.4992349738984
132.mat,22,Outer Race,2,1750.0,12000,0.003933083515586,0.5777410182107537,0.5777544056683074,2.815406886227545,5.519545708582834,0.3531172566244464,7.861403206978276,-0.0274833188376613,4.873016732725511,3357.421875,0.150903563868579,0.1669078115221198,3214.934003705167,996.5793345870288
132.mat,23,Outer Race,2,1750.0,12000,0.0037738606039873,0.5709235971118904,0.5709360697687952,2.9116497005988027,5.615788522954093,0.3488287471200177,8.046594522072951,-0.0201878487434921,5.099782365787289,3357.421875,0.1451822823089681,0.1629911483212612,3220.8189545518862,1015.9972764634967
132.mat,24,Outer Race,2,1750.0,12000,0.0041351360024092,0.5612051277922367,0.5612203620771962,2.9116497005988027,5.649087724550899,0.3430130460027211,8.107513694964045,0.0293320747332611,5.188068533048527,3357.421875,0.1390695989292051,0.157492702324247,3198.955461709653,1029.3945069810843
132.mat,25,Outer Race,2,1750.0,12000,0.0037876414163859,0.5581837245667207,0.5581965752301565,2.884847904191617,5.688884331337325,0.3419198012666074,7.961581190923202,-0.0001075746044684,5.168157656650135,3357.421875,0.1291875950117708,0.1557989195046253,3238.4331625767327,1020.4455314765356
132.mat,26,Outer Race,2,1750.0,12000,0.0034708810162877,0.5640640867798303,0.564074765443193,2.998146407185629,5.8021828343313375,0.3459097925974223,7.984923582619713,-0.023703298497918,5.315157831657277,3357.421875,0.125583035938736,0.1590962118476942,3200.71563167394,1014.7160578232466
132.mat,27,Outer Race,2,1750.0,12000,0.0038654683065509,0.5753387346994652,0.5753517198121603,2.998146407185629,5.76238622754491,0.3526508901386679,7.855129493972051,0.018974090149196,5.210980177767537,3357.421875,0.131212630906573,0.1655222716927943,3208.675716638452,976.5623345343846
132.mat,28,Outer Race,2,1750.0,12000,0.0038599163245774,0.569993733746968,0.5700068029987381,2.7642398203592813,5.438734231536927,0.3505784145819688,7.680469467454282,0.0229529792885435,4.8494856654638925,3357.421875,0.1286378126757356,0.1624613283846266,3205.049791122009,993.368593196372
132.mat,29,Outer Race,2,1750.0,12000,0.003926143538119,0.5636782104717607,0.5636918835354368,3.0095168662674654,5.853349900199601,0.3469547549188732,7.883512529195121,0.0361590569729655,5.338939506086166,3357.421875,0.1252742539753331,0.1588819775466033,3217.635273507012,1002.2711307132892
132.mat,30,Outer Race,2,1750.0,12000,0.0038342384079497,0.5683018967039687,0.5683148310412964,3.0095168662674654,5.853349900199601,0.3492678494086046,7.775496222829822,0.0373838138888105,5.295509991800266,3357.421875,0.1277140449576424,0.1614982244248656,3206.472852718744,996.5710885051632
132.mat,31,Outer Race,2,1750.0,12000,0.0038922367910663,0.5790372599739154,0.579050341460341,2.794696407185629,5.556499700598803,0.3565414415066352,7.571300349674535,0.0032339090289227,4.8263444593392695,3357.421875,0.1323787826976282,0.1676572237445749,3201.976453604155,981.6837948664084
132.mat,32,Outer Race,2,1750.0,12000,0.0039378423572776,0.5751788787032112,0.5751923583538937,2.9189592814371257,5.7136556886227545,0.3531077389410632,7.80507519544128,0.0189028636862517,5.074753235231965,3357.421875,0.1253834737390776,0.165430877856403,3192.3189410107257,992.613463290703
132.mat,33,Outer Race,2,1750.0,12000,0.0040926038547904,0.5667477003062945,0.5667624768884983,2.9189592814371257,5.622692015968064,0.3456027481657778,7.973520372553918,0.0376726344147267,5.150233828926161,3357.421875,0.1192160802092503,0.160618240687605,3200.176089703285,1011.3447036015588
132.mat,34,Outer Race,2,1750.0,12000,0.0040584988226671,0.565590579945404,0.5656051410088774,2.786980738522954,5.532946606786427,0.3459745326729353,8.035483472770258,0.0291487721671932,4.927431765474727,3357.421875,0.1201751104646688,0.1599628237962674,3206.1207569920152,992.6193447053254
132.mat,35,Outer Race,2,1750.0,12000,0.0041412828395942,0.5631688807388704,0.5631841070699968,2.805660778443114,5.566651896207585,0.3443889461068098,8.071317781118383,0.0377273441544315,4.981782588006173,3357.421875,0.1240117220248489,0.1585967982826229,3224.746658824941,1010.37772086215
132.mat,36,Outer Race,2,1750.0,12000,0.0036793777679016,0.5692547899430184,0.5692666806461001,2.805660778443114,5.566651896207585,0.346687169216255,7.8597326715551965,0.0175519261374464,4.928552599036317,3357.421875,0.1238156563925218,0.162039047421994,3198.650284279788,985.8654017967388
132.mat,37,Outer Race,2,1750.0,12000,0.0034555139233252,0.5688355338213295,0.5688460293561618,2.815812974051896,5.547565768463073,0.3471818904671127,7.855131002966909,0.0008744003065388,4.950044174939436,3357.421875,0.123961561072612,0.1617988852075911,3172.6548972773785,1025.7061027686218
132.mat,38,Outer Race,2,1750.0,12000,0.0037981505251216,0.5679608580471315,0.567973557677684,3.005455988023952,5.823705489021956,0.347538407023843,8.091325672953303,-0.007105684916549,5.291542092756193,3357.421875,0.1257026269864555,0.1613041944372162,3207.744537652752,992.6441435217577
132.mat,39,Outer Race,2,1750.0,12000,0.0036812614760712,0.5742408795312114,0.5742526790628272,3.005455988023952,5.823705489021956,0.3521274175525901,7.958229143049257,0.0132384085506338,5.233682136109172,3357.421875,0.1328831355013012,0.1648898459937144,3196.807961806127,997.2814935483576
132.mat,40,Outer Race,2,1750.0,12000,0.0037229013408729,0.5791611898266067,0.5791731552789413,2.7796711576846307,5.545535329341318,0.3559027652946061,7.685546550482202,0.017524388359827,4.799378445546023,3357.421875,0.1316515987526728,0.1677277020743696,3204.283177277645,976.8526171848748
132.mat,41,Outer Race,2,1750.0,12000,0.0036324833487322,0.5774164726789773,0.5774278984049099,2.9977403193612773,5.763604491017964,0.3551790247873394,7.887671927737171,0.0207081793879551,5.191540498202896,3357.421875,0.1307406552699225,0.1667180923316792,3202.4453994677565,997.1775338740896
132.mat,42,Outer Race,2,1750.0,12000,0.003798745380333,0.5732132064664961,0.5732257936747669,2.9977403193612773,5.662894710578842,0.3519748371908526,7.901467541352407,0.0317012001102585,5.229597747414199,3357.421875,0.1335436250498444,0.1643011261902959,3203.472490766653,1006.7892529061932
132.mat,43,Outer Race,2,1750.0,12000,0.0041189757691647,0.5740378023169803,0.5740525798655517,2.780889421157685,5.557311876247505,0.3510018523499875,7.563079202105698,0.0258065844771956,4.844311337837719,3357.421875,0.134557813381736,0.1647766680296056,3203.1016769431035,990.1787292964862
132.mat,44,Outer Race,2,1750.0,12000,0.0040029790029316,0.5721859267279286,0.5721999288591325,2.933984530938124,5.863908183632734,0.3512229402035772,7.681539890771402,0.0429788939654233,5.127551373150256,3357.421875,0.1396238139193937,0.1637143956118202,3197.652911553482,1006.0816506021064
132.mat,45,Outer Race,2,1750.0,12000,0.0042314034041292,0.5771628280725903,0.5771783388897395,3.1012927145708584,6.031216367265469,0.3554593007344685,7.884820828673478,0.0717185259619438,5.373196645834815,3357.421875,0.1350837787561101,0.166576399570465,3203.07203102011,1003.2769305409888
132.mat,46,Outer Race,2,1750.0,12000,0.0042038417793319,0.5717753027101344,0.5717907563741927,3.1012927145708584,5.858629041916168,0.3517311448392278,8.094670201289386,0.0478542229568752,5.423824502229803,3357.421875,0.1338636928987859,0.1634811706827172,3202.4277363443102,990.9717548373465
132.mat,47,Outer Race,2,1750.0,12000,0.0037940856811767,0.5741898381515026,0.5742023731426098,3.010329041916168,5.848476846307385,0.3535568546257095,8.072399792810074,0.0084057957343561,5.242627308279197,3357.421875,0.1333582299420944,0.1648614310662322,3226.8736363576904,997.9874409529104
132.mat,48,Outer Race,2,1750.0,12000,0.003730733601157,0.5814927680634581,0.5815047357359228,2.9043401197604792,5.742487924151696,0.357141551272455,7.699054223621071,0.0028288973647927,4.994525308697433,3357.421875,0.1324845067690657,0.1690808575689647,3214.5494344948843,996.539875746688
132.mat,49,Outer Race,2,1750.0,12000,0.003845441514432,0.5788331012398055,0.5788458745739938,2.9023096806387225,5.782690618762475,0.355308703223436,7.676392713267916,-0.0163366620832038,5.013959342415112,3357.421875,0.1260664979108217,0.1675386676423397,3204.901968752293,977.4089502978215
132.mat,50,Outer Race,2,1750.0,12000,0.0039926681792664,0.580182274320011,0.5801960124253959,2.91408622754491,5.794467165668663,0.3574243057829653,7.870020043104938,0.0243737661423106,5.022589202850849,3357.421875,0.1239176604608272,0.1683216771678917,3199.353510090021,975.0984991483994
132.mat,51,Outer Race,2,1750.0,12000,0.003885594241205,0.5726955315525196,0.5727087127876005,2.91408622754491,5.647463373253493,0.3527798745770178,7.862474249596511,0.0470683027538537,5.088251955101043,3357.421875,0.1226713354997229,0.1640051895051329,3206.2701538353567,988.8234107889492
132.mat,52,Outer Race,2,1750.0,12000,0.0039567785815088,0.5772670995334611,0.5772806599051435,3.030227345309381,5.902486526946108,0.3537822056083146,7.754488823055287,-0.0094212714775149,5.2491405927357695,3357.421875,0.1172834876767194,0.1666343098747916,3197.8678214109195,980.5646592186188
132.mat,53,Outer Race,2,1750.0,12000,0.0038791499764143,0.5801797423130789,0.580192710394581,3.030227345309381,5.902486526946108,0.3557139979075053,7.808943605601964,-0.0164735332563214,5.222794583628199,3357.421875,0.1123000929551465,0.1683193145028464,3188.595511155316,976.0621335739086
132.mat,54,Outer Race,2,1750.0,12000,0.0039097850198041,0.5800252878462092,0.5800384650693253,2.936421057884232,5.782690618762476,0.3560670444755021,7.841255614180525,0.0242233804657667,5.0624591897250735,3357.421875,0.112375393577319,0.1682299538121286,3205.704963599904,972.9952004358248
132.mat,55,Outer Race,2,1750.0,12000,0.0038398895324585,0.5754514753289555,0.5754642866502603,2.936421057884232,5.615382435129741,0.3533240679529612,7.8572932717514306,0.0408570425483754,5.102699031032743,3357.421875,0.1106679559115061,0.1655869851522856,3219.7522328061777,988.9545792060756
132.mat,56,Outer Race,2,1750.0,12000,0.0038903530828967,0.5697326651579999,0.5697459474144132,2.891751397205589,5.570712774451097,0.3496814720656344,7.87271501881,0.0212608701532601,5.075510252119846,3357.421875,0.1050661675855793,0.1623127928507788,3206.6182343162927,988.033765219712
132.mat,57,Outer Race,2,1750.0,12000,0.0036756103515624,0.5728666994125392,0.5728784909623271,2.872665269461078,5.643808582834332,0.3504204805233283,7.874140127710483,-0.035361702497521,5.01444078418016,3357.421875,0.1007132245597727,0.1641016846846589,3215.7755455259608,995.0366433190172
133.mat,0,Outer Race,3,1725.0,12000,0.0045430083923949,0.562573339778844,0.5625916827995026,2.9599741516966067,5.847664670658682,0.3402798845911692,8.084978749305044,-0.0001114377129943,5.261318718697602,3413.0859375,0.1134914771853409,0.1582650202443479,3172.1060176491765,983.3038074881848
133.mat,1,Outer Race,3,1725.0,12000,0.00457582457156,0.5713551317307868,0.5713734546910754,2.9599741516966067,5.847664670658682,0.3473502344919535,7.919729857024655,0.0017293889713899,5.180454442527395,3413.0859375,0.115992518653615,0.163244308959895,3163.041111453879,1001.7210251358664
133.mat,2,Outer Race,3,1725.0,12000,0.0044997822470293,0.5734936891237407,0.5735113420892636,2.9705324351297406,5.9317248502994016,0.3480486936527336,7.977847344649928,-0.022194098911028,5.1795530744139935,3413.0859375,0.1126065627739414,0.1644677543111003,3152.3170794045927,990.195004673448
133.mat,3,Outer Race,3,1725.0,12000,0.0045878208183242,0.5663282706196885,0.5663468532648065,2.9705324351297406,5.9317248502994016,0.3445612558330604,8.162484853021631,-0.0379113880983408,5.245076260255675,3413.0859375,0.10640359829802,0.1603849038351709,3158.015996533818,982.3881250945632
133.mat,4,Outer Race,3,1725.0,12000,0.0048053395406452,0.5711502586738166,0.5711704730387143,3.0862674650698603,5.9625875249501,0.3487034309554718,7.978071042548742,0.0255750339114878,5.40340863324122,3413.0859375,0.1073708519571731,0.1631294006901588,3159.111969401441,971.7142348810185
133.mat,5,Outer Race,3,1725.0,12000,0.0049537559159025,0.5753574138809019,0.5753787390974695,3.0862674650698603,5.818020259481038,0.3502977420646987,7.838397653738178,0.0422992553356599,5.363888609980503,3413.0859375,0.1074259162949682,0.1655426278764135,3165.6569403303274,979.4521021411756
133.mat,6,Outer Race,3,1725.0,12000,0.0047725233614801,0.5754331224653494,0.5754529132860983,2.9388575848303398,5.759949700598803,0.3520363055627027,8.129907573429128,-0.0534602572509906,5.1070339848453,3413.0859375,0.1038133770430693,0.1655844188710657,3157.4264869842423,979.4241389092344
133.mat,7,Outer Race,3,1725.0,12000,0.0045687854515578,0.5762598425517812,0.5762779537153109,3.163018063872256,6.101875648702595,0.351308500211491,8.101910553368729,-0.036407175887631,5.4887021852563,3413.0859375,0.1018328854505245,0.1660585790821681,3153.9781476225803,983.6476411603552
133.mat,8,Outer Race,3,1725.0,12000,0.0047697473704933,0.565534575068645,0.5655546888569233,3.163018063872256,5.997917165668663,0.3453400204473864,7.991294623592351,0.0536590087683757,5.592771355614119,3413.0859375,0.0978784416826092,0.1599375825216411,3202.1009722774475,1014.1530162283016
133.mat,9,Outer Race,3,1725.0,12000,0.0049394793908277,0.5652864366529393,0.5653080168549088,2.933172355289421,5.768071457085828,0.3478251272357628,8.063562291940602,0.0133961739253213,5.188626850912402,3413.0859375,0.0963580740839773,0.1597987780777215,3172.753052935406,984.3441808251068
133.mat,10,Outer Race,3,1725.0,12000,0.0051166471013052,0.5797263243193501,0.5797489035663488,3.1841346307385225,5.998729341317365,0.3555490247288626,7.948311485925575,0.0157033659276502,5.492265032587712,3413.0859375,0.0982498981134503,0.1680676220734579,3207.9312693368074,1019.351923761491
133.mat,11,Outer Race,3,1725.0,12000,0.0050992971576378,0.576371323649043,0.5763938805681855,3.1841346307385225,6.027967664670658,0.3525066377498908,8.089168808717263,-0.0086494720079845,5.524233927674133,3413.0859375,0.0989036204722576,0.1661279567558902,3168.822331414672,996.5255630760674
133.mat,12,Outer Race,3,1725.0,12000,0.0051900125773842,0.5769950845748003,0.5770184259224608,2.8438330339321354,5.642996407185628,0.3543791428130067,8.168569090322368,-0.0657062454828651,4.928496051726236,3413.0859375,0.1037105489593899,0.1664886006004425,3168.0825064868923,990.2916697062396
133.mat,13,Outer Race,3,1725.0,12000,0.0052496963835999,0.585637375033843,0.5856609038929012,2.978248103792416,5.753452295409182,0.3589813392989411,7.959306639351379,-0.0241270249023238,5.085277306366079,3413.0859375,0.1111975551070007,0.1715131269337149,3182.3004332664486,998.5953775134266
133.mat,14,Outer Race,3,1725.0,12000,0.0052136085007718,0.5815066206716581,0.5815299920026232,2.9879942115768463,5.966242315369262,0.3542966562236854,7.778706879644282,0.0062395303176085,5.138160116707047,3413.0859375,0.1176587542853459,0.1691021568429637,3164.927957968283,995.6905562822768
133.mat,15,Outer Race,3,1725.0,12000,0.00538492680167,0.5819448200120597,0.5819697337280761,3.134998003992016,6.122992215568862,0.3549874814092518,7.977574386639541,0.0124699568922438,5.386874647087465,3413.0859375,0.1267218008530605,0.1693588876821118,3170.620387926405,994.80486149346
133.mat,16,Outer Race,3,1725.0,12000,0.0052090479441507,0.5883301814484267,0.5883532413300901,3.134998003992016,5.918323952095808,0.3606909531766545,7.918372245680406,0.0139301954949652,5.328428202256056,3413.0859375,0.1368485341727728,0.1730933429998395,3166.915345369471,1009.6975256964108
133.mat,17,Outer Race,3,1725.0,12000,0.0051902108624547,0.5784577597156885,0.578481043824333,2.9741872255489024,5.742487924151696,0.3541126476782762,7.809357467744165,-0.019976160116055,5.141373701524561,3413.0859375,0.1338905840791909,0.1673336283911189,3158.2925064657,1010.9900625342412
133.mat,18,Outer Race,3,1725.0,12000,0.0053439809346151,0.5779963351080496,0.5780210390033967,3.1301249500998,6.104312175648703,0.3554043757699445,8.055596007385988,-0.03253540603145,5.415243977099259,3413.0859375,0.1387674510519927,0.1670684543370202,3159.4337650255598,1022.6721564309336
133.mat,19,Outer Race,3,1725.0,12000,0.0051756369097742,0.5855029409797405,0.5855258159238987,3.1301249500998,5.954059680638722,0.3595626119830651,8.178292052319621,0.0390295062185894,5.3458359392075465,3413.0859375,0.1501826924549969,0.1714336666259658,3166.6209367979504,1024.1061505315165
133.mat,20,Outer Race,3,1725.0,12000,0.005255446650644,0.5776476654351202,0.5776715720044932,3.0444404191616767,5.786345409181637,0.3536579800116564,8.088097761163837,0.0309390222064909,5.270192556988068,3413.0859375,0.152027598884717,0.1668660332329428,3163.273229326432,1014.6101533242794
133.mat,21,Outer Race,3,1725.0,12000,0.0052506878089524,0.583357054416771,0.5833806841679613,3.033476047904192,6.002790219560878,0.3585324218993653,7.920440604570486,-0.0152615432865772,5.199822569083934,3413.0859375,0.1535280242529214,0.1701803244760054,3172.147518598837,1020.4623261642358
133.mat,22,Outer Race,3,1725.0,12000,0.004948203933929,0.5887586945280168,0.588779487673022,3.033476047904192,6.002790219560878,0.3606012291822604,7.904998580899838,0.0070349948188773,5.152142884415207,3413.0859375,0.1535540301102303,0.1733428859442496,3166.932946578512,1000.9745391820576
133.mat,23,Outer Race,3,1725.0,12000,0.0048254654752994,0.5790376495913605,0.5790577559806452,3.003019461077844,5.9085778443113774,0.3565149704497255,7.895990818139224,-0.030908853126246,5.186044794430176,3413.0859375,0.1440022160264702,0.1676655861777011,3158.835784042843,1009.125567514272
133.mat,24,Outer Race,3,1725.0,12000,0.0046890453468063,0.5829404973867622,0.5829593559072451,3.236113872255489,6.239133333333333,0.3616537263363897,7.938281966544816,-0.0285216160507879,5.551182667304834,3413.0859375,0.1396574525293069,0.1699318067202691,3176.4860106308106,1011.0373532948254
133.mat,25,Outer Race,3,1725.0,12000,0.004270663848085,0.5863750973620933,0.5863906491206248,3.236113872255489,6.152636626746507,0.3611506771125717,7.911649051255687,0.0633460186019149,5.518699653735094,3413.0859375,0.1421179485003715,0.1719361317198431,3179.927761642168,1016.5402097224506
133.mat,26,Outer Race,3,1725.0,12000,0.0042740346942833,0.5852173757636381,0.5852329828950579,2.943730638722555,5.709594810379242,0.3583499004919848,7.856117884168948,0.0164030287614475,5.030014925270224,3413.0859375,0.144864574245918,0.1712579564362882,3165.2740562828785,1003.9652871694976
133.mat,27,Outer Race,3,1725.0,12000,0.0043403610503602,0.5899398169724946,0.5899557834139674,3.156926746506986,6.05639381237525,0.3622526463917867,7.957307717416401,-0.0777757429969697,5.351124330434431,3413.0859375,0.1459627458208353,0.1740333325808794,3164.3762545744853,997.9330154386464
133.mat,28,Outer Race,3,1725.0,12000,0.0037747528868045,0.5790145689030917,0.5790268730908692,3.156926746506986,6.105936526946108,0.3565219104271925,7.987504276045977,0.0004788431179194,5.452124751404337,3413.0859375,0.1455610104103708,0.1676432045529617,3146.89481740243,1035.9345951367918
133.mat,29,Outer Race,3,1725.0,12000,0.0038578343313373,0.5756967527280331,0.5757096785597148,3.019262974051896,5.968272754491018,0.3557456243762474,7.751284720898384,0.0281571813710299,5.244419342758586,3413.0859375,0.1417758384617541,0.1657282620883089,3166.780601062664,1016.40042276496
133.mat,30,Outer Race,3,1725.0,12000,0.0041631933398827,0.586989026006005,0.5870037894513661,3.019262974051896,5.871217764471058,0.3613168400016373,7.729171855215855,-0.012780828177957,5.143515303152988,3413.0859375,0.1326559494720909,0.1722954412715583,3173.973300157784,1017.8859367850648
133.mat,31,Outer Race,3,1725.0,12000,0.0039806719325021,0.5786030120599657,0.5786167050076406,3.127688423153693,6.026749401197605,0.3540228245413469,8.21417988592435,-0.0091755970733334,5.405458217996647,3413.0859375,0.127109306026586,0.1674065685621387,3169.072174131143,991.9599122895888
133.mat,32,Outer Race,3,1725.0,12000,0.0039376440722071,0.5746530928137186,0.5746665834387898,3.127688423153693,6.026749401197605,0.3521573585982332,8.403593343801044,-0.0389413109098915,5.442614053592061,3413.0859375,0.1279352432952263,0.1651285967028371,3171.5176047648024,1001.7280593354916
133.mat,33,Outer Race,3,1725.0,12000,0.0041081692328234,0.5882027817492935,0.5882171278635573,3.0452525948103792,5.845228143712575,0.3601988096317131,7.843689949137895,-0.0355527864853586,5.1770892933208765,3413.0859375,0.1308688427595885,0.1730081389838606,3161.4374635060344,1003.5620295270788
133.mat,34,Outer Race,3,1725.0,12000,0.0041536756564995,0.580047146833931,0.5800620187287246,2.609114271457086,5.167061477045909,0.3533773074943862,7.824374430525777,0.0163263401430105,4.497991916752751,3413.0859375,0.1140854331242648,0.1682445993847983,3162.3906475933286,978.5612071503328
133.mat,35,Outer Race,3,1725.0,12000,0.0040877458705635,0.5780194797990112,0.5780339338597882,2.862513073852296,5.420460279441118,0.3536181247124891,7.853575319256784,-0.0070801472131196,4.952154027944398,3413.0859375,0.1142909951832286,0.1670699719664965,3171.4639575320903,978.6428618968428
133.mat,36,Outer Race,3,1725.0,12000,0.0044297876171485,0.5921689230542618,0.5921854915899049,2.862513073852296,5.529291816367266,0.3640988786830635,7.607600626242257,-0.0168109013658818,4.833811558211255,3413.0859375,0.1257969654727249,0.1753516419073235,3170.356499693712,981.6946601001688
133.mat,37,Outer Race,3,1725.0,12000,0.004470138628992,0.589638658982414,0.5896556031328304,3.144744111776447,6.110403493013973,0.3628184528404129,7.875175480421015,0.030450370199783,5.333187872833691,3413.0859375,0.1254354476400689,0.173856857490939,3170.544617632117,984.1496042537092
133.mat,38,Outer Race,3,1725.0,12000,0.00437307808699,0.5845667321444714,0.5845830891687007,3.159769361277445,6.12542874251497,0.3596358783166089,8.256968073526687,-0.0292985227069737,5.4051672376817415,3413.0859375,0.1217785189579307,0.1708782589747152,3167.3585553673583,992.0662360925792
133.mat,39,Outer Race,3,1725.0,12000,0.0046523626087668,0.5825413543892604,0.5825599317250691,3.159769361277445,6.0036023952095805,0.3558582502962824,8.312536852682229,-0.0329199363084673,5.423938704333434,3307.6171875,0.1151030459310051,0.1696988699136027,3180.005409900018,998.2943380967356
133.mat,40,Outer Race,3,1725.0,12000,0.0042827592373846,0.5734288140683064,0.5734448071353246,3.003831636726547,5.752640119760479,0.3510119648885822,8.014898973560511,0.0166134677347381,5.238222753698572,3307.6171875,0.1132078125905129,0.16442864622151,3170.377106026654,990.4432170495774
133.mat,41,Outer Race,3,1725.0,12000,0.004026079213643,0.5753542023280926,0.575368288533901,2.7833259481037924,5.468378642714571,0.35456890162546,7.593963495531509,-0.0267726478484451,4.837468459021265,3307.6171875,0.110935457969064,0.1655324498717352,3171.075796579029,1015.1342332231036
133.mat,42,Outer Race,3,1725.0,12000,0.0044832254436439,0.5856768948803499,0.5856940536722794,2.88281746506986,5.755076646706586,0.357801047416885,7.691299328204551,-0.0083703553023216,4.922053497034338,3413.0859375,0.1246563512718212,0.171528825647959,3171.19953280714,1000.0878679849648
133.mat,43,Outer Race,3,1725.0,12000,0.0043194419754241,0.5817199757042953,0.5817360120470324,2.964847205588822,5.847664670658682,0.3547280253945234,7.999512179199576,0.0082383401371884,5.096550916894448,3413.0859375,0.1307126323396068,0.1692177242989605,3178.8330151238365,986.48082086027
133.mat,44,Outer Race,3,1725.0,12000,0.0041959103765126,0.5798286489695343,0.5798438305524369,2.964847205588822,5.833857684630739,0.3560501902445109,7.90488678794118,-0.0127530876443707,5.113182290417942,3413.0859375,0.1286756635753924,0.1681182380351439,3169.296631645197,997.0909027668148
133.mat,45,Outer Race,3,1725.0,12000,0.004040851451394,0.5759873221200406,0.5760014962857888,2.9774359281437124,5.9495927145708585,0.3516191137744043,7.96435707697661,0.0378877079776757,5.169146169485693,3413.0859375,0.1236052603758054,0.165897121768717,3190.307653555971,1025.1954809341328
133.mat,46,Outer Race,3,1725.0,12000,0.0043182522650012,0.5713031952440837,0.571319514981524,2.9774359281437124,5.9495927145708585,0.3482792000471713,8.102755697464305,0.046952312870069,5.211507484108958,3413.0859375,0.1159643154964716,0.1632123190693848,3170.085160090656,987.161950703892
133.mat,47,Outer Race,3,1725.0,12000,0.0048250689051584,0.5834185456906567,0.5834384978262407,2.913680139720559,5.824111576846308,0.3574080464071856,7.947156715461046,-0.007055049556081,4.993979914894662,3413.0859375,0.119591661849197,0.1702119273376527,3174.34205547043,1011.0004851346708
133.mat,48,Outer Race,3,1725.0,12000,0.004512769919146,0.5859992147850858,0.5860165909094044,2.9741872255489024,5.850913373253493,0.3577929177289951,7.955298200787527,0.0203904989110958,5.075261130292297,3413.0859375,0.1191601627512865,0.1717179098125343,3164.388137096767,996.6586205734004
133.mat,49,Outer Race,3,1725.0,12000,0.0041374162807198,0.5821867020022238,0.5822014034693715,2.988806387225549,5.854568163672655,0.3539747404117546,8.041510575593122,-0.0135240737695501,5.133629650177894,3413.0859375,0.1186703618966476,0.1694878013609467,3167.407478954376,991.8146004002592
133.mat,50,Outer Race,3,1725.0,12000,0.0040136863967377,0.5901031609358932,0.5901168106612656,2.988806387225549,5.91263872255489,0.360464214198556,7.87470786035048,-0.0189713787759788,5.064770793220396,3413.0859375,0.1199231552349736,0.1741269957691513,3192.9732291229466,986.6557552367782
133.mat,51,Outer Race,3,1725.0,12000,0.0041266097443784,0.582000546400313,0.5820151758487447,3.013577744510978,5.937410079840319,0.3566623953996304,7.872491840455845,0.0647800358745664,5.177833619400592,3413.0859375,0.1184962963619691,0.16937934835153,3186.932472186556,970.7790919154464
133.mat,52,Outer Race,3,1725.0,12000,0.0041297823055061,0.5771533439444128,0.577168118946385,3.013577744510978,5.817208083832336,0.355034673256027,7.855289265597507,0.0273909053389526,5.221317057519109,3413.0859375,0.1169264989987843,0.1665700500263299,3184.064760168718,982.0983560745652
133.mat,53,Outer Race,3,1725.0,12000,0.0040839784542243,0.5889991924925562,0.5890133509835731,3.110632734530938,6.06289121756487,0.3622587932289717,7.936497868710275,-0.0289105915811946,5.281090368047854,3413.0859375,0.1216582947564432,0.1734767091512098,3193.6452352352453,983.3663402318358
133.mat,54,Outer Race,3,1725.0,12000,0.0040815990333785,0.5890346611979551,0.5890488023443041,3.110632734530938,6.06289121756487,0.3586690403129288,8.1706491321399,0.0039857127874071,5.280772530478292,3413.0859375,0.1169293662815813,0.1734975758905712,3172.159483601063,980.1312716385132
133.mat,55,Outer Race,3,1725.0,12000,0.0042787935359749,0.5838969756183687,0.5839126528945929,3.0992622754491017,5.980861477045908,0.3584218779725705,7.845512457526172,0.0010439260257034,5.307749815122736,3413.0859375,0.1187178005761017,0.1704861489950549,3174.570284117754,984.460983545332
133.mat,56,Outer Race,3,1725.0,12000,0.0042335845399045,0.5872434637912144,0.5872587240761604,2.957131536926148,5.838730738522955,0.3611441337052458,7.853744680776983,-0.0376585900730737,5.035483366514693,3413.0859375,0.1204299861705869,0.1724453709181861,3175.4510186469765,983.046942080074
133.mat,57,Outer Race,3,1725.0,12000,0.0041043026739489,0.5896038492949177,0.5896181343919329,3.147586726546906,6.036495508982036,0.3575165083407404,8.038783734711995,0.0139155971135211,5.338347894935389,3413.0859375,0.1180068716750491,0.1738331948540972,3175.888915875808,964.4966978596163
97.mat,0,Normal,0,1796.0,12000,0.0123975905949519,0.0751852365445033,0.0762005252397446,0.272868923076923,0.4958787692307692,0.0610423589242788,2.8915037971305475,-0.094576204217928,3.5809323127158725,1037.109375,0.0263104013233776,0.0029801101960169,1097.9017555027854,1057.2654036996464
97.mat,1,Normal,0,1796.0,12000,0.0123745186298076,0.0757178206351231,0.0767223375103505,0.226764923076923,0.4497747692307692,0.0614050420673076,2.808523265066979,-0.0212549272913335,2.955657119366708,1037.109375,0.0253034834573236,0.0030197230120501,1108.8305091361906,1081.4028631541837
97.mat,2,Normal,0,1796.0,12000,0.0111217567608173,0.0731733777580724,0.0740137601123761,0.2492953846153846,0.4967132307692308,0.059285018780048,2.8578329576946166,-0.0598721808647055,3.36823023498436,1037.109375,0.0247693136713863,0.0028008650825746,1095.155177217698,1036.946376988801
97.mat,3,Normal,0,1796.0,12000,0.0106505386117788,0.0721221997114191,0.0729043597045802,0.2492953846153846,0.4967132307692308,0.0586375776742788,2.8682377266256758,-0.1170058496262717,3.419485276677119,1037.109375,0.0241088572135452,0.0027142398192734,1098.8646141172646,1028.003949580377
97.mat,4,Normal,0,1796.0,12000,0.0114246463341346,0.0714823136328198,0.072389527600067,0.2246787692307692,0.4282873846153846,0.0580734095552884,2.846908615447348,-0.1124454484876408,3.1037468633869225,1037.109375,0.0241684707209698,0.0026853831889322,1119.622579892666,1073.6795152996644
97.mat,5,Normal,0,1796.0,12000,0.0113858874699519,0.0712643853542514,0.0721682135943356,0.2367784615384615,0.4526953846153846,0.0578380551382211,2.8556617935044626,-0.1220150722720284,3.280924519892036,1037.109375,0.0249771433129478,0.0026689447588477,1112.2211934663003,1050.9077171727845
97.mat,6,Normal,0,1796.0,12000,0.0114963069411057,0.0711307695747074,0.0720538094313842,0.2367784615384615,0.4564504615384614,0.0580117315204326,2.7587767231218816,-0.0739886229616273,3.2861338409031933,1037.109375,0.0243730107748935,0.0026619582652047,1100.910521335256,1039.8498547056563
97.mat,7,Normal,0,1796.0,12000,0.0119487823016826,0.0723753817629637,0.0733550903743411,0.2196719999999999,0.430164923076923,0.0592348003305288,2.6599328784438208,-0.0524811515261527,2.994638802555944,1037.109375,0.0252298329688722,0.0027618713528658,1101.9948006515613,1048.0359669997367
97.mat,8,Normal,0,1796.0,12000,0.0116135003004807,0.0718525033593743,0.0727849959005162,0.2482523076923077,0.4587452307692307,0.0588861742788461,2.681569855700217,-0.0732247819767022,3.4107621305855838,1037.109375,0.024574603976027,0.0027162645394935,1108.6470216424775,1064.3315265043134
97.mat,9,Normal,0,1796.0,12000,0.01227948046875,0.0719092076392385,0.0729501184638211,0.2482523076923077,0.4864910769230769,0.0588263807091346,2.7958012143677955,-0.0763776443235148,3.403041871898067,1037.109375,0.0250780329256991,0.0027362527122547,1097.9222098708242,1050.3294459221524
97.mat,10,Normal,0,1796.0,12000,0.0125876159855769,0.0732349217158394,0.0743088274360824,0.2382387692307692,0.4579107692307692,0.0600690072115384,2.751197625996044,-0.0629940093579154,3.2060628252503767,1037.109375,0.025209167041198,0.0028401250985243,1119.0480399748844,1098.512332790605
97.mat,11,Normal,0,1796.0,12000,0.0116774702524038,0.0735207726006178,0.074442375803621,0.2184203076923076,0.4270356923076923,0.0604471225961538,2.7014241381333246,-0.1105696893809507,2.9340856647093108,1037.109375,0.0247579374068783,0.0028390153997257,1105.1054374243151,1077.7791524558488
97.mat,12,Normal,0,1796.0,12000,0.0105996580528846,0.0746336453633159,0.0753825826770036,0.2184203076923076,0.427452923076923,0.0614473152043269,2.6312338318238604,-0.1441497959810141,2.897490374244493,1037.109375,0.0255863346143396,0.002897443272407,1087.9360217996511,1039.0213393890488
97.mat,13,Normal,0,1796.0,12000,0.009214321514423,0.0728110728210703,0.0733917982224605,0.2866375384615384,0.5182006153846154,0.0594801373197115,2.748296318891381,-0.107798728462037,3.905579988552683,1037.109375,0.0248519205349619,0.0027356300592948,1127.3305851566768,1092.3935484414835
97.mat,14,Normal,0,1796.0,12000,0.0094105096153846,0.0711655281566231,0.0717850269139209,0.2866375384615384,0.5182006153846154,0.0581842364783653,2.809518900910555,-0.102465975056211,3.9929989690642858,1037.109375,0.0248441005528352,0.0026208241839977,1170.5181090899296,1133.9598517657546
97.mat,15,Normal,0,1796.0,12000,0.0104846547475961,0.0714755169591205,0.0722404146565467,0.2207150769230769,0.4410129230769231,0.0587090345552884,2.698365889585208,-0.0862696196436849,3.0552852994051123,1037.109375,0.0250483213602892,0.0026643027534604,1122.3009440804972,1068.0147295538566
97.mat,16,Normal,0,1796.0,12000,0.0112835661057692,0.0714800406154943,0.0723651509392192,0.2278079999999999,0.4364233846153846,0.0584769906850961,2.7294080959891023,-0.0618183581017516,3.148034613944767,1037.109375,0.0258435321959836,0.0026820170346833,1135.3997532989194,1102.6334577722637
97.mat,17,Normal,0,1796.0,12000,0.0128529690504807,0.0721866914764726,0.0733220106089028,0.2401163076923076,0.4679243076923076,0.0590975399639423,2.749883988575652,-0.0820604017889772,3.2748189213342767,1037.109375,0.0250001482579403,0.0027706581854558,1133.0148524519575,1111.473150664979
97.mat,18,Normal,0,1796.0,12000,0.0132677041766826,0.0712493436939872,0.0724741398772271,0.2401163076923076,0.4652123076923077,0.0582414325420673,2.7653503312771157,-0.030873727243566,3.3131308367242487,1037.109375,0.0249444341632189,0.0027142664643075,1110.77216829433,1064.6024791497273
97.mat,19,Normal,0,1796.0,12000,0.0125452919170673,0.0715497144570178,0.0726412141154401,0.2526332307692308,0.4612486153846153,0.0585883778545673,2.7537815624317736,0.031372088247661,3.4778222507095014,1037.109375,0.0238470352156323,0.0027170652040358,1106.5152498514958,1072.4144116595182
97.mat,20,Normal,0,1796.0,12000,0.0132004746093749,0.0725785687487823,0.0737692427203538,0.2526332307692308,0.4743913846153846,0.0591379286358173,2.8841901630631392,0.0032914944931746,3.424641780950884,1037.109375,0.0253786226430241,0.0028080770409804,1124.8363836076778,1103.3065683285326
97.mat,21,Normal,0,1796.0,12000,0.0135826645132211,0.0731711766470163,0.0744211654516884,0.2536763076923076,0.4754344615384615,0.0594668442007211,2.9407748428893807,0.0273993587993571,3.4086580901099306,1037.109375,0.0252837128876227,0.0028614996089627,1137.434428104104,1114.8561738461838
97.mat,22,Normal,0,1796.0,12000,0.0130103982872596,0.0739908771713623,0.0751260298976376,0.2536763076923076,0.4743913846153845,0.0605461843449519,2.810833230321588,0.0120074515333924,3.3766766064698497,1037.109375,0.0253861257411048,0.0029065956479593,1144.8942011403,1122.6667595723109
97.mat,23,Normal,0,1796.0,12000,0.0134596140324519,0.0738805891783286,0.0750966222092548,0.3112541538461538,0.5319692307692307,0.0604950491286057,2.8475568924829395,0.0158091481872611,4.144715763364855,1037.109375,0.0235061327231933,0.0029103320806725,1114.7962592504764,1085.281302826847
97.mat,24,Normal,0,1796.0,12000,0.013385203125,0.0718120224811448,0.0730488209044468,0.3112541538461538,0.5317606153846154,0.0586435366586538,2.9755071750767805,0.0116953358241246,4.26090592554939,1037.109375,0.0234537173591564,0.0027576470213519,1124.9870772462066,1069.9539220459867
97.mat,25,Normal,0,1796.0,12000,0.0131734299879807,0.0701488978672989,0.0713751156191355,0.2526332307692308,0.4731396923076922,0.0575921069711538,2.822900634146979,-0.052050903209512,3.5395141370741285,1037.109375,0.0234748266215239,0.0026339735579762,1166.5416855399317,1137.6568301294706
97.mat,26,Normal,0,1796.0,12000,0.0133102319711538,0.0703240052637542,0.0715725365727837,0.2286424615384615,0.4451852307692308,0.0578056117788461,2.713112026808205,0.0267616950631871,3.1945557959364748,1037.109375,0.0237525777759124,0.002649895462755,1162.9504863067966,1134.6225778040807
97.mat,27,Normal,0,1796.0,12000,0.0125244609374999,0.0710159900329289,0.0721119474298956,0.2714086153846153,0.4948356923076923,0.0575313966346153,2.9347321947982183,0.1207331478368224,3.763712187199883,1037.109375,0.025268711323488,0.0026784976035925,1120.5848981576628,1081.5369143936243
97.mat,28,Normal,0,1796.0,12000,0.0126727225060096,0.0716057321479532,0.0727184898919026,0.2714086153846153,0.535932923076923,0.0577799932391826,3.0358552340716,0.0456635996318144,3.732319191282289,1037.109375,0.0249019537175087,0.0027242886000943,1137.3456293966535,1114.058993826931
97.mat,29,Normal,0,1796.0,12000,0.013136912109375,0.0715265335417503,0.0727229225228784,0.2645243076923076,0.4975476923076922,0.0580562456430288,2.8969772723244627,-0.0225193264008752,3.637426804582681,1037.109375,0.0253331004723271,0.0027306009732497,1109.866246068695,1045.123237701466
97.mat,30,Normal,0,1796.0,12000,0.0122042546574519,0.0708606543177531,0.0719039370416115,0.2330233846153846,0.4282873846153846,0.0575808511117788,2.783822245515276,0.0290554411806859,3.2407597442200067,1037.109375,0.0242238993313197,0.0026595603303086,1187.3069332122702,1130.7086924025546
97.mat,31,Normal,0,1796.0,12000,0.0117027832031249,0.0719050079911527,0.0728511174170107,0.2261390769230769,0.4466455384615384,0.0584801993689903,2.800552689203122,-0.0322841158341158,3.104126401090362,1037.109375,0.0244593149895459,0.002722120303516,1143.2836569689553,1078.1948489887886
97.mat,32,Normal,0,1796.0,12000,0.0113463646334134,0.0717577066793959,0.0726492151250142,0.2261390769230769,0.4389267692307692,0.0584235635516827,2.7551651400473056,-0.0356575718927631,3.112753200897468,1037.109375,0.0258940654230963,0.0027033243372096,1142.0569134369664,1088.5924767544484
97.mat,33,Normal,0,1796.0,12000,0.0118295007512019,0.0713119475631393,0.0722864506893969,0.2369870769230769,0.4545729230769231,0.0577762243088942,2.8387183840422923,0.0165343686970586,3.27844394990939,1037.109375,0.0247355592117552,0.0026826340207102,1106.9272773800235,1045.9890989485907
97.mat,34,Normal,0,1796.0,12000,0.0127362850060096,0.0713219120692938,0.0724501766524719,0.2369870769230769,0.4672984615384615,0.0580580791766826,2.8550984754365856,0.0004111152704495,3.271035184080412,1037.109375,0.0254671007236904,0.0027056205266561,1100.413917329314,1044.363360601015
97.mat,35,Normal,0,1796.0,12000,0.0122929773137019,0.0707876629950056,0.071847133022339,0.2303113846153846,0.4562418461538461,0.0580703027343749,2.7290616601076056,0.0063975449981776,3.205575155570581,1037.109375,0.0251973046208595,0.0026565639418426,1111.2659376465024,1065.9672156695217
97.mat,36,Normal,0,1796.0,12000,0.0122900742187499,0.0715523116245537,0.0726001323905104,0.2278079999999999,0.4537384615384615,0.0585375991586538,2.777686079327199,-0.026636584077291,3.1378455176174977,1037.109375,0.0259599004471446,0.0027109126376327,1138.645242422382,1081.7034214318355
97.mat,37,Normal,0,1796.0,12000,0.0121294872295673,0.0704178843155589,0.0714549011050443,0.2461661538461538,0.4660467692307692,0.0572656870492788,2.880611541437262,-0.0825895534979703,3.445056252814205,1037.109375,0.0246403670386657,0.0026264637361461,1125.9290519285362,1081.3687087381568
97.mat,38,Normal,0,1796.0,12000,0.0116493560697115,0.0704858715877177,0.0714420435760285,0.2461661538461538,0.4921236923076922,0.0573612854567307,2.8192617363036403,-0.0581254950902455,3.445676264623984,1037.109375,0.02532229970154,0.0026198365727617,1104.87146404028,1056.3384498921628
97.mat,39,Normal,0,1796.0,12000,0.0123322454927884,0.0707123115669818,0.0717796300216176,0.2459575384615384,0.4620830769230769,0.0582436225961538,2.63930477282753,-0.0499023244428255,3.4265645892499625,1037.109375,0.0251316624392873,0.0026521998302802,1115.6063125477706,1068.2207890472005
97.mat,40,Normal,0,1796.0,12000,0.0132210509314903,0.0708873719255633,0.0721097475120126,0.2257218461538461,0.438300923076923,0.0584219337439903,2.6439446509324624,-0.0477076800525303,3.1302542851955435,1037.109375,0.0240189219365331,0.002687306005006,1122.8058891348685,1071.0317261476064
97.mat,41,Normal,0,1796.0,12000,0.0137045435697115,0.0731755361893543,0.0744477911764588,0.2328147692307692,0.4585366153846154,0.0603871253004807,2.617286985079959,0.0002705519393704,3.1272219840470923,1037.109375,0.0234870587545082,0.0028651441438168,1092.9182122460777,1064.7571422394828
97.mat,42,Normal,0,1796.0,12000,0.0139092881610576,0.0727699816755771,0.0740873709225207,0.2328147692307692,0.4403870769230769,0.0603080796274038,2.583472586755115,-0.0126842131049427,3.142435294056295,1037.109375,0.0248854277755037,0.0028412034420889,1092.8479139569176,1057.0494841304742
97.mat,43,Normal,0,1796.0,12000,0.0133083984374999,0.0719551178182077,0.0731754907684492,0.254928,0.4625003076923076,0.0594130096153846,2.613743623567043,-0.0355282722056546,3.483789412587256,1037.109375,0.0242182359755751,0.0027658832629193,1139.2335674942665,1123.5494584146604
97.mat,44,Normal,0,1796.0,12000,0.0121304039963942,0.0721736863376941,0.07318598021949,0.2628553846153846,0.46104,0.0592667853064903,2.6778983271802685,-0.0262717241965385,3.591608445047292,1037.109375,0.0237625559402025,0.0027516672231596,1093.2545592725312,1069.2851842972734
97.mat,45,Normal,0,1796.0,12000,0.0123341299579326,0.0738775464122623,0.0749000842837652,0.2628553846153846,0.46104,0.060609237530048,2.676710356139376,-0.010406584801071,3.509413736031789,1037.109375,0.0247709037684996,0.0028810767515112,1088.300848609248,1084.052395782474
97.mat,46,Normal,0,1796.0,12000,0.0131250450721153,0.0743391376647461,0.0754889011503223,0.245748923076923,0.4620830769230769,0.0610433266225961,2.659189761739553,0.00499895630453,3.2554311869973978,1037.109375,0.0252506289953382,0.0029354206271566,1110.8855568789802,1109.3812841806782
97.mat,47,Normal,0,1796.0,12000,0.0134235545372596,0.0712086938272724,0.0724628863143127,0.2641070769230769,0.4804412307692307,0.0584844776141826,2.774016925902362,-0.0177829019412628,3.644722013659437,1037.109375,0.0239655658735468,0.0027155309615411,1117.7966317995767,1100.7691552128963
97.mat,48,Normal,0,1796.0,12000,0.0137868997896634,0.0702646668929607,0.0716044832352623,0.2641070769230769,0.4716793846153846,0.0579097666766826,2.7478217131673826,-0.0674125140561192,3.688415375547531,1037.109375,0.0238639916213995,0.0026586405787573,1140.7326305232018,1128.9841111109768
97.mat,49,Normal,0,1796.0,12000,0.0133520976562499,0.0697765403945867,0.071042551342554,0.2100756923076923,0.4038793846153846,0.0576371304086538,2.640292831298323,-0.0708620981111592,2.957040369999469,1037.109375,0.0246845674350826,0.0026126613291398,1112.5972165557985,1064.1803162217573
97.mat,50,Normal,0,1796.0,12000,0.0131822920673076,0.0694708618866245,0.0707104905612899,0.2127876923076923,0.4228633846153846,0.057589356670673,2.6094584182773666,-0.0301165451385318,3.009280385677056,1037.109375,0.0238814243050774,0.0025868731622395,1122.8885730788925,1068.8309902257204
97.mat,51,Normal,0,1796.0,12000,0.0124111383713942,0.0695578338423972,0.0706564123383039,0.2180030769230769,0.4307907692307692,0.0575121954627403,2.6347048102905486,-0.026700611968111,3.085396918814317,1037.109375,0.0234119949251513,0.0025731825284094,1132.2635007205483,1091.5833542395455
97.mat,52,Normal,0,1796.0,12000,0.0112433811598557,0.0705524893123835,0.0714427558824531,0.237612923076923,0.4380923076923076,0.0578670860877403,2.676761006770828,0.0079381351198524,3.325920453962815,1037.109375,0.0231716517527867,0.0026152405383829,1098.8192651409393,1071.8505447578646
97.mat,53,Normal,0,1796.0,12000,0.012089862530048,0.0705622609540712,0.0715904843323881,0.237612923076923,0.4380923076923076,0.0578947928185096,2.7120057095313106,-0.0188051265336524,3.319057348092628,1037.109375,0.0235508527934545,0.0026356811134434,1091.6218491196246,1054.8742921683397
97.mat,54,Normal,0,1796.0,12000,0.0124928834134615,0.0695821098147339,0.0706947108506148,0.2355267692307692,0.427452923076923,0.0570855423677884,2.7874180071042143,-0.0249604087755384,3.331603827172608,1037.109375,0.023346113587075,0.0025769071441028,1104.6401938798551,1052.8105934050966
97.mat,55,Normal,0,1796.0,12000,0.0120830377103365,0.070644767988011,0.071670656787763,0.2486695384615384,0.4839876923076923,0.0574873408954326,2.909897608088135,0.0654077594042406,3.4696143387930536,1037.109375,0.02403246069686,0.0026413414488718,1099.1110334813611,1070.5514698471318
97.mat,56,Normal,0,1796.0,12000,0.0116458417968749,0.0721709279475679,0.0731045037735082,0.2486695384615384,0.4839876923076923,0.0586845365084134,2.9104690953890926,0.0125617338670558,3.4015624978724213,1037.109375,0.0247661925627599,0.0027399470537446,1087.5854456938705,1047.725430108321
97.mat,57,Normal,0,1796.0,12000,0.0111975937499999,0.073914549678432,0.0747579210515878,0.2419938461538461,0.4643778461538461,0.0603592148437499,2.823262169175313,-0.089923064054458,3.2370328488248723,1037.109375,0.0245604149392595,0.0028570666028379,1105.209929849699,1085.6350263502668
97.mat,58,Normal,0,1796.0,12000,0.0122339477163461,0.0724647187452555,0.0734901689993654,0.235944,0.4643778461538461,0.0592432040264423,2.841409144584029,-0.0947190290465632,3.210551876701187,1037.109375,0.0242243485642602,0.0027752372280835,1085.5505744954633,1049.3231611913538
97.mat,59,Normal,0,1796.0,12000,0.0138265244891826,0.0706044118463304,0.0719455054302644,0.2371956923076923,0.4656295384615384,0.0577106245492788,2.856705294681173,-0.0370930699440893,3.2968799216735216,1037.109375,0.0242139184019344,0.0026836642999933,1116.5607388122849,1053.2505040479296
97.mat,60,Normal,0,1796.0,12000,0.0142243503605769,0.0721379379709079,0.0735269626591157,0.2371956923076923,0.4577021538461538,0.0589304846754807,2.8142657229835044,-0.0333261414110794,3.22596886542661,1037.109375,0.0235309147578823,0.0028042735412387,1139.2047179896228,1121.5978507025095
97.mat,61,Normal,0,1796.0,12000,0.01437439453125,0.0726306730592108,0.0740394346762183,0.2113273846153845,0.4216116923076922,0.0603047181490384,2.603948644454535,-0.0650351617267358,2.8542544326484918,1037.109375,0.0243157747696339,0.0028442308821178,1133.919244022709,1115.6087958589603
97.mat,62,Normal,0,1796.0,12000,0.0145598870192307,0.0727337948570212,0.0741767835937634,0.2052775384615384,0.4080516923076923,0.0607506742788461,2.497432898216311,-0.0282771633754757,2.7674095386200808,1037.109375,0.0239664531081092,0.0028570929101258,1109.1572919546477,1082.7759095574402
97.mat,63,Normal,0,1796.0,12000,0.0139791152343749,0.0726037151664454,0.0739372376999997,0.2459575384615384,0.4504006153846154,0.0598608502103365,2.638302403870546,0.0152320780191516,3.3265719157579405,1037.109375,0.0240819351568429,0.0028310655951412,1115.989931166294,1099.399078402072
97.mat,64,Normal,0,1796.0,12000,0.0136908939302884,0.0728852818975523,0.0741599952393207,0.2459575384615384,0.4504006153846154,0.0602145694110576,2.61830242769637,-0.0274774489356126,3.3165797498747405,1037.109375,0.0242608894174837,0.0028435727527057,1081.4728172983505,1050.4866723697112
97.mat,65,Normal,0,1796.0,12000,0.0131802548076923,0.0728812374779774,0.0740634450529885,0.1983932307692307,0.3930313846153845,0.0605308539663461,2.525928945478189,-0.0721655115060442,2.678692985821694,1037.109375,0.023043795388549,0.0028295565087384,1073.8114152212552,1033.2241041001791
97.mat,66,Normal,0,1796.0,12000,0.0128108487079326,0.0730460998867907,0.074160977294589,0.2507556923076923,0.4775206153846153,0.0604170220853365,2.6212183129686557,-0.0872174531852179,3.381235003303928,1037.109375,0.0239061462176227,0.0028319843679804,1110.4927975865917,1076.2588738312718
97.mat,67,Normal,0,1796.0,12000,0.0127110739182692,0.0745403441219701,0.0756163626603226,0.2561796923076923,0.5069353846153846,0.0613369975961538,2.700301059161632,-0.0543644856481713,3.387887003484691,1037.109375,0.0231584254505761,0.0029397028894372,1077.8754918153802,1039.525466699285
97.mat,68,Normal,0,1796.0,12000,0.0135911700721153,0.0738499555383914,0.0750901846911535,0.2561796923076923,0.4725138461538461,0.061226578125,2.6433023055286,-0.0616522578088193,3.411626877219187,1037.109375,0.0239285206241505,0.0029116282458516,1131.294398269161,1127.9935045126556
97.mat,69,Normal,0,1796.0,12000,0.0148537107872596,0.0752196117134494,0.0766721768992745,0.2653587692307692,0.4746,0.0626283655348557,2.6257243971334314,-0.0483194728441544,3.4609525901341662,1037.109375,0.02541513794545,0.0030496277285304,1062.4406276147415,1029.0601575201993
97.mat,70,Normal,0,1796.0,12000,0.0148423021334134,0.0764986678708282,0.0779252213255171,0.2653587692307692,0.4746,0.0635994253305288,2.640737603916795,-0.0415815404273668,3.405300167480896,1037.109375,0.025661613447726,0.0031463170600853,1059.211699464267,1014.240954829582
97.mat,71,Normal,0,1796.0,12000,0.0136289103064903,0.075530422221662,0.0767501913816826,0.238656,0.4739741538461538,0.0625221224459134,2.640798818441389,-0.0984243247236747,3.109516676162429,1037.109375,0.0258130887064673,0.0030381695464506,1053.8902093058678,1010.3711111170109
97.mat,72,Normal,0,1796.0,12000,0.0132475353064903,0.0748368042054104,0.0760002924690138,0.245748923076923,0.4810670769230769,0.0615704166165865,2.683088737606808,-0.0979620228521651,3.233526018036279,1037.109375,0.0264866780850751,0.0029757708588472,1083.528666930858,1066.6847323100549
97.mat,73,Normal,0,1796.0,12000,0.0138304971454326,0.0733884769711183,0.0746803267496212,0.245748923076923,0.4566590769230769,0.0605111434795673,2.681759281423401,-0.0557983143717853,3.290678198300323,1037.109375,0.024284705071215,0.0028842170694615,1110.562607235017,1111.2542201334822
97.mat,74,Normal,0,1796.0,12000,0.0134919555288461,0.0737196242765095,0.0749440849397875,0.2384473846153846,0.4539470769230769,0.0606113257211538,2.717253223324984,-0.0379798397397939,3.181670505510352,1037.109375,0.024581082587891,0.0028993244145414,1094.489773552492,1068.772764984896
97.mat,75,Normal,0,1796.0,12000,0.0127763171574519,0.0739303652527839,0.0750262166613634,0.2384473846153846,0.4539470769230769,0.0605486290564903,2.7284095865537936,-0.0094997587335967,3.1781875086629414,1037.109375,0.0250742443641978,0.0028960840667075,1133.160046729631,1113.8886174099212
97.mat,76,Normal,0,1796.0,12000,0.0128809304387019,0.0734385912278458,0.0745596744259074,0.2367784615384615,0.4495661538461538,0.0598586092247596,2.79919427064157,0.0200617321915742,3.175690658007856,1037.109375,0.023647787668217,0.0028625317115076,1070.355130048135,1023.509260922656
97.mat,77,Normal,0,1796.0,12000,0.0127354701021634,0.073537021018226,0.0746316665964128,0.2442886153846153,0.4570763076923076,0.0597865920973557,2.9336036994850705,-0.048793383422164,3.2732568697100115,1037.109375,0.0238822911201009,0.0028660392264275,1113.9849994083193,1108.5346820502602
97.mat,78,Normal,0,1796.0,12000,0.0113932216045673,0.0741801944361353,0.0750500282818976,0.2584744615384615,0.4892030769230769,0.060114896484375,2.958412666909182,-0.1008310729301973,3.4440288359066047,1037.109375,0.0244678866204146,0.0028811564370587,1114.171786094132,1098.129564902294
97.mat,79,Normal,0,1796.0,12000,0.0111561864483173,0.0747545016826503,0.0755823790171425,0.2584744615384615,0.4892030769230769,0.0601383249699519,2.9481971164105607,-0.0570435656408923,3.4197714454031387,1037.109375,0.0246286988443621,0.0029185782922913,1084.2384749845005,1037.2978962015625
97.mat,80,Normal,0,1796.0,12000,0.0116090183293269,0.0741754536217414,0.0750784071924928,0.2453316923076923,0.4650036923076923,0.0600400781249999,2.81973131142657,-0.0509272941562977,3.267673109775606,1037.109375,0.0246752305912201,0.002885768316392,1089.880420678673,1055.602241865843
97.mat,81,Normal,0,1796.0,12000,0.0119801051682692,0.0729941259199222,0.0739707059494246,0.2242615384615384,0.4393439999999999,0.0596955775240384,2.7285517782438857,-0.0709373702591443,3.0317615004900835,1037.109375,0.0247706296314623,0.0028075941375503,1089.5792188945877,1037.295449472617
97.mat,82,Normal,0,1796.0,12000,0.0124830536358173,0.074407247241339,0.075447101137873,0.2436627692307692,0.4679243076923076,0.0606711702223557,2.793396920732613,-0.0411099594924363,3.229584245861169,1037.109375,0.0260941881628686,0.0029240459147526,1094.4494676873333,1046.2262338571402
97.mat,83,Normal,0,1796.0,12000,0.0127767755408653,0.073712019430401,0.074811147576611,0.2436627692307692,0.4622916923076923,0.0604396865985576,2.7616444392117265,-0.0148721885303072,3.2570382506329576,1037.109375,0.0256294796772771,0.0028799769070682,1090.9748358869815,1024.0384786695272
97.mat,84,Normal,0,1796.0,12000,0.0131015147235576,0.0709703877871904,0.0721695616635974,0.2595175384615384,0.4904547692307692,0.0580492680288461,2.8829617926948377,-0.0255228325086209,3.595941730548712,1037.109375,0.0244965129311367,0.0026900479150707,1158.4233401958895,1099.6367375746006
97.mat,85,Normal,0,1796.0,12000,0.0130628577223557,0.0720159827337619,0.0731911198232682,0.2595175384615384,0.4904547692307692,0.0587018532151442,2.918093075250813,-0.0345562160056441,3.545751712614666,1037.109375,0.0248471046575144,0.0027637891373747,1096.43081555745,1035.3338022240764
97.mat,86,Normal,0,1796.0,12000,0.0113211026141826,0.0743043839683662,0.0751618842320976,0.233232,0.450192,0.0609027047776442,2.7364006196442547,-0.0670621577984654,3.103062175500904,1037.109375,0.0243077391593262,0.0028887383283955,1110.6507730070705,1086.4702544180648
97.mat,87,Normal,0,1796.0,12000,0.00922318359375,0.0736737472357545,0.0742488258988778,0.2553452307692307,0.4885772307692307,0.0598473533653846,2.7856962105562344,-0.1123585838658288,3.4390473879949925,1037.109375,0.0232867691349855,0.0027989776569043,1083.7735440716845,1025.4918463873528
97.mat,88,Normal,0,1796.0,12000,0.008491552734375,0.0717602378378653,0.0722609036920219,0.2553452307692307,0.4668812307692307,0.0582596660156249,2.7744265875274112,-0.1123332945975936,3.533656759366304,1037.109375,0.0246684913257098,0.0026468723365266,1100.2378855266054,1025.8147669158436
97.mat,89,Normal,0,1796.0,12000,0.009318272686298,0.0745661424582134,0.0751461230334259,0.2732861538461538,0.513611076923077,0.060449007061298,2.8606392123880755,-0.1098778673727398,3.6367299178507535,1037.109375,0.0245354434102605,0.0028668850153405,1079.8646646324946,1032.2710252412758
97.mat,90,Normal,0,1796.0,12000,0.0101775378605769,0.0746856404815728,0.0753759057726421,0.2732861538461538,0.513611076923077,0.0606951589543269,2.854938791729732,-0.1519345947874159,3.625643380929608,1037.109375,0.0259604278182209,0.0028925548618157,1105.3689727812407,1071.671657918227
97.mat,91,Normal,0,1796.0,12000,0.0103260540865384,0.0737052281717221,0.07442504990152,0.2584744615384615,0.489828923076923,0.0599686721754807,2.8181497205880364,-0.1181476801924504,3.472949791508068,1037.109375,0.0252110004725718,0.0028228577963886,1106.400067387575,1068.183297873883
97.mat,92,Normal,0,1796.0,12000,0.0107935542367788,0.0741414253639082,0.074922972231848,0.2584744615384615,0.489828923076923,0.060071197265625,2.832481516057673,-0.0518677586775165,3.449869296944282,1037.109375,0.024930123920942,0.002864976313501,1085.3946166753306,1046.1598416761458
97.mat,93,Normal,0,1796.0,12000,0.0114302487980769,0.0732743464707635,0.0741605045715267,0.2309372307692307,0.449148923076923,0.0600125751201923,2.6808672321506304,-0.0351661613818202,3.11401914136783,1037.109375,0.0258893281712627,0.0028152156773223,1121.346849378216,1091.3100881701728
97.mat,94,Normal,0,1796.0,12000,0.0119175612980769,0.0741258141329673,0.0750777236480211,0.2309372307692307,0.449148923076923,0.0610861090745192,2.671607624572782,-0.0745549851416563,3.075975396535848,1037.109375,0.0258912160124027,0.0028893464364521,1085.1449613632458,1044.9465551813732
97.mat,95,Normal,0,1796.0,12000,0.0125896023137019,0.0749893768390055,0.0760388369527016,0.2572227692307692,0.481692923076923,0.0617769947415865,2.724691915462396,-0.0660371188724934,3.382781477717357,1037.109375,0.0259546098330551,0.0029702016334724,1131.0033523854058,1101.8582376723534
97.mat,96,Normal,0,1796.0,12000,0.0136508108473557,0.075329376891528,0.0765562516040078,0.2572227692307692,0.4683415384615385,0.0621840392127403,2.634884159035172,0.0114261772986509,3.359918541483333,1037.109375,0.0257385134994755,0.0030236021482556,1077.3061098984963,1020.7986555882152
97.mat,97,Normal,0,1796.0,12000,0.0138058972355769,0.074944175616962,0.0762051983619579,0.2561796923076923,0.4685501538461538,0.0618130033052884,2.615124932371642,0.0104651724647078,3.361708883571106,1037.109375,0.0249716995692336,0.0029989175777582,1078.8303878911472,1046.0942093819465
97.mat,98,Normal,0,1796.0,12000,0.0136089960937499,0.0740265376906215,0.0752670781759244,0.2597261538461538,0.4720966153846153,0.0609611231971153,2.702044679529061,0.0061587277092627,3.4507271989366544,1037.109375,0.0243998792095286,0.002925168942063,1073.8707632331443,1046.3167192233416
97.mat,99,Normal,0,1796.0,12000,0.0137993270733173,0.0759275846600222,0.0771713647668695,0.2597261538461538,0.4819015384615384,0.0624245377103365,2.7118381737743955,0.0047337327553036,3.365576786555121,1037.109375,0.0253851532857381,0.0030729204856044,1057.69972932438,1028.4170801665714
97.mat,100,Normal,0,1796.0,12000,0.0143554480168269,0.075706201501141,0.0770552258675243,0.2451230769230769,0.4672984615384615,0.0622609966947115,2.69780527681305,-0.0123823701047007,3.181135012756953,1037.109375,0.0248660577268321,0.0030717934789218,1092.0494588420636,1075.3464859763938
97.mat,101,Normal,0,1796.0,12000,0.0148215730168269,0.0734331139046573,0.0749139589424261,0.2405335384615384,0.452904,0.0605433831129807,2.6481448705901807,0.0325742685547832,3.210797318112588,1037.109375,0.0255656651926992,0.0029158901376355,1075.3351676049078,1049.5993413803053
97.mat,102,Normal,0,1796.0,12000,0.0145802086838942,0.0733137311275376,0.074749485998947,0.2486695384615384,0.4424732307692308,0.060396955078125,2.7038039152684625,0.052294077642483,3.3267056641037134,1037.109375,0.0248159104649869,0.0029000342574899,1103.5112262599987,1096.949859321394
97.mat,103,Normal,0,1796.0,12000,0.0142073901742788,0.0726969010477785,0.074072190176305,0.2486695384615384,0.4698018461538461,0.0597322991286057,2.7856002472345254,0.0043994391836759,3.357124149693165,1037.109375,0.0244338241764408,0.002844269648315,1071.640494705194,1030.4794755850949
97.mat,104,Normal,0,1796.0,12000,0.0140800614483173,0.0726610898744226,0.0740127158813086,0.2367784615384615,0.4579107692307692,0.0594026705228365,2.796816786010975,0.0055238562568735,3.199159208238949,1037.109375,0.0242940565249758,0.0028380652633593,1108.9583508336343,1073.4032460045687
97.mat,105,Normal,0,1796.0,12000,0.0134459134615384,0.0729964556561311,0.0742244914241432,0.2401163076923076,0.4604141538461538,0.0596427106370192,2.7671503712143126,0.0370064563999232,3.235001049993108,1037.109375,0.0238472501032862,0.0028450340223715,1122.0231989676902,1076.6023927691845
97.mat,106,Normal,0,1796.0,12000,0.01396123828125,0.0728960665401832,0.0742209720454849,0.2401163076923076,0.4451852307692308,0.05984409375,2.7142309157021707,0.0393851646621486,3.2351544459045445,1037.109375,0.0239303210601417,0.0028518345511536,1129.0197561554282,1065.6447936693578
97.mat,107,Normal,0,1796.0,12000,0.0142564371995192,0.0728476912529557,0.0742295906125704,0.2605606153846154,0.4919150769230769,0.0594323635817307,2.8258876691810517,0.0159766013036117,3.510198739267879,1037.109375,0.0244369197378042,0.0028566395999828,1170.154876645548,1137.7356392414422
97.mat,108,Normal,0,1796.0,12000,0.0134771344651442,0.0735641930783266,0.0747885262366955,0.2605606153846154,0.4919150769230769,0.0597219091045673,2.863046622551632,0.0232088949268293,3.483965101277386,1037.109375,0.026323384408951,0.0028874784086675,1085.1082301463346,1042.852679817087
97.mat,109,Normal,0,1796.0,12000,0.0133046804387019,0.0723993232296838,0.0736116602563222,0.2474178461538461,0.470844923076923,0.0587683697415865,2.8324829822411126,0.0367797687109572,3.361123024427319,1037.109375,0.0241068164150931,0.0027978456188876,1112.5941369744191,1084.3556078018291
97.mat,110,Normal,0,1796.0,12000,0.0133570889423076,0.0710864709564213,0.0723304789010196,0.2474178461538461,0.4754344615384615,0.0578458476562499,2.878885618452401,-0.0289813981832542,3.420658205407765,1037.109375,0.0256428274688692,0.0027050550178014,1117.1493642903426,1063.2432776702424
97.mat,111,Normal,0,1796.0,12000,0.0137055112680288,0.0718520032342494,0.0731474634412749,0.2298941538461538,0.4560332307692307,0.0586315677584134,2.8635888844170445,-0.0411357265073474,3.142886205899948,1037.109375,0.0258825500111009,0.0027691962464481,1102.3563992253391,1046.30876734719
97.mat,112,Normal,0,1796.0,12000,0.0137934190204326,0.0708708859542025,0.0722006986407113,0.2438713846153846,0.4760603076923076,0.0578016900540865,2.8664615401303184,0.0282850644651516,3.377687324453039,1037.109375,0.0255742831329078,0.0027015998209327,1133.0442287422716,1091.2081090906163
97.mat,113,Normal,0,1796.0,12000,0.0131139929387019,0.0706564314409958,0.0718631206862912,0.2438713846153846,0.4760603076923076,0.0578859307391826,2.802445785187191,0.0254217118649137,3.393554055076068,1037.109375,0.0245116539635179,0.0026681425081394,1114.67470295513,1060.7476025302938
97.mat,114,Normal,0,1796.0,12000,0.0125168721454326,0.0725969480916301,0.0736681000197775,0.243036923076923,0.4583279999999999,0.0595418153545673,2.72501367332306,-0.0270232481959516,3.2990795610539085,1037.109375,0.0254803475719338,0.0027918305376453,1117.311472953763,1062.3512625344435
97.mat,115,Normal,0,1796.0,12000,0.0123877608173076,0.0729856039825916,0.0740294198732539,0.243036923076923,0.4551987692307692,0.059578333233173,2.748664599797048,-0.022286081282081,3.282977544509029,1037.109375,0.0254077726436519,0.0028169058400657,1109.9160520095538,1067.9635615576371
97.mat,116,Normal,0,1796.0,12000,0.01157499609375,0.0727331278894923,0.0736484108936477,0.2246787692307692,0.4412215384615384,0.059326731670673,2.6965371418883777,-0.045091214341722,3.0506940544205,1037.109375,0.0258175826906065,0.0027790345593547,1135.1551736092424,1083.6486495228971
97.mat,117,Normal,0,1796.0,12000,0.0112795934495192,0.0734230697822005,0.0742844290859688,0.2165427692307692,0.4199427692307692,0.0602899480168269,2.537801747151214,-0.0096195578178655,2.915049249152416,1037.109375,0.024640304571963,0.0028227030409624,1149.472946138777,1102.7325120904868
98.mat,0,Normal,1,,12000,0.0087988733473557,0.0647440680492548,0.0653392265010028,0.2044430769230769,0.4032535384615384,0.052597714092548,2.902601793225119,-0.2775863628428556,3.128948533235836,1066.40625,0.0168626215783223,0.0021733173591968,1104.09686787427,1066.3976751172936
98.mat,1,Normal,1,,12000,0.01020575390625,0.0630224579510388,0.0638434618342817,0.2113273846153845,0.4086775384615384,0.0516324095552884,2.8961763657098336,-0.2413320221270858,3.3100865545782323,1066.40625,0.015541031696788,0.0020900725956613,1143.3514258253126,1103.8401685291878
98.mat,2,Normal,1,,12000,0.0111169692007211,0.0636659824505088,0.0646292838084894,0.2113273846153845,0.4080516923076922,0.0518986284555288,2.9640469867821624,-0.1516558861126626,3.2698394932178614,90.8203125,0.0156663135252176,0.0021502657573664,1132.7920357866954,1105.958428586041
98.mat,3,Normal,1,,12000,0.0118638285757211,0.0639423687266388,0.0650336601064982,0.2278079999999999,0.4393439999999999,0.0519350954026442,3.037093682958579,-0.1603248901427108,3.502924479830056,90.8203125,0.0166037144319702,0.0021850636988786,1113.2501536065631,1075.3097515368802
98.mat,4,Normal,1,,12000,0.0125872594651442,0.0647152113505468,0.0659279734330489,0.2278079999999999,0.4393439999999999,0.0529672729867788,2.9267613634522243,-0.1257726436683915,3.4554072897651404,90.8203125,0.0165230714294321,0.002252468595336,1143.4866949282944,1119.4939516084737
98.mat,5,Normal,1,,12000,0.0121639169170673,0.0638527809707685,0.0650010654717771,0.2123704615384615,0.4159790769230769,0.0520987892127403,3.0102437173981205,-0.1567927196490679,3.26718431455052,90.8203125,0.0158725022632193,0.0021865498552346,1112.437293492502,1105.1479061997975
98.mat,6,Normal,1,,12000,0.0108739750600961,0.0642961191597979,0.0652091578891993,0.2115359999999999,0.4115981538461538,0.0523570628004807,2.9839268040019205,-0.1932108332393813,3.2439615361914824,90.8203125,0.0170944306912162,0.0021852390519363,1146.9080735660707,1144.7605359562026
98.mat,7,Normal,1,,12000,0.0104795615985576,0.0661095711741848,0.0669350178317193,0.210492923076923,0.4105550769230769,0.054372829326923,2.7515692531299782,-0.1272754768850307,3.1447354448477376,90.8203125,0.0172282613548824,0.0022950590048716,1093.0345386362317,1096.705955569299
98.mat,8,Normal,1,,12000,0.0104886783353365,0.0663821099141704,0.0672056313851686,0.2234270769230769,0.4201513846153846,0.054821994140625,2.7805900422530856,-0.199675320910885,3.324529095524342,90.8203125,0.0178005755893692,0.0023133046442626,1093.2127424036066,1078.1295758146152
98.mat,9,Normal,1,,12000,0.0106128493088942,0.0651014034560152,0.0659607860959538,0.2234270769230769,0.4201513846153846,0.053524259765625,2.805064036972876,-0.2120132283227022,3.3872712887025846,90.8203125,0.0164989346404603,0.0022317289367995,1100.198216807775,1078.4352789684815
98.mat,10,Normal,1,,12000,0.0103019634915865,0.0641546787593654,0.0649765593002534,0.2211323076923076,0.424740923076923,0.0525894631911057,2.784379992788677,-0.1905308873319001,3.4032628085224745,90.8203125,0.0173291425797145,0.0021640418871106,1118.0845605924478,1094.4076323195225
98.mat,11,Normal,1,,12000,0.009311651592548,0.0650840395315848,0.0657467798232727,0.2384473846153846,0.442056,0.0530041473858173,2.974253616702793,-0.2371634675007379,3.6267538160246175,90.8203125,0.0166972815813187,0.0022046729563605,1104.8014984134672,1070.1195272849834
98.mat,12,Normal,1,,12000,0.0095491451322115,0.0662588181518286,0.0669433876916393,0.2384473846153846,0.4614572307692307,0.0537925159254807,2.9527225194463376,-0.1926010445955241,3.561925872555812,1066.40625,0.0172812185883583,0.002286301686114,1099.361827484159,1075.3763664109783
98.mat,13,Normal,1,,12000,0.0097531257512019,0.0665598707295802,0.0672706462987921,0.2230098461538461,0.4082603076923077,0.0544498886718749,2.748781587843601,-0.1284479866562939,3.315113774339499,1066.40625,0.0178229120999139,0.0023102321199534,1157.1850491716202,1170.7999369871206
98.mat,14,Normal,1,,12000,0.0096777471454326,0.0647111246744414,0.0654307912717096,0.2019396923076923,0.3926141538461538,0.053226717998798,2.723223827603632,-0.1550012792918447,3.086309799756392,1066.40625,0.0166378946550534,0.00218742361819,1113.5812370464996,1075.5880317491735
98.mat,15,Normal,1,,12000,0.010179676983173,0.0634130586954687,0.0642249315810979,0.2513815384615384,0.4533212307692307,0.0518075120192307,3.021686070326062,-0.2736360255175849,3.914080284291384,90.8203125,0.0157393694617821,0.0021142341595001,1184.0118142869555,1154.4364025072464
98.mat,16,Normal,1,,12000,0.0098214248798076,0.0629619778242112,0.0637233947479744,0.2513815384615384,0.4785636923076923,0.0511001754807692,3.148890941406633,-0.23047745880877,3.944886167093743,90.8203125,0.0165182324786079,0.0020785657311148,1128.0392525233665,1072.134129901067
98.mat,17,Normal,1,,12000,0.0096062393329326,0.066080881656472,0.06677546521454,0.2271821538461538,0.4316252307692307,0.0535989253305288,2.972036890989777,-0.0713840758492755,3.402180023999084,90.8203125,0.0162857874323575,0.0022756213457327,1103.3582307758825,1081.3552192370355
98.mat,18,Normal,1,,12000,0.0102392158954326,0.0666272278252683,0.0674094135105289,0.232188923076923,0.4593710769230769,0.0543214394531249,2.903520285349049,-0.1330905493718998,3.4444584366641378,90.8203125,0.0171964514279925,0.0023244353437374,1124.7069267762213,1094.4097137235024
98.mat,19,Normal,1,,12000,0.0108678123497596,0.0642239010789138,0.0651369235922583,0.232188923076923,0.4222375384615384,0.0523939881310096,2.889249825410187,-0.1898962153170841,3.5646283286323213,90.8203125,0.0171981649473175,0.0021804640904402,1100.6398708905,1068.065402897077
98.mat,20,Normal,1,,12000,0.0113674502704326,0.0653618587021799,0.0663429837937252,0.2323975384615384,0.4314166153846154,0.0535609304387019,2.871513599514476,-0.2391195792917986,3.502970851960968,90.8203125,0.0178091854249656,0.0022653052594687,1105.0679368713995,1094.1521662360656
98.mat,21,Normal,1,,12000,0.0120837507512019,0.066727785742509,0.0678130844477329,0.2323975384615384,0.4314166153846154,0.0550990614483173,2.8225474709155858,-0.2863549496262323,3.427030938854568,90.8203125,0.0165537498835106,0.0023723157415657,1106.863021967653,1089.6981024202612
98.mat,22,Normal,1,,12000,0.0124530549879807,0.0652519242307889,0.0664296032981854,0.2121618461538461,0.404088,0.0539706742788461,2.809012979950096,-0.2329806591309504,3.193784632455294,90.8203125,0.0161418833784483,0.0022839854257122,1117.853245376817,1099.1775222518852
98.mat,23,Normal,1,,12000,0.0135836831430288,0.0648943258184555,0.0663007539260457,0.2042344615384615,0.4045052307692307,0.0538511380709134,2.8290599018000795,-0.2385987957023104,3.0804244212105334,90.8203125,0.0171127167442775,0.0022901532221581,1098.3163174444028,1085.0887931189684
98.mat,24,Normal,1,,12000,0.014157630108173,0.064528417018958,0.0660632658385309,0.2067378461538461,0.409512,0.0534324302884615,2.8648836453884794,-0.2280042889473806,3.129391856877713,90.8203125,0.01615608883746,0.0022823967920981,1067.224685786776,1072.3463500317298
98.mat,25,Normal,1,,12000,0.0122229974459134,0.0629087770181869,0.0640852236672915,0.2067378461538461,0.4111809230769231,0.0514188538161057,2.911907948352268,-0.1181631274906012,3.225983063227776,90.8203125,0.0149911654037524,0.0021281588011083,1085.6012141539518,1078.709816486904
98.mat,26,Normal,1,,12000,0.0113302193509615,0.0634250788897484,0.064429143271595,0.2056947692307692,0.4101378461538461,0.0515663004807692,2.936833024658894,-0.1043825087389633,3.192573403679792,1066.40625,0.015477204592838,0.0021397441901334,1097.9827792690792,1063.8900294551788
98.mat,27,Normal,1,,12000,0.0105205614483173,0.0648921548940573,0.06573944006441,0.2215495384615384,0.4207772307692308,0.0527003919771634,2.968091495703554,-0.2038952906631024,3.3701159949715,1066.40625,0.0152568567240491,0.0022161781020648,1091.108613076447,1060.688277926293
98.mat,28,Normal,1,,12000,0.0089662342247596,0.0642175776550509,0.0648405015099031,0.2215495384615384,0.4124326153846154,0.0523654664963942,2.8018065820274485,-0.1844589489146034,3.4168387551367267,90.8203125,0.0155555118129666,0.0021423420434306,1100.457828121829,1084.446459157074
98.mat,29,Normal,1,,12000,0.0103873756009615,0.0618192425448656,0.0626858542312089,0.2000621538461538,0.3792627692307692,0.0510454750600961,2.6545988707607147,-0.1319557284185737,3.191503989213413,90.8203125,0.0154147983664402,0.0020187070450868,1124.969339953698,1114.09437484535
98.mat,30,Normal,1,,12000,0.0103143907752403,0.0640513806227064,0.0648765444266198,0.2040258461538461,0.3865643076923076,0.0528478895733173,2.7643137092250467,-0.2027700038304247,3.1448322033337384,90.8203125,0.0158929179632267,0.0021576763540547,1113.2956530190424,1084.5099727371132
98.mat,31,Normal,1,,12000,0.0080473792067307,0.0668590916791475,0.0673416546593383,0.2059033846153846,0.3974123076923077,0.0546579438100961,2.789313935903273,-0.2168282162914499,3.057593188896077,90.8203125,0.0181112528918201,0.0022998294129371,1095.205080781292,1079.27827828457
98.mat,32,Normal,1,,12000,0.00823134375,0.0670294978958319,0.0675330186508644,0.2691138461538461,0.490872,0.0546012061298076,2.997845699139139,-0.2746728715823244,3.984922509463472,90.8203125,0.0175156870582986,0.0023142318155136,1086.962763264587,1049.9680462115057
98.mat,33,Normal,1,,12000,0.0089574740084134,0.0659149576718519,0.06652080866536,0.2691138461538461,0.490872,0.0538931056189903,3.0775737388027093,-0.3225938138727763,4.045558849226442,90.8203125,0.0173593054211176,0.0022526274581594,1146.367777942899,1122.9820550954933
98.mat,34,Normal,1,,12000,0.0097980982572115,0.0654485007708959,0.0661778587037684,0.2405335384615384,0.4504006153846154,0.0533524678485576,2.884383078809321,-0.193966096482964,3.634652785280306,1066.40625,0.0154982332515675,0.0022377559199587,1099.385674051683,1096.413301267513
98.mat,35,Normal,1,,12000,0.0107362563100961,0.0675633217317463,0.0684110345118647,0.2444972307692307,0.4495661538461538,0.0545911216947115,3.0216536527315614,-0.1600727831683281,3.57394435727802,90.8203125,0.0186808844644872,0.0023976684240142,1083.28726439702,1062.747189715806
98.mat,36,Normal,1,,12000,0.0106228828125,0.0664495328620978,0.0672932838910327,0.2444972307692307,0.4397612307692308,0.0542688272235576,2.9589124596651217,-0.2024043534805889,3.6333080603577375,1066.40625,0.0178918046850953,0.0023206159252623,1120.8188452321588,1099.7023765457025
98.mat,37,Normal,1,,12000,0.0107172588641826,0.0642364599410842,0.0651243612124098,0.2513815384615384,0.4647950769230768,0.0529129800180288,2.797328266747982,-0.1498059934054668,3.860023097065501,1066.40625,0.0180899006727877,0.0021780212849797,1165.595639166293,1128.874407613814
98.mat,38,Normal,1,,12000,0.0106190629507211,0.0656703380473176,0.0665233627923329,0.2513815384615384,0.4647950769230768,0.0536136954627403,2.8606241227128213,-0.1154890182729047,3.7788459258483376,1066.40625,0.0173448074426536,0.0022690611514993,1103.5385257990822,1071.826508636347
98.mat,39,Normal,1,,12000,0.0101152486478365,0.0665435877695729,0.0673080034502169,0.2144566153846153,0.4276615384615384,0.0542237528545673,2.8198388433721457,-0.086522593482522,3.1861978426270507,1066.40625,0.0162633790750925,0.002316342980106,1098.715280251536,1115.1345755042826
98.mat,40,Normal,1,,12000,0.0102781784855769,0.0658645767099197,0.066661708785166,0.2432455384615384,0.4577021538461538,0.0535793167067307,3.004863179310666,-0.1367179093792695,3.648954443179033,1066.40625,0.0166825240706694,0.0022747121867371,1084.240389813598,1062.2886171231753
98.mat,41,Normal,1,,12000,0.0094670945012019,0.0638595067338168,0.064557435501893,0.2432455384615384,0.4408043076923076,0.0520557011718749,2.931687052478204,-0.1654368349299464,3.7678934513191056,1066.40625,0.0161035770598331,0.0021286441800267,1118.0343616431971,1071.554790235517
98.mat,42,Normal,1,,12000,0.0089961310096153,0.0624177612537722,0.0630627250685781,0.2090326153846154,0.3901107692307692,0.0512696754807692,2.703429927590061,-0.1359164894658565,3.3146778093921725,90.8203125,0.0161287123025775,0.0020289188387583,1125.069373282263,1086.3712948002826
98.mat,43,Normal,1,,12000,0.0097828697415865,0.0638636862543153,0.0646086291633746,0.2090326153846154,0.4078430769230769,0.0524271954627403,2.821379702908133,-0.2033263142249555,3.235366824701363,90.8203125,0.0174049183820312,0.0021349897565234,1113.9887032215934,1078.5200431323533
98.mat,44,Normal,1,,12000,0.0099065823317307,0.0656402174178297,0.0663835711313825,0.2157083076923077,0.4287046153846153,0.0535436646634615,2.9211878209204305,-0.206642302327561,3.2494230728472,90.8203125,0.0175190039250965,0.0022524594501378,1096.7355209287905,1067.7757383411958
98.mat,45,Normal,1,,12000,0.0099780901442307,0.0658989758211621,0.066650111006693,0.2157083076923077,0.4287046153846153,0.0537111274038461,2.866831385962544,-0.1817303462152451,3.236428333489888,90.8203125,0.0173129360504913,0.0022708998551441,1122.9878598835312,1102.5778215227176
98.mat,46,Normal,1,,12000,0.0107250004507211,0.0674520935176339,0.0682994184058664,0.2094498461538461,0.4105550769230769,0.0554080118689903,2.7464909179481336,-0.2022172394443186,3.066641723201789,90.8203125,0.0184176088358027,0.0023899181148895,1097.8748897082755,1086.1248292252092
98.mat,47,Normal,1,,12000,0.0102979399038461,0.0675733519465262,0.0683535328973735,0.2415766153846154,0.4510264615384615,0.055458688701923,2.812621066381385,-0.1116092538574521,3.5342228140178227,90.8203125,0.0174717526644787,0.002389126552176,1095.637698221549,1079.3534369298388
98.mat,48,Normal,1,,12000,0.0104521095252403,0.0641696918731994,0.0650153516381244,0.2415766153846154,0.4631261538461538,0.052230905498798,3.048252762510825,-0.1433642470899051,3.7156857464869386,90.8203125,0.0172693762179926,0.0021681212818188,1104.5627699895604,1066.2207435857076
98.mat,49,Normal,1,,12000,0.0115076137319711,0.0624843732094822,0.0635352033851007,0.2215495384615384,0.4195255384615384,0.0508871290564903,2.984988019755616,-0.1827523415069673,3.4870359526305195,90.8203125,0.0165833577462553,0.0020845736347259,1117.2825249839334,1084.1875013785825
98.mat,50,Normal,1,,12000,0.0117843245192307,0.0647222898519627,0.0657863595896294,0.2054861538461538,0.4009587692307692,0.053169114483173,2.7644951817738583,-0.1237443489197061,3.123537388722551,1066.40625,0.0174168721109803,0.0022333577482383,1116.94649959635,1084.728488075002
98.mat,51,Normal,1,,12000,0.0128539876802884,0.0660603205472695,0.0672992641125667,0.2296855384615384,0.4251581538461538,0.0547751881009615,2.763169251735864,-0.1384460636436113,3.412898216499956,1066.40625,0.0163041969291053,0.0023472079763699,1073.4823756020749,1045.4655488797596
98.mat,52,Normal,1,,12000,0.013953038311298,0.0648238371529607,0.0663084997669991,0.2296855384615384,0.4228633846153846,0.0537073075420673,2.8355371493863384,-0.11202748414494,3.463892853384232,90.8203125,0.0155927288451579,0.0022957522105439,1079.9868260312753,1056.5714799799896
98.mat,53,Normal,1,,12000,0.013173735576923,0.0663699678339904,0.0676647614296807,0.2196719999999999,0.4255753846153846,0.0547033746995192,2.823991195337728,-0.1566816943018809,3.24647564490846,90.8203125,0.0165161643343337,0.0023760336671552,1100.6925858048155,1068.7431734418292
98.mat,54,Normal,1,,12000,0.0126173599759615,0.065203995510454,0.0664135438242103,0.208824,0.4147273846153846,0.0537387322716346,2.8644275040899494,-0.1832074285837134,3.14429840625182,90.8203125,0.0161706159937324,0.0022849783309887,1112.193019588528,1064.6622472010465
98.mat,55,Normal,1,,12000,0.0126318245192307,0.0632618679458827,0.0645106729672458,0.2290596923076923,0.4418473846153846,0.052260700420673,2.9069105070575216,-0.2122501866764543,3.5507255121023658,90.8203125,0.0152267580400942,0.0021605950371755,1119.566377830995,1087.0647406117114
98.mat,56,Normal,1,,12000,0.0118617913161057,0.065725931835463,0.0667877249864581,0.2290596923076923,0.4418473846153846,0.0541352339242788,2.816502435655009,-0.2340085525867545,3.429667537771892,90.8203125,0.0178074525030184,0.0023006511753903,1108.1762430496765,1069.093509789399
98.mat,57,Normal,1,,12000,0.0115479514723557,0.0660514655118351,0.0670533465195364,0.196932923076923,0.39324,0.054040705078125,2.759213924326483,-0.1403491355639112,2.9369589036029,90.8203125,0.0166730530882277,0.0023147533337515,1111.8588393289303,1101.3791865329183
98.mat,58,Normal,1,,12000,0.010563700420673,0.064272359925014,0.0651346913473018,0.2257218461538461,0.4226547692307692,0.0521223704927884,2.928182279405241,-0.1468513486617071,3.46546274319908,90.8203125,0.0177097487424861,0.0021770600053816,1135.3400587374224,1111.3125050241274
98.mat,59,Normal,1,,12000,0.0110076192908653,0.065029586062925,0.0659546415801648,0.2257218461538461,0.432876923076923,0.0530967917668269,2.9454992692702997,-0.2046940563237264,3.422379998525072,1066.40625,0.0156089970650983,0.0022355912543864,1108.2572894666494,1082.8315541307834
98.mat,60,Normal,1,,12000,0.0123504789663461,0.0674875141784314,0.068608300523203,0.235944,0.4430990769230769,0.0549668942307692,2.9359484086939527,-0.2018829809497938,3.4390007943747976,90.8203125,0.0182634872898173,0.0024298166220454,1091.4851568734273,1067.8853110154946
98.mat,61,Normal,1,,12000,0.0117918114483173,0.0659776027292918,0.0670230622930415,0.235944,0.4289132307692307,0.0533810404146634,2.9707787418725267,-0.163554457249463,3.5203404906865337,90.8203125,0.0170717662013541,0.0023155688494312,1095.3292192044648,1076.4142862479937
98.mat,62,Normal,1,,12000,0.0114901951622596,0.0630051704289029,0.0640443290669979,0.2111187692307692,0.412224,0.0514590896935096,2.8199774800895456,-0.0788143095214148,3.296447512314697,90.8203125,0.0161264649901057,0.0021168503845731,1113.1503551982848,1098.191347654919
98.mat,63,Normal,1,,12000,0.011914403545673,0.0674150653634824,0.0684597987859426,0.2553452307692307,0.471888,0.0547439161658653,2.9372176164098054,-0.1012949785779432,3.729856577107885,90.8203125,0.0156862860358638,0.0024143486570864,1118.0499296213045,1112.1601757838916
98.mat,64,Normal,1,,12000,0.0117843245192307,0.0675376756251275,0.0685580624961024,0.2553452307692307,0.471888,0.0547682614182692,2.960070200501846,-0.1105115464408751,3.7245106041867393,90.8203125,0.0176811839154259,0.0024195391910351,1086.2950922683788,1089.3354688962663
98.mat,65,Normal,1,,12000,0.0122314011418269,0.0627487314494077,0.0639297307393217,0.2102843076923076,0.4076344615384615,0.0514363233173076,2.865323578985224,-0.1312911965518636,3.289303822500952,90.8203125,0.0157547917034292,0.0021183091145538,1157.626529550476,1152.861171444678
98.mat,66,Normal,1,,12000,0.0121691628605769,0.061945686668813,0.0631296809876147,0.2102843076923076,0.4184824615384614,0.051145708233173,2.8456771955595688,-0.2042233726431831,3.330989550439244,90.8203125,0.0148418734723532,0.0020667226097693,1119.2925456101568,1104.0880396857458
98.mat,67,Normal,1,,12000,0.0112193414963942,0.0635235696750948,0.0645067246717684,0.2081981538461538,0.3988726153846154,0.0524686536959134,2.7294449600005244,-0.1778700903567036,3.2275418556055167,1066.40625,0.0156868284753404,0.0021434955773348,1110.7542440679329,1092.6253671554462
98.mat,68,Normal,1,,12000,0.0117913021334134,0.0649578946027674,0.0660194128815584,0.1906744615384615,0.3732129230769231,0.0536377351262019,2.702243783844852,-0.1419473795628543,2.8881574860494355,90.8203125,0.0173496403735346,0.0022487989233263,1119.0797930504552,1111.078318813885
98.mat,69,Normal,1,,12000,0.0115263565204326,0.0644474500682689,0.0654700749574807,0.2323975384615384,0.4243236923076923,0.052520909405048,2.953370169499491,-0.1898280005067205,3.549675765797856,90.8203125,0.0158054190507544,0.0022095938063759,1108.4062187226116,1080.4839776461054
98.mat,70,Normal,1,,12000,0.0104578138521634,0.0626326591376915,0.0634997311901771,0.2323975384615384,0.4243236923076923,0.050831206280048,2.987465186722824,-0.205930285397502,3.659819248140191,90.8203125,0.015900816646158,0.0020707909351052,1125.1708155846354,1104.309822352854
98.mat,71,Normal,1,,12000,0.0104588834134615,0.0633921007508626,0.0642490986696615,0.2323975384615384,0.4599969230769231,0.0521948969350961,2.7874293074556613,-0.1754731641773143,3.617133053592185,90.8203125,0.0170111174806961,0.0021186675487379,1150.4010710208554,1122.924472478035
98.mat,72,Normal,1,,12000,0.0100132328725961,0.0660263349029066,0.0667812977806783,0.2323975384615384,0.4599969230769231,0.0542975525841346,2.789796235883349,-0.1647327950900827,3.4799793682472795,90.8203125,0.0171676740559756,0.0022800033980957,1136.3173879816138,1109.0179840688895
98.mat,73,Normal,1,,12000,0.0095523538161057,0.0667235083653857,0.0674038131860043,0.2342750769230769,0.4376750769230768,0.0543393673377403,2.863759723077939,-0.1098983341220446,3.4756947099800204,90.8203125,0.016596731311819,0.0023172608087957,1119.6157700048102,1093.5219647680694
98.mat,74,Normal,1,,12000,0.0098513216646634,0.0665399646536793,0.0672652617229247,0.2342750769230769,0.4416387692307691,0.0539174508713942,2.9342509459464576,-0.0275736557352159,3.4828538672471003,90.8203125,0.016929796954007,0.0023108320776795,1099.5078280173288,1110.0669992807964
98.mat,75,Normal,1,,12000,0.0102315252403846,0.0675795550350736,0.0683496917877701,0.3079163076923077,0.540731076923077,0.0547282292668269,3.121949475685008,-0.1625944501633252,4.505013843345573,90.8203125,0.016389540576088,0.0023881822388609,1083.2846829125278,1065.5871654301422
98.mat,76,Normal,1,,12000,0.0110545781249999,0.0673060556629005,0.0682078355207024,0.3079163076923077,0.5269624615384616,0.0546202545072115,3.2443746062998278,-0.3004628167084108,4.514383213331101,1066.40625,0.0166153582688117,0.0023872564842725,1124.3032776144648,1109.2756034788626
98.mat,77,Normal,1,,12000,0.011807803936298,0.0638210309409223,0.064904146432722,0.2559710769230769,0.4750172307692307,0.0521953553185096,3.059641511755037,-0.2658474667984621,3.943832420451133,1066.40625,0.0170390655936818,0.0021759862479686,1124.1538768367018,1086.0651152160326
98.mat,78,Normal,1,,12000,0.0116521063701923,0.0652683202508022,0.0663002655441406,0.2313544615384615,0.4364233846153846,0.0535826781850961,2.948805185044685,-0.2471102795812254,3.4894952477141,1066.40625,0.0175811171570017,0.0022657485963464,1127.853119717803,1125.6695920949817
98.mat,79,Normal,1,,12000,0.0126242357271634,0.0680872162420108,0.0692476739196439,0.2572227692307692,0.4885772307692307,0.055865885967548,3.009988445401827,-0.152140454006859,3.714532989646039,1066.40625,0.0175779953469987,0.0024773058605476,1093.981884688615,1074.8568822479367
98.mat,80,Normal,1,,12000,0.0135174212740384,0.0658687895995281,0.0672414910691808,0.2572227692307692,0.481692923076923,0.0541682884615384,2.950525789298202,-0.0991801774557622,3.825357902401772,1066.40625,0.0169939473602469,0.002352069468165,1107.533275319841,1093.1244914631295
98.mat,81,Normal,1,,12000,0.0140098778545673,0.0660524376299327,0.0675218571601525,0.2079895384615384,0.4145187692307692,0.0547446801382211,2.8169748310055733,-0.2058908344807978,3.0803290550527342,1066.40625,0.0182605694292372,0.0023777389404428,1102.3327149312613,1067.489373604761
98.mat,82,Normal,1,,12000,0.0146850256911057,0.0685176392897206,0.0700736532042158,0.2079895384615384,0.4145187692307692,0.056821564453125,2.8036134395750807,-0.2326298034420767,2.968156060814954,1066.40625,0.0182979495820625,0.0025629836392083,1130.7758136955529,1115.3664582411066
98.mat,83,Normal,1,,12000,0.0128816434795673,0.0661408744430634,0.0673836182675563,0.2309372307692307,0.4470627692307692,0.0543640181790865,2.886104954909225,-0.201435140472369,3.4272013985990077,90.8203125,0.016747680821452,0.0023532443837163,1124.8931307691937,1075.3994745697096
98.mat,84,Normal,1,,12000,0.0107059520733173,0.0645312491393008,0.0654132977709783,0.2309372307692307,0.4470627692307692,0.0529425202824519,2.9006148622525423,-0.1861905693863288,3.5304324753320966,90.8203125,0.0159039200921562,0.0021967584802474,1101.946487932731,1063.6754330948718
98.mat,85,Normal,1,,12000,0.0117295731670673,0.0673265514819223,0.0683406717930803,0.2292683076923077,0.451860923076923,0.0549585923978365,2.999416875204616,-0.171358008449057,3.3547856887693284,90.8203125,0.0173343799655243,0.0024040151597278,1089.788729493864,1067.1420719530045
98.mat,86,Normal,1,,12000,0.0126839783653846,0.0686696427322977,0.0698312475912821,0.2903926153846153,0.519660923076923,0.0560286120793269,3.180538887605173,-0.2320987705607153,4.158491010847532,90.8203125,0.0170003121826355,0.0025186432490856,1092.6214539823134,1069.0312621995638
98.mat,87,Normal,1,,12000,0.012795009014423,0.0655835893451785,0.0668200527317674,0.2903926153846153,0.4981735384615384,0.0540975955528846,3.077337117442063,-0.2891430076298435,4.345890245706997,1066.40625,0.0164501037078202,0.0023143159501785,1130.2537438828303,1100.2402065553072
98.mat,88,Normal,1,,12000,0.0136896715745192,0.063593354336898,0.0650501485289346,0.2102843076923076,0.4032535384615384,0.0526935162259615,2.835102918951663,-0.2447844605938714,3.2326491552709054,90.8203125,0.0156882310044593,0.002209464579366,1147.0103401363358,1124.777068680981
98.mat,89,Normal,1,,12000,0.0129954244290865,0.0628995677216096,0.0642280053843917,0.2154996923076923,0.4034621538461538,0.0516540554387019,2.894999294588624,-0.1252349781415159,3.3552294052722003,90.8203125,0.0165949743463376,0.0021470588752456,1142.9662558732286,1110.602027521345
98.mat,90,Normal,1,,12000,0.0123552155949519,0.0636417800607171,0.0648299893698466,0.2490867692307692,0.4946270769230769,0.0513080268930288,3.316415175621138,-0.0997110208964179,3.8421534794608942,90.8203125,0.0153150408915673,0.0021777894740899,1118.7150193308726,1107.8562444239103
98.mat,91,Normal,1,,12000,0.0129322693810096,0.0652209783973538,0.0664907483372769,0.2490867692307692,0.4946270769230769,0.0522320259915865,3.4085110785713657,-0.1297125883938279,3.7461868825308886,1066.40625,0.0162167597714746,0.0022941316043094,1095.114815858469,1072.0882667234698
98.mat,92,Normal,1,,12000,0.0140201150841346,0.0651836835578208,0.0666744046028046,0.2336492307692307,0.4378836923076923,0.0530182554086538,3.058272542613316,-0.0852590568268503,3.504331717112961,90.8203125,0.0166829432574163,0.0023210199344107,1103.51955224073,1080.6622974399122
98.mat,93,Normal,1,,12000,0.0151131557992788,0.0640244229104207,0.0657839965890313,0.2232184615384615,0.4105550769230769,0.0530240106670673,2.855838445672389,-0.1237206503734058,3.393203105809483,90.8203125,0.0168899800998594,0.0022779708592809,1096.5898090416622,1093.2360455942205
98.mat,94,Normal,1,,12000,0.0158302202524038,0.0631041705410918,0.0650594513727162,0.2017310769230769,0.3992898461538461,0.05326140234375,2.666284331974112,-0.1627057508733717,3.100718998802937,0.0,0.0158302202524038,0.0022416640623838,1105.24215841133,1079.0713900818405
98.mat,95,Normal,1,,12000,0.0158107644230769,0.0647856215693127,0.0666870079832964,0.2296855384615384,0.4272443076923077,0.0544550327524038,2.715216363985589,-0.1670891364202401,3.4442321736652137,1066.40625,0.0158981664534546,0.0023485687132163,1118.605577298501,1096.422550485872
98.mat,96,Normal,1,,12000,0.0169628347355769,0.0666302384764471,0.0687555557151181,0.2296855384615384,0.4172307692307692,0.0555282611177884,2.8258897441190847,-0.1729725814559225,3.3406106033557186,90.8203125,0.0175726317442911,0.0025075321098716,1092.6208646502866,1076.7954717769326
98.mat,97,Normal,1,,12000,0.0172803416466346,0.065613433466819,0.0678508132503148,0.205068923076923,0.3926141538461538,0.0548169519230769,2.8347035809154577,-0.1390918886184003,3.02235026012708,0.0,0.0172803416466346,0.0024511715394321,1094.9223621225974,1090.4431758370388
98.mat,98,Normal,1,,12000,0.0155571256009615,0.0642243398173606,0.0660816917303113,0.2315630769230769,0.4385095384615384,0.0531481307091346,3.0412584496980437,-0.1653626870214037,3.504194140006557,1066.40625,0.0159468304684369,0.0023044072301565,1137.083213545279,1142.2356857068062
98.mat,99,Normal,1,,12000,0.0162820335036057,0.0655353882072303,0.0675277107747991,0.2315630769230769,0.4560332307692307,0.0545367777944711,3.0006424910075404,-0.1540851613801301,3.4291563310257285,0.0,0.0162820335036057,0.0024125481689056,1083.2808362869298,1088.7608966516864
98.mat,100,Normal,1,,12000,0.0163619959435096,0.0684273690134944,0.070356376692979,0.2424110769230769,0.4441421538461538,0.0565123084435096,2.9255900481868404,-0.0544349739397544,3.4454741463010468,90.8203125,0.0180524442264597,0.0026088673275563,1075.9880727198552,1064.205294479642
98.mat,101,Normal,1,,12000,0.015096501201923,0.0674012784412511,0.0690712435392235,0.2424110769230769,0.4441421538461538,0.0551159197716346,3.0194453557247494,-0.1145687241571557,3.509580318840193,1066.40625,0.0160824889775714,0.0024993705179781,1102.207911033094,1068.1497335728625
98.mat,102,Normal,1,,12000,0.0156088719951923,0.0633725479428253,0.0652665053279857,0.1986018461538461,0.3959519999999999,0.0525947091346153,2.982623094448908,-0.2458057892424481,3.042936727741224,0.0,0.0156088719951923,0.0022516769030306,1135.981206803219,1098.9731024739208
98.mat,103,Normal,1,,12000,0.0148186189903846,0.0632588793033045,0.0649713573776339,0.2048603076923076,0.3988726153846154,0.0521830808293269,2.913563109141606,-0.1118721031335873,3.153086467034929,90.8203125,0.0157495442046852,0.0022204343808609,1085.136733411184,1071.7798669021415
98.mat,104,Normal,1,,12000,0.0140251573016826,0.0656454877686764,0.067127007245403,0.2052775384615384,0.4101378461538461,0.0541650797776442,2.8192971581290736,-0.1066354103429291,3.058046930516126,90.8203125,0.0169151843764686,0.0023513700817342,1089.9534285340728,1078.9979309081182
98.mat,105,Normal,1,,12000,0.0148995491286057,0.0645378625234069,0.0662354305740206,0.2086153846153846,0.413892923076923,0.053742755859375,2.8552971139275245,-0.2240923880128063,3.1496041138020376,1066.40625,0.0158403707207757,0.0023045644141556,1095.814875870507,1068.3984374377726
98.mat,106,Normal,1,,12000,0.0148579381009615,0.0634632178833191,0.0651792785225307,0.2269735384615384,0.427452923076923,0.0526446219951923,2.9388129787347497,-0.1368552205488301,3.4822959628661687,1066.40625,0.0174033554968357,0.0022345483690433,1121.2546259135552,1085.6073897588649
98.mat,107,Normal,1,,12000,0.0155912496995192,0.066443539479233,0.0682483040501458,0.2641070769230769,0.4752258461538461,0.054980645733173,2.908558315222361,-0.0636269318312812,3.869796921679148,90.8203125,0.0166931103413621,0.0024504590439484,1075.2944592337424,1079.807611479254
98.mat,108,Normal,1,,12000,0.0168433494591346,0.0677562188270832,0.069818361558734,0.2641070769230769,0.4752258461538461,0.056492903545673,2.895820970255438,-0.1160107958533784,3.782773915439124,90.8203125,0.0178942626954844,0.0025791512534655,1123.698585595076,1137.4008571288894
98.mat,109,Normal,1,,12000,0.0174368541165865,0.0656766826005319,0.0679519721486737,0.2630639999999999,0.4781464615384615,0.0546835623497596,3.0898850438664267,-0.2002239829473756,3.8713225191527303,0.0,0.0174368541165865,0.0024607573040647,1108.580671582705,1097.3533578545312
98.mat,110,Normal,1,,12000,0.0182535914963942,0.0645440270499778,0.0670755173691974,0.2234270769230769,0.4385095384615384,0.0540791074218749,3.02244430030777,-0.1801261611794473,3.3309780630283976,0.0,0.0182535914963942,0.0024161595066882,1136.3212090080383,1128.891956816768
98.mat,111,Normal,1,,12000,0.0184594056490384,0.0661608888334769,0.0686877927156743,0.2234270769230769,0.4170221538461538,0.0557960588942307,2.8514309196927403,-0.1573626318204626,3.2527916255502505,0.0,0.0184594056490384,0.0025293813936922,1090.6228948327114,1094.216774147429
98.mat,112,Normal,1,,12000,0.0182184487680288,0.0663498048071078,0.0688055846094966,0.2705741538461538,0.5013027692307692,0.0554877705829326,3.092119408361941,-0.2029333773287256,3.932444661022598,0.0,0.0182184487680288,0.0025330601752945,1071.8100654311313,1054.869786477872
98.mat,113,Normal,1,,12000,0.0182878174579326,0.0635974244042504,0.0661745922407461,0.2705741538461538,0.5013027692307692,0.052948632061298,3.1432248866585546,-0.1385002081091018,4.088792158503872,0.0,0.0182878174579326,0.0023567604843853,1077.032137883201,1078.4784913744252
98.mat,114,Normal,1,,12000,0.0168934151141826,0.0630070002395394,0.0652324271616917,0.2232184615384615,0.401376,0.0524071284555288,2.822635569985846,-0.0783093429381777,3.42189415986576,0.0,0.0168934151141826,0.0022703285388722,1098.9335821724558,1096.3442446018491
98.mat,115,Normal,1,,12000,0.0155483144531249,0.0639443117625652,0.0658074850539161,0.2232184615384615,0.4324596923076923,0.0532340521334134,2.8510735714880653,-0.1634841800182705,3.391991980176396,1066.40625,0.0163278774943882,0.0022861875893706,1106.8365836253158,1078.9681610820433
98.mat,116,Normal,1,,12000,0.016079733623798,0.0625862617949877,0.0646188672051982,0.2165427692307692,0.425784,0.0522499538762019,2.918640640765134,-0.2083371369505282,3.3510765291371367,1066.40625,0.0164377807875183,0.0022170779772224,1118.2184031887189,1100.12245276789
98.mat,117,Normal,1,,12000,0.0162291156850961,0.0640839597824894,0.0661070200305834,0.2067378461538461,0.4011673846153846,0.0531991640625,2.924949589116845,-0.1973138475686227,3.1273206091910035,0.0,0.0162291156850961,0.0023167613418789,1131.2249103651372,1118.335724313371
98.mat,118,Normal,1,,12000,0.0163477351262019,0.0654209289578124,0.0674325321299711,0.224052923076923,0.4270356923076923,0.0544609917367788,2.9004513771204503,-0.198497763597069,3.322623606141287,0.0,0.0163477351262019,0.0024071974906944,1119.8635666828095,1082.7112175693194
98.mat,119,Normal,1,,12000,0.0157478640324519,0.0666496614015107,0.0684848347192326,0.2361526153846153,0.4602055384615384,0.0554154478665865,2.948896925890525,-0.1719196495896013,3.448246846951889,1066.40625,0.0168409676007937,0.0024690840787453,1128.5759292192904,1121.24949202809
98.mat,120,Normal,1,,12000,0.0139530892427884,0.0661788665830603,0.0676338013247497,0.2361526153846153,0.4583279999999999,0.0542716793870192,2.9771307091596384,-0.1141775798817901,3.491635997963612,1066.40625,0.0166888359028871,0.0023845098905472,1079.875033225178,1064.1699828571334
98.mat,121,Normal,1,,12000,0.0138496983173076,0.0661049964023983,0.0675402449865377,0.2163341538461538,0.4297476923076923,0.0541280525841346,2.967096293446591,-0.1379711123974979,3.203040703942873,90.8203125,0.0167751781228938,0.0023767495272393,1113.6066827960112,1106.3921651494172
98.mat,122,Normal,1,,12000,0.0133096207932692,0.0657447930735204,0.067078490009396,0.2163341538461538,0.4297476923076923,0.0537000243389423,3.052577220813286,-0.1705856643896114,3.2250897987693343,1066.40625,0.0169319957290059,0.002338334925261,1085.3860288106632,1078.0229705220995
98.mat,123,Normal,1,,12000,0.0109968218149038,0.0644777270708133,0.0654087714167376,0.2163341538461538,0.430164923076923,0.0527447533052884,2.9904282146062227,-0.1753890053164868,3.3074180902715336,1066.40625,0.0166983961429245,0.002199618831512,1109.8725669703715,1093.713246331538
98.mat,124,Normal,1,,12000,0.0095364631911057,0.0658912832821648,0.0665778141933618,0.2163341538461538,0.4297476923076923,0.0537841122295673,2.83996386517538,-0.1561298759034307,3.249342990111616,90.8203125,0.0167157481754886,0.0022617747567463,1096.1597310585937,1053.0744188420022
98.mat,125,Normal,1,,12000,0.0091294187199519,0.0665128107045495,0.0671364303041459,0.2382387692307692,0.4364233846153846,0.0537359310396634,2.856049010158146,-0.1145746046162652,3.5485766543065203,90.8203125,0.017206021539139,0.0022953233469073,1099.4402150642254,1089.430532676752
98.mat,126,Normal,1,,12000,0.0091696545973557,0.0640736246401138,0.0647264392652415,0.2382387692307692,0.4364233846153846,0.0519829710036057,2.8880943028949653,-0.0902029761594172,3.680702537250564,90.8203125,0.015856974621356,0.0021367972560694,1096.6064814407723,1083.6754041227548
98.mat,127,Normal,1,,12000,0.0089272716346153,0.0633379802071748,0.0639640204768484,0.2284338461538461,0.4551987692307692,0.0513372106370192,2.9359589180972665,-0.1548210535203396,3.571286552203626,1066.40625,0.0160975967448308,0.0020855461308782,1128.2709738958054,1105.0471286954837
98.mat,128,Normal,1,,12000,0.0070830932992788,0.0649951552071921,0.0653799694944352,0.2284338461538461,0.4551987692307692,0.0522610569411057,2.9083235268826706,-0.1857803780874144,3.493942378992528,1066.40625,0.0154826973421723,0.0021623553160376,1104.8204130382155,1070.73099769662
98.mat,129,Normal,1,,12000,0.0063471332632211,0.0644153943872558,0.0647273445672444,0.2033999999999999,0.3896935384615384,0.0523227859074519,2.7688874516419344,-0.1616564526130781,3.1424122426139403,90.8203125,0.0170874098790952,0.0021149576187847,1115.204482376249,1072.9351119561957
98.mat,130,Normal,1,,12000,0.0075639884314903,0.063922813990349,0.0643687817923912,0.2269735384615384,0.4508178461538461,0.0518819229266826,2.9320083813826563,-0.1444950132314356,3.526143141773236,90.8203125,0.0152535638466851,0.0021002769954332,1092.9301107926187,1069.691386209435
98.mat,131,Normal,1,,12000,0.0079521882512019,0.0641785499324625,0.0646693402580863,0.2269735384615384,0.4531126153846153,0.051589983623798,3.101122395896728,-0.1730880720765202,3.509754971300445,90.8203125,0.0161763425108446,0.0021226804491091,1115.50737163042,1094.596489048742
98.mat,132,Normal,1,,12000,0.0084327268629807,0.0669926668617623,0.0675213173419825,0.226764923076923,0.4393439999999999,0.0538398822115384,3.105142087724175,-0.1845538655615233,3.3584197110432883,1066.40625,0.0165464057929964,0.002315119684929,1100.1327473651384,1100.323800794982
98.mat,133,Normal,1,,12000,0.0098231565504807,0.0675361629098578,0.0682468146157907,0.226764923076923,0.4393439999999999,0.0546924753605769,2.9750358111277886,-0.1418485459929811,3.3227180543669634,90.8203125,0.0181200257339984,0.0023770611176838,1094.0685378603591,1076.1939506875312
98.mat,134,Normal,1,,12000,0.0098415428185096,0.0647940735344653,0.0655372255305201,0.2246787692307692,0.4145187692307692,0.0524918784555288,2.8484669946766066,-0.1313685297332407,3.428261837635136,90.8203125,0.0161758004673078,0.0021959921953317,1133.9692454740696,1119.8097650262896
98.mat,135,Normal,1,,12000,0.0107255097656249,0.0645301504953741,0.0654154177750791,0.2301027692307692,0.4278701538461538,0.0522182744891826,2.9100755215139213,-0.0979055156799222,3.5175617164433937,90.8203125,0.0174308308545489,0.0021971068109231,1122.4032701184626,1111.6432471957685
98.mat,136,Normal,1,,12000,0.0121611156850961,0.0653712866558471,0.0664928406202293,0.2301027692307692,0.4278701538461538,0.0534844822716346,2.8373192301929264,-0.100054268491121,3.460564582358423,90.8203125,0.0166016248230721,0.0022845953344028,1079.962743437445,1098.2617511194344
98.mat,137,Normal,1,,12000,0.0110125087139423,0.0652285188814078,0.0661516063571916,0.2119532307692307,0.4228633846153846,0.0536010135216346,2.752476752757064,-0.1013872135737119,3.204052666911368,90.8203125,0.0166862356353624,0.0022486553323328,1109.232492495923,1106.277194706434
98.mat,138,Normal,1,,12000,0.0102987038762019,0.0654626306880541,0.0662677849194483,0.2119532307692307,0.4228633846153846,0.0541781182391826,2.70714400672345,-0.1239581268435675,3.198435424193972,1066.40625,0.0165239726285156,0.0022487413341735,1090.0947525337745,1073.9730628379264
98.mat,139,Normal,1,,12000,0.0101693378906249,0.064903877585285,0.0656957286186809,0.2384473846153846,0.4372578461538461,0.0532726582031249,2.8418870419320816,-0.1706001389871387,3.629572114184315,90.8203125,0.0159504448081757,0.0022096720964047,1088.800279529231,1067.9563512714496
98.mat,140,Normal,1,,12000,0.009818827373798,0.0654611182317857,0.0661934088195514,0.2384473846153846,0.4401784615384615,0.0531634610877403,2.956504406911946,-0.1958586704730979,3.6022828989727858,90.8203125,0.0156631236325008,0.0022389886888738,1151.649699679303,1153.8549414570211
98.mat,141,Normal,1,,12000,0.0097906622596153,0.0636718491874265,0.0644201943991808,0.2094498461538461,0.412224,0.0519454344951923,2.950737797434317,-0.2252920592317064,3.251307266413797,1066.40625,0.0160454625690669,0.002122909391434,1139.7844924924736,1111.75625065505
98.mat,142,Normal,1,,12000,0.0101084747596153,0.0627262446425078,0.0635355257231537,0.213204923076923,0.4013759999999999,0.0511419393028846,2.936054422777904,-0.162906779216282,3.3556804740379533,90.8203125,0.0153462918851338,0.0020694723488333,1134.803008064833,1127.1657628891742
98.mat,143,Normal,1,,12000,0.0108539589843749,0.0641099703406785,0.0650222786644483,0.213204923076923,0.4051310769230769,0.052063646484375,2.923388039767157,-0.1500600507666424,3.27895188320269,90.8203125,0.016883236826997,0.0021728525783898,1097.6235219842745,1066.554899247628
98.mat,144,Normal,1,,12000,0.0118543553185096,0.0664496143867887,0.0674987184483557,0.2136221538461538,0.4245323076923076,0.0541013135516826,3.006994995787755,-0.1728279833105098,3.164832736929655,90.8203125,0.0157602929912312,0.0023483013918797,1083.0821875012207,1079.2919618119852
98.mat,145,Normal,1,,12000,0.0114229146634615,0.0658847651533372,0.0668676697569095,0.2136221538461538,0.4245323076923076,0.0537705135216346,2.9302065996466395,-0.1624091111243164,3.1947001386881717,90.8203125,0.0167594555054934,0.0023008842852937,1121.8667451478468,1106.1497837798045
98.mat,146,Normal,1,,12000,0.0112480159254807,0.0661597453075443,0.0671090885157815,0.2309372307692307,0.4362147692307692,0.0540081598557692,2.83326982755593,-0.1501148177581156,3.44122138858916,90.8203125,0.0175037458858962,0.0023150739380954,1133.176540541839,1117.819825692445
98.mat,147,Normal,1,,12000,0.0118367330228365,0.067968789128175,0.0689917715688199,0.2309372307692307,0.4362147692307692,0.055488076171875,2.889238596358739,-0.1590771525204061,3.347315564130262,90.8203125,0.0179550109312083,0.0024499864000723,1089.9470881891698,1085.6690495444611
98.mat,148,Normal,1,,12000,0.0109496592548076,0.0654059072960741,0.0663161198127502,0.2225926153846154,0.4130584615384615,0.0531923392427884,2.915341144352906,-0.186755306950646,3.356538591418292,1066.40625,0.0166455129919763,0.0022588615876645,1137.4281438879768,1135.5608701032584
98.mat,149,Normal,1,,12000,0.0106713186598557,0.0643990890162361,0.0652772526080969,0.2184203076923076,0.4124326153846154,0.0525154088040865,2.942528157912317,-0.2446669510470017,3.346040143626005,1066.40625,0.0171906361449671,0.0021874989694572,1202.028120549958,1202.4993156637058
98.mat,150,Normal,1,,12000,0.0112463861177884,0.067764183396407,0.0686910893209029,0.224052923076923,0.4424732307692307,0.0552895961538461,2.9713396107371173,-0.2167176679197423,3.2617465422657506,90.8203125,0.0173646216560591,0.0024224735766393,1120.6955599404755,1101.6736224599929
98.mat,151,Normal,1,,12000,0.0109158407451923,0.0659049806001842,0.0668028595726639,0.224052923076923,0.4424732307692307,0.0536619275841346,2.995355326543893,-0.2063871851206904,3.353942099338014,1066.40625,0.0166744441428984,0.0022908892054747,1173.3322626118502,1145.6446598225834
98.mat,152,Normal,1,,12000,0.010886809795673,0.0642048960400908,0.0651213582708933,0.2428283076923076,0.4516523076923077,0.052193165264423,3.052075756615319,-0.1465025465085931,3.7288581525309255,1066.40625,0.0167627903615258,0.0021796571205592,1123.5703545041342,1104.5488341217551
98.mat,153,Normal,1,,12000,0.0111444722055288,0.0673081274891517,0.0682245064975607,0.2428283076923076,0.4524867692307692,0.0545347405348557,3.051611872663823,-0.1024544919784413,3.5592534143283205,1066.40625,0.0155725653757602,0.0023893912745983,1052.5075050031044,1050.805847981792
98.mat,154,Normal,1,,12000,0.0111388188100961,0.0653508480816909,0.0662933377458127,0.2188375384615384,0.428496,0.0533655063100961,2.915514532762544,-0.1572883916167128,3.30104873133139,90.8203125,0.0164337383542778,0.0022594401462469,1119.3554924458522,1133.879198533073
98.mat,155,Normal,1,,12000,0.0113590465745192,0.0629694031804465,0.0639857302527972,0.1885883076923076,0.3769679999999999,0.05152402734375,2.842858114911671,-0.144356144752162,2.947349462875956,90.8203125,0.0155009759607823,0.0021116008255924,1106.085590829873,1098.7000089745102
98.mat,156,Normal,1,,12000,0.0106342405348557,0.0642082596682717,0.0650829292624523,0.2209236923076923,0.4351716923076922,0.052257389873798,3.013285046418236,-0.2009751637564039,3.39449522034878,1066.40625,0.0155915661030464,0.0021744374556964,1119.396612559288,1102.1269672290225
98.mat,157,Normal,1,,12000,0.0107476140324519,0.0653845240501983,0.0662619588652608,0.2248873846153846,0.4458110769230769,0.0533806329627403,3.0187529933865176,-0.2797966085044742,3.3939139208467672,90.8203125,0.0158764559799815,0.0022530792171789,1091.5087667141495,1088.1759170547018
98.mat,158,Normal,1,,12000,0.0126517387319711,0.0647836460020843,0.0660074789873499,0.2248873846153846,0.4297476923076923,0.053385624248798,2.797074218131101,-0.1379190899990996,3.4069985411574875,90.8203125,0.0178469981249347,0.002258526930095,1110.8477346250734,1105.5743334572103
98.mat,159,Normal,1,,12000,0.0131829541766826,0.0636666680935463,0.06501718931912,0.2048603076923076,0.3972036923076922,0.0528715217848557,2.674671106840092,-0.0874294872398725,3.150863792139703,90.8203125,0.0164551303844443,0.0022005126028264,1105.6647503621607,1073.9562221313076
98.mat,160,Normal,1,,12000,0.0134731108774038,0.063504568408829,0.0649180631681697,0.2415766153846154,0.4504006153846154,0.05262312890625,2.8940978450763253,-0.1881906988359364,3.721254202529321,1066.40625,0.0168579329456195,0.0021979399506247,1122.966857191915,1112.156364166717
98.mat,161,Normal,1,,12000,0.014385395733173,0.0655785167054356,0.0671377797047615,0.2415766153846154,0.4504006153846154,0.0544764239783653,2.830281198572966,-0.1593781803843779,3.598221693463035,1066.40625,0.0164195115902117,0.0023572105382098,1077.2635906039998,1077.1185347563994
98.mat,162,Normal,1,,12000,0.013833196514423,0.0661315259432795,0.0675628303832314,0.2238443076923077,0.4195255384615384,0.0544042031249999,2.9352377443362307,-0.2162191078549778,3.313128038340205,90.8203125,0.0179215002357439,0.0023780468288441,1152.4924416373508,1142.486752025559
98.mat,163,Normal,1,,12000,0.0135241442307692,0.0644481328929123,0.0658518360454523,0.2328147692307692,0.4566590769230769,0.0523833434495192,3.2492153684371767,-0.1891414817712109,3.535433227253914,90.8203125,0.0154608282804595,0.0022596834073599,1120.872163134474,1091.0535119283554
98.mat,164,Normal,1,,12000,0.0140039188701923,0.0645817448511921,0.0660826112661069,0.2328147692307692,0.4510264615384615,0.0527277421874999,3.232080066622716,-0.1164697707210332,3.5230867057182604,90.8203125,0.0161144764917469,0.0022815106277403,1083.349287963887,1057.022738345303
98.mat,165,Normal,1,,12000,0.0132042435396634,0.067127630113421,0.0684139662064626,0.2315630769230769,0.4497747692307692,0.0546719499699519,3.036864667371726,-0.1485770447715899,3.384733991656845,90.8203125,0.0158695560169866,0.0024274116121426,1102.524438370365,1110.758662639532
98.mat,166,Normal,1,,12000,0.013603037109375,0.0656989214254175,0.0670924056437256,0.2278079999999999,0.4341286153846153,0.053919284405048,3.005182272104786,-0.2358523226631436,3.3954364553524448,1037.109375,0.0158259248302003,0.0023432169451056,1133.982169768709,1120.548173800361
98.mat,167,Normal,1,,12000,0.0149313813100961,0.0634825002951821,0.0652148295371174,0.2211323076923076,0.4255753846153846,0.0525921625600961,3.037989699787351,-0.2158164264052858,3.3908285778229126,90.8203125,0.0156371419592308,0.0022379601787697,1143.8960901198143,1125.2836192249497
98.mat,168,Normal,1,,12000,0.0152991576021634,0.0667268089882119,0.068458244653841,0.2228012307692307,0.4424732307692307,0.0547881756310096,2.9891150660047345,-0.138002955716331,3.25455658256832,90.8203125,0.0163890297683483,0.0024602977644684,1097.7897897606044,1073.3624723546866
98.mat,169,Normal,1,,12000,0.0163088743990384,0.0679253917793798,0.0698558389295115,0.2428283076923076,0.4556159999999999,0.0560577448918269,2.9971236522350195,-0.2216817890176762,3.4761347285133186,90.8203125,0.0170696082541884,0.0025729088946887,1101.2839050497753,1095.4976106569543
98.mat,170,Normal,1,,12000,0.0159040199819711,0.0638324631400479,0.0657838977418678,0.2428283076923076,0.4566590769230769,0.0531279109074519,3.005911120072886,-0.2513488342063987,3.691303130823167,90.8203125,0.0165318094693703,0.0022902295268821,1102.351326996338,1088.025903687425
98.mat,171,Normal,1,,12000,0.0147027498497596,0.0617697600437789,0.0634954652633606,0.2138307692307692,0.4163963076923076,0.0511187654747596,2.968656159148059,-0.1940349482572907,3.367654183552508,90.8203125,0.0162690154886609,0.0021239224994445,1126.251765919663,1109.124739354917
98.mat,172,Normal,1,,12000,0.015000087890625,0.0648390392862889,0.0665515112698081,0.2244701538461538,0.4270356923076923,0.0535266026141827,2.9369436388157197,-0.1409034679890512,3.372878384926887,90.8203125,0.0175268410687934,0.0023270531496587,1104.1569201010982,1095.8148476626077
98.mat,173,Normal,1,,12000,0.0140418628305288,0.0664490596826542,0.0679165034764035,0.2438713846153846,0.4683415384615385,0.0546968045372596,2.918387366799275,-0.1646998647679012,3.590752941221622,90.8203125,0.0173053799836792,0.0024049126789164,1096.9687390862302,1080.4626649564282
98.mat,174,Normal,1,,12000,0.0137196702223557,0.0636592324184265,0.0651208662650723,0.2438713846153846,0.4414301538461538,0.0521719268329326,3.173831200557912,-0.2787718563230968,3.744903878009147,90.8203125,0.0160480061121952,0.0022144783182224,1123.6266255338444,1104.8006807015606
98.mat,175,Normal,1,,12000,0.0145432833533653,0.0636516122117475,0.0652919200809025,0.2261390769230769,0.4349630769230769,0.0522899350961538,3.0960751518835408,-0.1885257620243694,3.463507837460905,90.8203125,0.0163715097292539,0.0022372710175663,1109.711390362165,1096.0662115333098
98.mat,176,Normal,1,,12000,0.0140588739483173,0.0644505067609588,0.0659660500442392,0.208824,0.3886504615384615,0.0531524598858173,2.774699632913663,-0.1156600808384589,3.1656283779300884,90.8203125,0.0172577592037103,0.0022745859589137,1118.9953305790957,1099.012524834645
98.mat,177,Normal,1,,12000,0.0137247124399038,0.0648354860286366,0.0662722263103299,0.2248873846153846,0.4368406153846154,0.0535640372596153,2.843585023116173,-0.1576430690971532,3.393388107445111,90.8203125,0.0170046887596356,0.0022901878673031,1090.0265445415864,1081.5890093451612
98.mat,178,Normal,1,,12000,0.0143110866887019,0.0658841820789018,0.0674205654857435,0.235944,0.4608313846153846,0.0544367483473557,2.8910123762794786,-0.1397067861520518,3.499585004962493,1066.40625,0.0157613211673959,0.0023751699328527,1073.457161022493,1066.0161709520169
98.mat,179,Normal,1,,12000,0.0146405115685096,0.0672342707965393,0.0688098230525994,0.2438713846153846,0.4798153846153846,0.0556847735877403,2.898736354452196,-0.1481569321666188,3.544136197370613,90.8203125,0.0167316766161246,0.0024745681925537,1063.8251672317267,1047.128998207865
98.mat,180,Normal,1,,12000,0.0147803694411057,0.0652946447016028,0.0669466201351803,0.2438713846153846,0.462708923076923,0.0542985202824519,2.88961074201548,-0.1230791793528049,3.642773662403767,90.8203125,0.016880741052518,0.0023501549003276,1121.7881628876432,1126.4086737173056
98.mat,181,Normal,1,,12000,0.0148656796875,0.0626687407617814,0.064407759635301,0.2044430769230769,0.3974123076923077,0.0523535994591346,2.795762293418635,-0.1058346064742719,3.17419947659574,90.8203125,0.016367441062561,0.0021846739696495,1108.1557966406624,1072.851283184195
98.mat,182,Normal,1,,12000,0.0144456986177884,0.0646848010527066,0.0662782143376253,0.2044430769230769,0.4036707692307692,0.0536422680288461,2.8628088601382227,-0.1985541374357333,3.0846195686810614,90.8203125,0.0165577761863315,0.0023007401202623,1134.4022340502115,1111.9822271181845
98.mat,183,Normal,1,,12000,0.0150652801983173,0.0654935108265459,0.0672038884875027,0.2117446153846153,0.4109723076923076,0.054463538311298,2.8569175646294256,-0.2427375249831741,3.150779220520723,90.8203125,0.0170287716198396,0.0023716627574792,1127.8083740002587,1096.8019874491188
98.mat,184,Normal,1,,12000,0.0154297968749999,0.0671681066741945,0.068917582559168,0.2269735384615384,0.4508178461538461,0.0558001334134615,2.901580937024565,-0.1996119422937708,3.29340539863937,90.8203125,0.0171564292609177,0.0024938559846597,1105.6718459184383,1078.9399649915674
98.mat,185,Normal,1,,12000,0.0156397364783653,0.0666684706575836,0.0684783640059676,0.2401163076923076,0.4670898461538461,0.0555198064903846,2.9637887009787263,-0.2569436226248993,3.506455085162118,90.8203125,0.0168335018690422,0.0024669439798369,1121.3411886788367,1099.9819870133454
98.mat,186,Normal,1,,12000,0.0163874616887019,0.0658912792796855,0.067898524179191,0.2401163076923076,0.4766861538461538,0.0548876957632211,3.049844202247737,-0.2539330044117677,3.5363995108143547,1066.40625,0.0168739260280226,0.0024393795357929,1125.7251728202896,1138.7698893115498
98.mat,187,Normal,1,,12000,0.015346778545673,0.0650709865546082,0.0668562405682516,0.2365698461538461,0.4710535384615384,0.0541563704927884,2.9258522005556014,-0.1521534520237017,3.5384856244248244,90.8203125,0.0172344679567433,0.002352640258072,1075.7964833152091,1064.0178731032795
98.mat,188,Normal,1,,12000,0.0140922340745192,0.0651475282786381,0.0666542684456666,0.2184203076923076,0.4180652307692307,0.05415657421875,2.867402255163617,-0.2315180658993074,3.2769140339504785,1066.40625,0.0166103003964106,0.0023206913264903,1101.046772996774,1081.197164079785
98.mat,189,Normal,1,,12000,0.0146903225661057,0.0679421858224756,0.0695122017449601,0.2361526153846153,0.4516523076923077,0.0561901158353365,2.9241781003793825,-0.226034582642976,3.397282915178803,1066.40625,0.0175732781460062,0.0025238759086076,1091.495392268885,1083.566149382861
98.mat,190,Normal,1,,12000,0.0148424549278846,0.0655055030196698,0.0671659839066343,0.2361526153846153,0.4314166153846154,0.0541947728365384,2.8366200923544445,-0.0952056328387805,3.515955572286187,90.8203125,0.0160744534084176,0.002365784140818,1117.64464709032,1141.4294388496714
98.mat,191,Normal,1,,12000,0.0147259236778846,0.0631246921768601,0.064819592644433,0.1990190769230769,0.3911538461538461,0.0524489432091346,2.797363046822112,-0.1013197500253438,3.070353712569489,90.8203125,0.0155467139466421,0.0022092162523406,1117.3206953184556,1100.2744440486529
98.mat,192,Normal,1,,12000,0.0146172358774038,0.0644956166383498,0.0661312947873898,0.2238443076923077,0.4322510769230769,0.0537348614783653,2.885710438554991,-0.1904222425714984,3.3848468930173,90.8203125,0.015908043527545,0.0022935058921763,1093.8781075953495,1062.4466961974122
98.mat,193,Normal,1,,12000,0.0143994018930288,0.0646345565535357,0.0662190960052247,0.2238443076923077,0.4322510769230769,0.0534569283353365,2.9481232485023487,-0.1533998415588218,3.3803588571285585,1066.40625,0.0157611929729221,0.0022961557318512,1080.9300698574566,1064.8810241623505
98.mat,194,Normal,1,,12000,0.0154489980468749,0.064008583570806,0.0658465664358682,0.2150824615384615,0.4174393846153845,0.0530384752103365,2.9356052327560214,-0.0919333846574429,3.266418785069721,90.8203125,0.016260841441965,0.0022872210664122,1135.0729624964972,1138.4511065697334
98.mat,195,Normal,1,,12000,0.0160388356370192,0.0634507180322572,0.0654464503804471,0.2173772307692307,0.4324596923076923,0.0529596841947115,2.967832209765487,-0.1793978425040957,3.321451805339997,90.8203125,0.0160547119392471,0.0022702410596767,1114.1376509619151,1081.87253083972
98.mat,196,Normal,1,,12000,0.015381462890625,0.0636871340750031,0.0655182451485317,0.2173772307692307,0.4249495384615385,0.053145940655048,2.867267480462724,-0.1972546201078661,3.3178121647860124,1066.40625,0.0154398218175972,0.0022646149276426,1110.6490522199188,1083.201030256142
98.mat,197,Normal,1,,12000,0.0155239182692307,0.0636361289880907,0.0655022820290917,0.2075723076923077,0.4009587692307692,0.0532813674879807,2.744959059423644,-0.1624064357926173,3.1689324594846617,90.8203125,0.0176717330164782,0.0022657705262882,1123.3059094484518,1115.5693066370593
98.mat,198,Normal,1,,12000,0.0151471780348557,0.0623125437157847,0.0641271401728722,0.2161255384615384,0.4214030769230769,0.0520907420372596,2.7705599891985737,-0.1532736700444714,3.370266284741734,90.8203125,0.0161838384613709,0.0021708636569984,1133.2871929018245,1114.1482001058648
98.mat,199,Normal,1,,12000,0.01434791015625,0.062040670730585,0.0636781544216908,0.2161255384615384,0.4166049230769231,0.0514501766826923,2.8922265798441558,-0.1592531066784143,3.394029560440892,90.8203125,0.015027127904822,0.0021303850384402,1123.7346532264244,1099.4327149396254
98.mat,200,Normal,1,,12000,0.0153688828125,0.0641972846750128,0.0660113165945733,0.232188923076923,0.446436923076923,0.052989020733173,3.066840422878738,-0.1757488155646969,3.517410878243424,90.8203125,0.0157801461908179,0.0022968482462182,1070.8561200005338,1075.4372588612969
98.mat,201,Normal,1,,12000,0.0157287137920673,0.0663036598230426,0.0681437285704453,0.232188923076923,0.446436923076923,0.054413217998798,2.963173446116381,-0.1088299188011476,3.4073410414707768,90.8203125,0.0166918424696747,0.00244548009193,1073.2557565509414,1080.5352848556524
98.mat,202,Normal,1,,12000,0.0156212992788461,0.0643716864628487,0.0662400106373072,0.2056947692307692,0.404088,0.0532202496995192,2.782763070101595,-0.0808989038863188,3.105294930537331,90.8203125,0.0172857623340822,0.0023158822990256,1145.8179103485772,1142.1349001659278
98.mat,203,Normal,1,,12000,0.0160392430889423,0.0607196934203959,0.062802376451318,0.1875452307692307,0.3713353846153846,0.0510561706730769,2.7049093597103715,-0.1445650506653064,2.986276019580384,0.0,0.0160392430889423,0.0021006979844626,1124.8213129740875,1097.950146906287
98.mat,204,Normal,1,,12000,0.0154088131009615,0.0622712930734707,0.0641493995468581,0.2275993846153846,0.4241150769230769,0.0522631451322115,2.7867459568451967,-0.2227978383228467,3.54795814494154,90.8203125,0.0157321454768788,0.0021762887566854,1183.693705623684,1153.0058481671754
98.mat,205,Normal,1,,12000,0.0146989809194711,0.0661533046507922,0.0677666566704564,0.2584744615384615,0.5073526153846154,0.0547267522536057,3.023439342181077,-0.1721516124375536,3.814183467769427,1066.40625,0.0166213927317309,0.0024041904048251,1153.1013419793476,1171.50599211729
98.mat,206,Normal,1,,12000,0.014765446514423,0.0671988041754814,0.0688018727462049,0.2584744615384615,0.5073526153846154,0.0556111775841346,3.0995847885287477,-0.2273534975304766,3.7567939828021415,1066.40625,0.0169339840564121,0.0024758580548221,1069.025327614802,1051.7995922377645
98.mat,207,Normal,1,,12000,0.0143046693209134,0.0658344765489023,0.0673706305955989,0.2111187692307692,0.4193169230769231,0.0548352363281249,2.9414035494943653,-0.2842877272261409,3.1336914522596278,1066.40625,0.0165137496112069,0.0023717130490093,1160.0044200076184,1137.354404551599
98.mat,208,Normal,1,,12000,0.0142252671274038,0.0652689252169594,0.0668011289112919,0.2075723076923077,0.4097206153846154,0.0537869134615384,2.8900962591382418,-0.2016733395085229,3.107317362374997,90.8203125,0.0165241393487117,0.0023323745250815,1097.607002768445,1063.7556513674049
98.mat,209,Normal,1,,12000,0.0139942928185096,0.0651943385315524,0.0666793971782653,0.2029827692307692,0.3972036923076923,0.053576311748798,2.8052438201555057,-0.1420716679529943,3.044160232704278,90.8203125,0.0166726288661547,0.0023209911613309,1125.0932555328934,1099.272824642581
98.mat,210,Normal,1,,12000,0.0133841335637019,0.062627849610512,0.0640420375853854,0.2029827692307692,0.3972036923076923,0.0518060350060096,2.775158758642837,-0.1573538079958501,3.16952390779475,90.8203125,0.0168126403832717,0.002140258812764,1140.583152453272,1090.4993202802536
98.mat,211,Normal,1,,12000,0.0140623372896634,0.066168965950383,0.0676467396479033,0.2607692307692307,0.4737655384615384,0.0540975446213942,3.130110955916281,-0.2268578535222589,3.854867686550997,1066.40625,0.0161781553948409,0.0023869153723691,1109.7505492204773,1074.3027929337345
98.mat,212,Normal,1,,12000,0.0119911573016826,0.0691580834981536,0.0701899449107297,0.2607692307692307,0.4737655384615384,0.0561768736478365,2.983787940609734,-0.1938098442058525,3.715193552308481,90.8203125,0.0170679453643496,0.0025352081699567,1084.63898401745,1075.7043069565298
98.mat,213,Normal,1,,12000,0.0095094695012019,0.0661050986303829,0.0667855828388653,0.2154996923076923,0.4211944615384615,0.0539657339242788,2.7836764119621247,-0.13477346854303,3.2267397115876344,90.8203125,0.0149606463302343,0.0022753720814787,1076.5794633611692,1079.7982471857215
98.mat,214,Normal,1,,12000,0.0104816497896634,0.0655940841849204,0.06642626635881,0.2154996923076923,0.4268270769230768,0.0536377351262019,2.865221830581763,-0.1653951657429065,3.24419396302726,90.8203125,0.0163420267568736,0.002261157046182,1100.3104230255865,1089.0865889366055
98.mat,215,Normal,1,,12000,0.0104389182692307,0.0657032951921715,0.0665273929576479,0.2113273846153845,0.4195255384615384,0.0533778317307692,2.87484606244303,-0.1897090486493889,3.176546911283865,1066.40625,0.016622379897233,0.0022674325150632,1091.804163194568,1048.764980514069
98.mat,216,Normal,1,,12000,0.010583818359375,0.0629969361671873,0.0638798182332802,0.2236356923076923,0.4022104615384615,0.0513578378906249,2.8844472187608003,-0.195699257889174,3.5008817885330528,90.8203125,0.015981592178215,0.002096324195537,1107.860971907628,1066.6907043286972
98.mat,217,Normal,1,,12000,0.011041998046875,0.0617621204590255,0.0627414157033643,0.2236356923076923,0.4195255384615384,0.0508336509915865,2.868290901301746,-0.2331255213274693,3.564403031085901,1066.40625,0.0154481914024176,0.0020292054929383,1125.746494181294,1084.1881815483655
98.mat,218,Normal,1,,12000,0.010304815655048,0.0628752278549602,0.0637140761802106,0.2171686153846153,0.4249495384615385,0.051558202373798,2.8270268453855283,-0.1798508739311558,3.408487235542263,90.8203125,0.0162121356567976,0.0020828364201666,1130.7023790465498,1117.9798631390577
98.mat,219,Normal,1,,12000,0.0111355591947115,0.0640679400950056,0.0650284678167658,0.207780923076923,0.3997070769230769,0.0524861231971153,2.781139822733232,-0.1228988595093437,3.195230182301056,90.8203125,0.0166334522545306,0.00217635115583,1108.9096442109667,1080.9253021422253
98.mat,220,Normal,1,,12000,0.0119063054387019,0.0627901486762784,0.0639090203335085,0.1973501538461538,0.3892763076923077,0.0516012904146634,2.82519543283808,-0.152078824011961,3.087985902714266,90.8203125,0.0161703909223832,0.0021130615480426,1132.9670635707732,1096.7022239684552
98.mat,221,Normal,1,,12000,0.0116768590745192,0.0621303526344113,0.063218112565328,0.2154996923076923,0.4168135384615384,0.0508366559495192,2.961071791713206,-0.2213878255402922,3.4088283177546668,1066.40625,0.0149766651639668,0.0020664394170271,1132.424173255009,1086.8196128409618
98.mat,222,Normal,1,,12000,0.0118081604567307,0.0641585702566763,0.0652361463511815,0.2271821538461538,0.4426818461538462,0.0522147602163461,3.0142214442795785,-0.2005742740632405,3.482458216081296,90.8203125,0.0170778252729824,0.0021975943575964,1202.8190474256971,1194.3386176314364
98.mat,223,Normal,1,,12000,0.0113292516526442,0.0643237700942891,0.0653138526053386,0.2271821538461538,0.4226547692307692,0.0526099376502403,2.949554061625121,-0.204195368713008,3.478315009511234,90.8203125,0.0165077849875744,0.0021971256447606,1106.76532697009,1083.959928261818
98.mat,224,Normal,1,,12000,0.0107416550480769,0.0640932479217689,0.064987133975374,0.214248,0.4126412307692307,0.052487141826923,2.8926858326339246,-0.2313845916791583,3.2967756368696977,1066.40625,0.0158242891215508,0.0021693554694379,1115.146023383282,1102.5260059882532
98.mat,225,Normal,1,,12000,0.0119525003004807,0.0664100441589749,0.067477079283487,0.2196719999999999,0.428496,0.0545068810096153,2.801104791461009,-0.1257486535669586,3.2555054595221358,1066.40625,0.0173199613420824,0.0023480092889935,1102.0102306544286,1080.4790567396562
98.mat,226,Normal,1,,12000,0.0128536820913461,0.067879327775545,0.0690856011232823,0.2196719999999999,0.4357975384615384,0.0557478777043269,2.81659963500939,-0.1062740360961841,3.1797074416128783,1066.40625,0.0171542280353306,0.0024690187130183,1078.9535182014356,1072.1810470450105
98.mat,227,Normal,1,,12000,0.0125895513822115,0.0669547694366842,0.0681280995942561,0.224052923076923,0.438300923076923,0.054931649639423,2.9785633667757416,-0.2404374783819381,3.2887006156239944,90.8203125,0.0170277814113494,0.002399967653612,1134.770766846034,1126.3801581822222
98.mat,228,Normal,1,,12000,0.0124083880709134,0.0650371127973126,0.0662102268197954,0.2472092307692307,0.4614572307692307,0.0534321756310096,3.1261306320833078,-0.3384657403572123,3.733701614435803,1066.40625,0.0183446546306042,0.0022688812453586,1140.2683690258716,1117.3899663772793
98.mat,229,Normal,1,,12000,0.0123036729266826,0.0644438820962397,0.0656078829647843,0.2472092307692307,0.4672984615384615,0.0527639544771634,3.048183169659904,-0.1939584018837539,3.7679806083961385,1066.40625,0.0178727225146499,0.0022278873374088,1108.7093866708692,1068.4742380352982
98.mat,230,Normal,1,,12000,0.0136064495192307,0.0667481822580574,0.0681208874228325,0.2467919999999999,0.4668812307692307,0.0545739068509615,2.974793888248555,-0.1724217077250035,3.622853567190628,90.8203125,0.0171475925120155,0.0024127959750965,1161.3215064492215,1181.806150447956
98.mat,231,Normal,1,,12000,0.0156558817608173,0.0643563931531144,0.0662333146791471,0.2467919999999999,0.4583279999999999,0.0532674631911057,3.0281310452413006,-0.2346141074771622,3.7261006971420665,1066.40625,0.0164791473599486,0.0023159793152533,1108.5543586297836,1095.6505813976132
98.mat,232,Normal,1,,12000,0.0163789561298076,0.0614588989752457,0.0636039815353695,0.2115359999999999,0.4090947692307692,0.0517306054687499,2.804350361571597,-0.196139632081693,3.3258295297499094,0.0,0.0163789561298076,0.0021568687900816,1188.5791552848132,1193.653326690238
98.mat,233,Normal,1,,12000,0.0163530320012019,0.0688682825485567,0.070783204200009,0.3458843076923076,0.663396923076923,0.0567363051382211,3.4586344965804035,-0.2325157255849036,4.886530803479276,1066.40625,0.0168947271081484,0.0026388419132308,1095.9620913078677,1060.805112440729
98.mat,234,Normal,1,,12000,0.0160262046274038,0.0706535511265196,0.0724483507165425,0.3458843076923076,0.663396923076923,0.0581832178485576,3.352942182340695,-0.2179505534142456,4.774219209566214,90.8203125,0.0170398358827522,0.0027528014097172,1073.002595123415,1046.264479949834
99.mat,0,Normal,2,,12000,0.0136602331730769,0.0624279858985937,0.0639050498293981,0.2150824615384615,0.4143101538461538,0.0514637244591346,2.927972357194796,-0.237096253282955,3.365656737811002,1066.40625,0.0168626215783223,0.0021733173591968,1104.09686787427,1066.3976751172936
99.mat,1,Normal,2,,12000,0.0133629460637019,0.0642862858793822,0.0656604514123004,0.2150824615384615,0.4203599999999999,0.0530471335637019,2.976319234489233,-0.2331694014319247,3.2756774726981126,1066.40625,0.015541031696788,0.0020900725956613,1143.3514258253126,1103.8401685291878
99.mat,2,Normal,2,,12000,0.0144233396935096,0.064175451278095,0.0657762972100248,0.2369870769230769,0.4614572307692307,0.0531185395132211,2.976381538666287,-0.1960152997474198,3.602925171758653,90.8203125,0.0156663135252176,0.0021502657573664,1132.7920357866954,1105.958428586041
99.mat,3,Normal,2,,12000,0.0133917732872596,0.0635946030722387,0.0649893309066415,0.2369870769230769,0.4614572307692307,0.052583147686298,2.8848442836386217,-0.153612386961793,3.6465535745169233,90.8203125,0.0166037144319702,0.0021850636988786,1113.2501536065631,1075.3097515368802
99.mat,4,Normal,2,,12000,0.0125497229567307,0.0623294331728253,0.0635802940063695,0.2123704615384615,0.4147273846153846,0.0518367466947115,2.82109257075482,-0.2169949141491335,3.340193134639894,90.8203125,0.0165230714294321,0.002252468595336,1143.4866949282944,1119.4939516084737
99.mat,5,Normal,2,,12000,0.0140395709134615,0.0630008484481695,0.0645462350305835,0.2123704615384615,0.4147273846153846,0.052103118389423,2.8796145385261536,-0.1743801020451501,3.290206801958863,90.8203125,0.0158725022632193,0.0021865498552346,1112.437293492502,1105.1479061997975
99.mat,6,Normal,2,,12000,0.0144797717848557,0.062128335759805,0.0637933687402113,0.196932923076923,0.3936572307692307,0.0511496299579326,2.92558787208772,-0.1342130260264792,3.087043794142648,90.8203125,0.0170944306912162,0.0021852390519363,1146.9080735660707,1144.7605359562026
99.mat,7,Normal,2,,12000,0.0133904490685096,0.0612959787697719,0.0627415423750539,0.1967243076923076,0.3924055384615384,0.0507881182391826,2.8768581027128635,-0.2082266120183105,3.135471335982417,90.8203125,0.0172282613548824,0.0022950590048716,1093.0345386362317,1096.705955569299
99.mat,8,Normal,2,,12000,0.0130739098557692,0.0635059489114921,0.0648377410623305,0.2044430769230769,0.4001243076923076,0.0524588239182692,2.859294178155835,-0.1815443845409262,3.1531492857923493,90.8203125,0.0178005755893692,0.0023133046442626,1093.2127424036066,1078.1295758146152
99.mat,9,Normal,2,,12000,0.0125706048677884,0.0650370242886359,0.0662407324466048,0.206112,0.3967864615384615,0.0536102830528846,2.837120839711344,-0.1613391175972374,3.1115597969292126,90.8203125,0.0164989346404603,0.0022317289367995,1100.198216807775,1078.4352789684815
99.mat,10,Normal,2,,12000,0.0124545829326923,0.0657417487654441,0.0669110915078067,0.2369870769230769,0.4641692307692308,0.0540648975360576,2.9402743742764974,-0.1948354809203117,3.541820520076658,90.8203125,0.0173291425797145,0.0021640418871106,1118.0845605924478,1094.4076323195225
99.mat,11,Normal,2,,12000,0.0121981938100961,0.0651699106807015,0.0663016831638479,0.2369870769230769,0.4662553846153846,0.0533145748197115,3.045268815711144,-0.1929208785835819,3.574374972312887,90.8203125,0.0166972815813187,0.0022046729563605,1104.8014984134672,1070.1195272849834
99.mat,12,Normal,2,,12000,0.0118207405348557,0.0636736235637825,0.0647615645621279,0.2292683076923077,0.4335027692307692,0.0521198748497596,2.999010471146868,-0.1578085375988599,3.54019099511351,1066.40625,0.0172812185883583,0.002286301686114,1099.361827484159,1075.3763664109783
99.mat,13,Normal,2,,12000,0.0141110277944711,0.0643569916344903,0.0658858366999933,0.2292683076923077,0.4526953846153846,0.0529727735877403,3.0313068588655043,-0.1631815910363865,3.4797813790582217,1066.40625,0.0178229120999139,0.0023102321199534,1157.1850491716202,1170.7999369871206
99.mat,14,Normal,2,,12000,0.0147691135817307,0.0631656132571713,0.0648692640172878,0.2292683076923077,0.4526953846153846,0.0522341141826923,3.007355117534928,-0.179954434707789,3.534313378847753,1066.40625,0.0166378946550534,0.00218742361819,1113.5812370464996,1075.5880317491735
99.mat,15,Normal,2,,12000,0.0140669720552884,0.0612851653952656,0.0628788613154637,0.2117446153846153,0.4042966153846153,0.0506414864783653,2.868778874391155,-0.1689431798821461,3.3675007936656303,90.8203125,0.0157393694617821,0.0021142341595001,1184.0118142869555,1154.4364025072464
99.mat,16,Normal,2,,12000,0.0144519631911057,0.0619957020578152,0.063657884929665,0.2361526153846153,0.436632,0.0512378432992788,2.874939751074118,-0.1570622278461324,3.7097150752893873,90.8203125,0.0165182324786079,0.0020785657311148,1128.0392525233665,1072.134129901067
99.mat,17,Normal,2,,12000,0.014457565655048,0.0630809167682541,0.0647164837193232,0.2361526153846153,0.4535298461538462,0.0524422711838942,2.8647057560500224,-0.1996323116893457,3.64903347358633,90.8203125,0.0162857874323575,0.0022756213457327,1103.3582307758825,1081.3552192370355
99.mat,18,Normal,2,,12000,0.0141738263221153,0.0627681515962637,0.0643485680292968,0.2173772307692307,0.4132670769230769,0.0522840270432692,2.792493015351902,-0.1946082981178211,3.3781207170027856,90.8203125,0.0171964514279925,0.0023244353437374,1124.7069267762213,1094.4097137235024
99.mat,19,Normal,2,,12000,0.0146691350661057,0.0639605689660069,0.065621169648544,0.2759981538461538,0.4779378461538461,0.0530154541766826,2.9666035159031026,-0.2165195522246149,4.205931642553062,90.8203125,0.0171981649473175,0.0021804640904402,1100.6398708905,1068.065402897077
99.mat,20,Normal,2,,12000,0.0145447094350961,0.0633541560844651,0.0650022896960264,0.2759981538461538,0.4779378461538461,0.0525470372596153,2.940460104625052,-0.2059041831263773,4.245975874647158,90.8203125,0.0178091854249656,0.0022653052594687,1105.0679368713995,1094.1521662360656
99.mat,21,Normal,2,,12000,0.0145377318209134,0.0630318192153303,0.0646865973760475,0.1973501538461538,0.3773852307692307,0.0525792768930288,2.713214499706547,-0.1462025663629537,3.050866204924693,90.8203125,0.0165537498835106,0.0023723157415657,1106.863021967653,1089.6981024202612
99.mat,22,Normal,2,,12000,0.0141326736778846,0.0632316565708001,0.0647917807902606,0.2616036923076922,0.4589538461538461,0.052280563701923,2.9427017679708096,-0.2550990356678365,4.037606145670501,90.8203125,0.0161418833784483,0.0022839854257122,1117.853245376817,1099.1775222518852
99.mat,23,Normal,2,,12000,0.0127914947415865,0.063951729079935,0.0652184482338965,0.2616036923076922,0.4658381538461538,0.0523663832632211,3.1103105119302787,-0.263513253970972,4.011191608998245,90.8203125,0.0171127167442775,0.0022901532221581,1098.3163174444028,1085.0887931189684
99.mat,24,Normal,2,,12000,0.0117068577223557,0.0632292105378514,0.064303838011206,0.243036923076923,0.4472713846153846,0.0519465040564903,2.9340277051721277,-0.1503360705829712,3.7795088223905022,90.8203125,0.01615608883746,0.0022823967920981,1067.224685786776,1072.3463500317298
99.mat,25,Normal,2,,12000,0.010715985576923,0.0631574071321813,0.0640600532511871,0.2478350769230769,0.4326683076923077,0.0518420435697115,2.856147883445097,-0.1882925465322177,3.868792864584203,90.8203125,0.0149911654037524,0.0021281588011083,1085.6012141539518,1078.709816486904
99.mat,26,Normal,2,,12000,0.0113383174579326,0.0647915877970511,0.0657761909207263,0.2478350769230769,0.425784,0.0533363225661057,2.885593805924321,-0.2455369663091869,3.7678538914144224,1066.40625,0.015477204592838,0.0021397441901334,1097.9827792690792,1063.8900294551788
99.mat,27,Normal,2,,12000,0.0121477716346153,0.0628899265251396,0.0640524099002076,0.222384,0.442056,0.0521052575120192,2.821335786760332,-0.2428400641177054,3.471906839203547,1066.40625,0.0152568567240491,0.0022161781020648,1091.108613076447,1060.688277926293
99.mat,28,Normal,2,,12000,0.0118989713040865,0.0623261951069563,0.063451872427895,0.2196719999999999,0.4082603076923076,0.0513071101262019,2.873983197815981,-0.2121773759035929,3.4620254941984463,90.8203125,0.0155555118129666,0.0021423420434306,1100.457828121829,1084.446459157074
99.mat,29,Normal,2,,12000,0.0104344362980769,0.062695838254161,0.0635582063564615,0.2117446153846153,0.4051310769230769,0.0513715384615384,2.888657676702361,-0.1773727789528101,3.3315070944113976,90.8203125,0.0154147983664402,0.0020187070450868,1124.969339953698,1114.09437484535
99.mat,30,Normal,2,,12000,0.0095894828725961,0.0626850958625037,0.0634143471546865,0.2246787692307692,0.4491489230769231,0.051139087139423,2.896419140015834,-0.1358517457439277,3.543027395404868,90.8203125,0.0158929179632267,0.0021576763540547,1113.2956530190424,1084.5099727371132
99.mat,31,Normal,2,,12000,0.0096966427283653,0.0647970905552772,0.0655186067055028,0.2353181538461538,0.4599969230769231,0.0527675706129807,2.8563660512527003,-0.1008601184427828,3.5916232911343284,90.8203125,0.0181112528918201,0.0022998294129371,1095.205080781292,1079.27827828457
99.mat,32,Normal,2,,12000,0.0097439580829326,0.0662605271018297,0.0669731451473966,0.2353181538461538,0.4660467692307691,0.053819967998798,2.949843236425884,-0.1470589972597247,3.51361957585026,90.8203125,0.0175156870582986,0.0023142318155136,1086.962763264587,1049.9680462115057
99.mat,33,Normal,2,,12000,0.0105026844951923,0.0653433928917217,0.0661820623447733,0.2666104615384615,0.4927495384615384,0.0528659702524038,3.158453066539745,-0.1685474424357886,4.0284399139688745,90.8203125,0.0173593054211176,0.0022526274581594,1146.367777942899,1122.9820550954933
99.mat,34,Normal,2,,12000,0.0109842417367788,0.0630492219498599,0.0639988902639311,0.2666104615384615,0.4904547692307692,0.0512795052584134,3.010611676866259,-0.136735487007149,4.165860696005214,1066.40625,0.0154982332515675,0.0022377559199587,1099.385674051683,1096.413301267513
99.mat,35,Normal,2,,12000,0.0108683216646634,0.0608528891502999,0.0618158113571704,0.2150824615384615,0.4015846153846153,0.0498157342247596,2.823602030574373,-0.1578030965601415,3.4794085334530287,90.8203125,0.0186808844644872,0.0023976684240142,1083.28726439702,1062.747189715806
99.mat,36,Normal,2,,12000,0.0102940181790865,0.0611831618048496,0.0620430987194368,0.2722430769230769,0.4873255384615385,0.0498031032151442,3.043577598917267,-0.223014842494867,4.387967115475308,1066.40625,0.0178918046850953,0.0023206159252623,1120.8188452321588,1099.7023765457025
99.mat,37,Normal,2,,12000,0.0098732731370192,0.0632131050722347,0.0639795137158104,0.2722430769230769,0.490872,0.0511669975961538,3.1658855190313933,-0.2273325963328667,4.255160145985934,1066.40625,0.0180899006727877,0.0021780212849797,1165.595639166293,1128.874407613814
99.mat,38,Normal,2,,12000,0.0111975428185096,0.0639903510217408,0.0649626815106794,0.2424110769230769,0.4610399999999999,0.0522967089843749,3.0540196555056744,-0.1742375960867558,3.731543576803032,1066.40625,0.0173448074426536,0.0022690611514993,1103.5385257990822,1071.826508636347
99.mat,39,Normal,2,,12000,0.0106872602163461,0.0629178912333343,0.0638191081744455,0.2157083076923077,0.4224461538461538,0.0515882010216346,2.9333950903701784,-0.2089552338039891,3.379995644920053,1066.40625,0.0162633790750925,0.002316342980106,1098.715280251536,1115.1345755042826
99.mat,40,Normal,2,,12000,0.009495055889423,0.0632888742187735,0.0639971693610194,0.2200892307692307,0.4289132307692307,0.0514162563100961,2.973436916716753,-0.2488431511246494,3.4390463354350604,1066.40625,0.0166825240706694,0.0022747121867371,1084.240389813598,1062.2886171231753
99.mat,41,Normal,2,,12000,0.0110018640324519,0.0636437344450265,0.0645876609446232,0.2200892307692307,0.4374664615384615,0.0518324175180288,2.982397233969396,-0.1837147410390101,3.407604913234631,1066.40625,0.0161035770598331,0.0021286441800267,1118.0343616431971,1071.554790235517
99.mat,42,Normal,2,,12000,0.0109064184194711,0.0618488065795846,0.0628030639225463,0.2173772307692307,0.4118067692307692,0.0507283246694711,2.884565429695615,-0.1307168464697568,3.461252002566582,90.8203125,0.0161287123025775,0.0020289188387583,1125.069373282263,1086.3712948002826
99.mat,43,Normal,2,,12000,0.0097384574819711,0.0619435164777966,0.0627043601973835,0.2071550769230769,0.4070086153846154,0.0505873463040865,2.8827514157622107,-0.1435098869902698,3.303678982944487,90.8203125,0.0174049183820312,0.0021349897565234,1113.9887032215934,1078.5200431323533
99.mat,44,Normal,2,,12000,0.0107964573317307,0.0641481271583857,0.0650503321194004,0.2073636923076923,0.3999156923076923,0.0526464555288461,2.831154838290722,-0.1787792987929137,3.1877422535994806,90.8203125,0.0175190039250965,0.0022524594501378,1096.7355209287905,1067.7757383411958
99.mat,45,Normal,2,,12000,0.0112674208233173,0.0644971704116387,0.0654739624821783,0.2253046153846153,0.4357975384615384,0.0527928835637019,2.9145759519234167,-0.21052493951447,3.441133037364924,90.8203125,0.0173129360504913,0.0022708998551441,1122.9878598835312,1102.5778215227176
99.mat,46,Normal,2,,12000,0.0108185615985576,0.0641894004414418,0.0650947033489942,0.2253046153846153,0.4357975384615384,0.052461981670673,2.966340063663498,-0.2408048981898745,3.461181997814518,90.8203125,0.0184176088358027,0.0023899181148895,1097.8748897082755,1086.1248292252092
99.mat,47,Normal,2,,12000,0.0101266063701923,0.0641999544446403,0.0649937097515652,0.2459575384615384,0.463752,0.0524550549879807,2.9854557241633004,-0.1555851020660154,3.784328351185016,90.8203125,0.0174717526644787,0.002389126552176,1095.637698221549,1079.3534369298388
99.mat,48,Normal,2,,12000,0.0092616878004807,0.0636985729819487,0.0643683700341264,0.2459575384615384,0.4547815384615384,0.0514344897836538,3.0739499873887786,-0.0561686613694238,3.8210931600588656,90.8203125,0.0172693762179926,0.0021681212818188,1104.5627699895604,1066.2207435857076
99.mat,49,Normal,2,,12000,0.0098037007211538,0.0632236594731855,0.063979244017191,0.2455403076923076,0.4506092307692307,0.0512462469951923,3.0234538833342084,-0.1276601189510634,3.837811957051752,90.8203125,0.0165833577462553,0.0020845736347259,1117.2825249839334,1084.1875013785825
99.mat,50,Normal,2,,12000,0.0094172835036057,0.064308594848696,0.0649944659182688,0.2455403076923076,0.4460196923076923,0.0526139103064903,2.8673721497043565,-0.2319341137700871,3.777864841617081,1066.40625,0.0174168721109803,0.0022333577482383,1116.94649959635,1084.728488075002
99.mat,51,Normal,2,,12000,0.0084022698317307,0.062941202012879,0.0634995515665367,0.2121618461538461,0.409512,0.051418497295673,2.773313738767969,-0.1907259931151975,3.3411550305443747,1066.40625,0.0163041969291053,0.0023472079763699,1073.4823756020749,1045.4655488797596
99.mat,52,Normal,2,,12000,0.009480489483173,0.0616425691751832,0.062367347349056,0.1975587692307692,0.394908923076923,0.0504426499399038,2.8397250862403527,-0.157519359591811,3.1676634910424726,90.8203125,0.0155927288451579,0.0022957522105439,1079.9868260312753,1056.5714799799896
99.mat,53,Normal,2,,12000,0.0095570395132211,0.0616769199641793,0.0624129750975312,0.1983932307692307,0.3959519999999999,0.0503172056790865,2.9218692151867662,-0.2016914897536957,3.178717733920013,90.8203125,0.0165161643343337,0.0023760336671552,1100.6925858048155,1068.7431734418292
99.mat,54,Normal,2,,12000,0.0094901664663461,0.0620967311753022,0.0628177306356789,0.2150824615384615,0.4134756923076923,0.0503471024639423,3.011188376090204,-0.2430967814257231,3.423913270376882,90.8203125,0.0161706159937324,0.0022849783309887,1112.193019588528,1064.6622472010465
99.mat,55,Normal,2,,12000,0.0105391005108173,0.0627993449980232,0.0636775499823749,0.2150824615384615,0.4203599999999999,0.0512281663161057,2.901387045620752,-0.1947905789908509,3.377681170176826,90.8203125,0.0152267580400942,0.0021605950371755,1119.566377830995,1087.0647406117114
99.mat,56,Normal,2,,12000,0.0106637298677884,0.0632947104757617,0.0641867237744976,0.2417852307692307,0.4353803076923077,0.0516339375,2.9059171598383378,-0.0906790726938775,3.766904065997769,90.8203125,0.0178074525030184,0.0023006511753903,1108.1762430496765,1069.093509789399
99.mat,57,Normal,2,,12000,0.0110262092848557,0.0666446247978282,0.0675505981145744,0.3592356923076922,0.5778646153846153,0.0540905160757211,3.277286195069785,-0.0579919961015955,5.318023856700467,90.8203125,0.0166730530882277,0.0023147533337515,1111.8588393289303,1101.3791865329183
99.mat,58,Normal,2,,12000,0.0111931117788461,0.0662692331747697,0.0672078642486558,0.3592356923076922,0.5778646153846153,0.0541761319110576,3.1687645846566133,-0.0715677132440759,5.345143701912487,90.8203125,0.0177097487424861,0.0021770600053816,1135.3400587374224,1111.3125050241274
99.mat,59,Normal,2,,12000,0.0108260994591346,0.063095023438081,0.0640170790660669,0.2079895384615384,0.4157704615384615,0.0519359612379807,2.812861372211344,-0.1595507460262574,3.2489695171329016,1066.40625,0.0156089970650983,0.0022355912543864,1108.2572894666494,1082.8315541307834
99.mat,60,Normal,2,,12000,0.0111802770432692,0.0648577612286076,0.0658143433177854,0.2215495384615384,0.4295390769230769,0.0531862274639423,2.8605676510016327,-0.1835181948429853,3.36628046855658,90.8203125,0.0182634872898173,0.0024298166220454,1091.4851568734273,1067.8853110154946
99.mat,61,Normal,2,,12000,0.0112425662560096,0.0644602179798734,0.0654332866210582,0.2317716923076923,0.4533212307692308,0.0524905542367788,2.947496270791422,-0.1444006143348479,3.542106843110976,90.8203125,0.0170717662013541,0.0023155688494312,1095.3292192044648,1076.4142862479937
99.mat,62,Normal,2,,12000,0.0108855874399038,0.0618998411712612,0.0628497124173147,0.2317716923076923,0.4514436923076923,0.0504510027043269,2.94679068107308,-0.1200131990815486,3.6877128533024224,90.8203125,0.0161264649901057,0.0021168503845731,1113.1503551982848,1098.191347654919
99.mat,63,Normal,2,,12000,0.0119690530348557,0.0612448031025703,0.0624033984461086,0.2196719999999999,0.411180923076923,0.0503580527343749,2.906191122480381,-0.1754698697408877,3.5201928976625827,90.8203125,0.0156862860358638,0.0024143486570864,1118.0499296213045,1112.1601757838916
99.mat,64,Normal,2,,12000,0.0119509214242788,0.0613478866153963,0.0625011017108083,0.23052,0.4220289230769231,0.0507002104867788,2.8192367956389246,-0.1274767760109348,3.688254985753892,90.8203125,0.0176811839154259,0.0024195391910351,1086.2950922683788,1089.3354688962663
99.mat,65,Normal,2,,12000,0.0099127959735576,0.0616837065982072,0.0624751405257091,0.23052,0.4270356923076923,0.0506243734975961,2.782931367537461,-0.1162248371901099,3.6897876188872094,90.8203125,0.0157547917034292,0.0021183091145538,1157.626529550476,1152.861171444678
99.mat,66,Normal,2,,12000,0.0095440010516826,0.0623259718145497,0.0630524759125489,0.2004793846153846,0.3969950769230769,0.050877553936298,2.776617628699086,-0.1615458128307708,3.179564033194203,90.8203125,0.0148418734723532,0.0020667226097693,1119.2925456101568,1104.0880396857458
99.mat,67,Normal,2,,12000,0.0099606206430288,0.0635070440800512,0.0642834240794615,0.2008966153846154,0.3876073846153846,0.0520185211838942,2.746169432064751,-0.1795569848661552,3.1251697970581733,1066.40625,0.0156868284753404,0.0021434955773348,1110.7542440679329,1092.6253671554462
99.mat,68,Normal,2,,12000,0.009996934795673,0.0643963791125249,0.0651677247424902,0.2008966153846154,0.3834350769230769,0.0525934867788461,2.8272866279132423,-0.1945640209763225,3.082762459153771,90.8203125,0.0173496403735346,0.0022487989233263,1119.0797930504552,1111.078318813885
99.mat,69,Normal,2,,12000,0.0106311337139423,0.0620300338417016,0.0629344587840904,0.2136221538461538,0.3961606153846153,0.050777575420673,2.9003083504822653,-0.1892635460892854,3.3943591153938177,90.8203125,0.0158054190507544,0.0022095938063759,1108.4062187226116,1080.4839776461054
99.mat,70,Normal,2,,12000,0.0103192801983173,0.062421074533181,0.063268302408776,0.2202978461538461,0.4280787692307692,0.0509555809795673,3.052686784914996,-0.24071190267759,3.481962337641106,90.8203125,0.015900816646158,0.0020707909351052,1125.1708155846354,1104.309822352854
99.mat,71,Normal,2,,12000,0.0102671772836538,0.0641918145093145,0.0650077224595065,0.2613950769230769,0.469176,0.0522943152043269,3.0433011585668246,-0.2284898702305217,4.020985000449765,90.8203125,0.0170111174806961,0.0021186675487379,1150.4010710208554,1122.924472478035
99.mat,72,Normal,2,,12000,0.0103848290264423,0.0647578736854904,0.0655852641846807,0.2613950769230769,0.4687587692307692,0.0526326021634615,2.9435078499186167,-0.1080536723930049,3.9855763359741543,90.8203125,0.0171676740559756,0.0022800033980957,1136.3173879816138,1109.0179840688895
99.mat,73,Normal,2,,12000,0.0104280189302884,0.0645718924078913,0.0654085076113707,0.2117446153846153,0.4191083076923076,0.0527743954326923,2.843053590912341,-0.1179722604454031,3.2372641284328165,90.8203125,0.016596731311819,0.0023172608087957,1119.6157700048102,1093.5219647680694
99.mat,74,Normal,2,,12000,0.0112470991586538,0.0636492900280103,0.0646353568919857,0.2232184615384615,0.4134756923076923,0.0524501655649038,2.833827282177474,-0.224916499777983,3.453503968601726,90.8203125,0.016929796954007,0.0023108320776795,1099.5078280173288,1110.0669992807964
99.mat,75,Normal,2,,12000,0.0103204006911057,0.0622833077454909,0.063132567618817,0.2232184615384615,0.4134756923076923,0.051011300030048,2.933007288825195,-0.2578821651441675,3.5357101723822475,90.8203125,0.016389540576088,0.0023881822388609,1083.2846829125278,1065.5871654301422
99.mat,76,Normal,2,,12000,0.0092036259014423,0.061965532913372,0.0626453030878763,0.2261390769230769,0.4416387692307691,0.0500512923677884,3.078989102796082,-0.2333472525462141,3.6098329128659152,1066.40625,0.0166153582688117,0.0023872564842725,1124.3032776144648,1109.2756034788626
99.mat,77,Normal,2,,12000,0.0105918146033653,0.0628754352962585,0.063761327623302,0.2261390769230769,0.4416387692307691,0.0509174332932692,3.068989022945543,-0.1826935620590934,3.5466494402232738,1066.40625,0.0170390655936818,0.0021759862479686,1124.1538768367018,1086.0651152160326
99.mat,78,Normal,2,,12000,0.0114249009915865,0.0623690446132291,0.0634068299841154,0.2165427692307692,0.4222375384615384,0.0514347444411057,2.8184384924458814,-0.1601431406754366,3.4151331849426487,1066.40625,0.0175811171570017,0.0022657485963464,1127.853119717803,1125.6695920949817
99.mat,79,Normal,2,,12000,0.01150878515625,0.0637256567639088,0.0647565553883484,0.2384473846153846,0.4549901538461538,0.0526865895432692,2.823254775475887,-0.1799432756782298,3.682212297819167,1066.40625,0.0175779953469987,0.0024773058605476,1093.981884688615,1074.8568822479367
99.mat,80,Normal,2,,12000,0.0118227777944711,0.0639855816314335,0.0650686770381133,0.2384473846153846,0.4489403076923076,0.052763241436298,2.958956584898542,-0.2610269971031175,3.6645494494335047,1066.40625,0.0169939473602469,0.002352069468165,1107.533275319841,1093.1244914631295
99.mat,81,Normal,2,,12000,0.011146611328125,0.0632833768029881,0.0642575499353131,0.210492923076923,0.4070086153846153,0.0517424725060096,2.948767410411944,-0.2489069985801443,3.2757695132917832,1066.40625,0.0182605694292372,0.0023777389404428,1102.3327149312613,1067.489373604761
99.mat,82,Normal,2,,12000,0.0116701361177884,0.0635674192965802,0.0646297831733555,0.2157083076923077,0.4239064615384615,0.0517404861778846,3.040772266717915,-0.2205074373036681,3.337599123823709,1066.40625,0.0182979495820625,0.0025629836392083,1130.7758136955529,1115.3664582411066
99.mat,83,Normal,2,,12000,0.0126825522836538,0.0643488467549168,0.0655867456969423,0.2157083076923077,0.4243236923076923,0.0526120258413461,3.0605510976218238,-0.1866778623643853,3.288900911306597,90.8203125,0.016747680821452,0.0023532443837163,1124.8931307691937,1075.3994745697096
99.mat,84,Normal,2,,12000,0.0131536685697115,0.0639537506060966,0.0652924284540606,0.2086153846153846,0.3938658461538461,0.0527171484375,2.869759965845596,-0.1279478845542448,3.195093053739994,90.8203125,0.0159039200921562,0.0021967584802474,1101.946487932731,1063.6754330948718
99.mat,85,Normal,2,,12000,0.0133969682992788,0.0618149036735046,0.0632499887413154,0.222384,0.4270356923076923,0.0512208321814903,2.8867679918136413,-0.1742232391288107,3.5159531950198866,90.8203125,0.0173343799655243,0.0024040151597278,1089.788729493864,1067.1420719530045
99.mat,86,Normal,2,,12000,0.0130666775841346,0.0615588621453596,0.0629303708214016,0.222384,0.4408043076923076,0.0507785940504807,2.980844877895315,-0.1069650983442378,3.5338104177255327,90.8203125,0.0170003121826355,0.0025186432490856,1092.6214539823134,1069.0312621995638
99.mat,87,Normal,2,,12000,0.0139989275841346,0.0628740711111499,0.0644136537668512,0.2184203076923076,0.4088861538461538,0.0520083858173076,2.9322097083978296,-0.1250126323947767,3.3909007627931205,1066.40625,0.0164501037078202,0.0023143159501785,1130.2537438828303,1100.2402065553072
99.mat,88,Normal,2,,12000,0.0150927322716346,0.063579249568996,0.0653460904965241,0.2154996923076923,0.4199427692307692,0.0529786307091346,2.826360754235665,-0.1916063176714575,3.297820736791517,90.8203125,0.0156882310044593,0.002209464579366,1147.0103401363358,1124.777068680981
99.mat,89,Normal,2,,12000,0.0135549068509615,0.0627380961160987,0.064185700931057,0.2154996923076923,0.4199427692307692,0.0520363981370192,2.772046316324832,-0.131701051485257,3.3574408190877945,90.8203125,0.0165949743463376,0.0021470588752456,1142.9662558732286,1110.602027521345
99.mat,90,Normal,2,,12000,0.0130249646935096,0.0610928986077551,0.0624659264364551,0.192552,0.3830178461538461,0.0504818162560096,2.8303578482235974,-0.1557383856518406,3.08251251497691,90.8203125,0.0153150408915673,0.0021777894740899,1118.7150193308726,1107.8562444239103
99.mat,91,Normal,2,,12000,0.0139083713942307,0.0634229582977401,0.0649300734180759,0.2290596923076923,0.4476886153846153,0.052369286358173,2.968669433517761,-0.2143500858706555,3.527790440537589,1066.40625,0.0162167597714746,0.0022941316043094,1095.114815858469,1072.0882667234698
99.mat,92,Normal,2,,12000,0.0127878786057692,0.0651350176154759,0.0663784630659994,0.2290596923076923,0.4476886153846153,0.0532669029447115,3.046285980217812,-0.258091376539632,3.45081343748409,90.8203125,0.0166829432574163,0.0023210199344107,1103.51955224073,1080.6622974399122
99.mat,93,Normal,2,,12000,0.0124150091646634,0.0637046631374488,0.0649031321125145,0.2557624615384615,0.453529846153846,0.0518215181790865,3.083500392482557,-0.199358569034573,3.940679797934525,90.8203125,0.0168899800998594,0.0022779708592809,1096.5898090416622,1093.2360455942205
99.mat,94,Normal,2,,12000,0.0139769761117788,0.0645861606270753,0.0660812227926784,0.2557624615384615,0.453529846153846,0.0530880824819711,2.988487050402464,-0.1341139115277445,3.8704256781216655,0.0,0.0158302202524038,0.0022416640623838,1105.24215841133,1079.0713900818405
99.mat,95,Normal,2,,12000,0.0142990668569711,0.0662285938181494,0.0677546304846359,0.2163341538461538,0.4324596923076923,0.0546027850060096,2.9035735264915528,-0.1338433803309963,3.192905817635738,1066.40625,0.0158981664534546,0.0023485687132163,1118.605577298501,1096.422550485872
99.mat,96,Normal,2,,12000,0.0139343973858173,0.0642118233010012,0.0657063595258851,0.2225926153846154,0.4234892307692308,0.053161423828125,2.878756247067649,-0.1653280528108988,3.3876875387826746,90.8203125,0.0175726317442911,0.0025075321098716,1092.6208646502866,1076.7954717769326
99.mat,97,Normal,2,,12000,0.013184583984375,0.0619442251632669,0.0633318268007369,0.2225926153846154,0.444768,0.0511326188401442,2.936074844427015,-0.1919627553363566,3.514703848429415,0.0,0.0172803416466346,0.0024511715394321,1094.9223621225974,1090.4431758370388
99.mat,98,Normal,2,,12000,0.0120283882211538,0.0630966879172807,0.0642329677761312,0.2330233846153846,0.4551987692307692,0.0515592719350961,3.0508314789236124,-0.2129858820126556,3.627784807134124,1066.40625,0.0159468304684369,0.0023044072301565,1137.083213545279,1142.2356857068062
99.mat,99,Normal,2,,12000,0.0115035901442307,0.0635653611034952,0.0645978925230861,0.2330233846153846,0.4401784615384615,0.05231591015625,2.904260733537876,-0.2728111384794978,3.607290818846856,0.0,0.0162820335036057,0.0024125481689056,1083.2808362869298,1088.7608966516864
99.mat,100,Normal,2,,12000,0.01086786328125,0.0617766339944987,0.0627252976078248,0.1902572307692307,0.3682061538461538,0.0507719729567307,2.744971212343266,-0.1840400413878457,3.033181794668704,90.8203125,0.0180524442264597,0.0026088673275563,1075.9880727198552,1064.205294479642
99.mat,101,Normal,2,,12000,0.0104212450420673,0.0620994623679369,0.0629678137989054,0.2154996923076923,0.3907366153846153,0.0509931684194711,2.751322997731781,-0.0431122821174733,3.422378502704794,1066.40625,0.0160824889775714,0.0024993705179781,1102.207911033094,1068.1497335728625
99.mat,102,Normal,2,,12000,0.0112937014723557,0.0619602721811602,0.0629811322676097,0.2154996923076923,0.3926141538461538,0.0513491795372596,2.730013724615564,-0.0838314212423537,3.421654780546405,0.0,0.0156088719951923,0.0022516769030306,1135.981206803219,1098.9731024739208
99.mat,103,Normal,2,,12000,0.0120252814002403,0.0628854983782641,0.0640249427882417,0.1981846153846153,0.3821833846153846,0.0523267585637019,2.6958392491416463,-0.2139034484328665,3.0954282308396253,90.8203125,0.0157495442046852,0.0022204343808609,1085.136733411184,1071.7798669021415
99.mat,104,Normal,2,,12000,0.0119065600961538,0.0625155711939342,0.0636393181533804,0.2086153846153846,0.4022104615384615,0.0516814056490384,2.835865955395621,-0.2682119993120976,3.2780895626912545,90.8203125,0.0169151843764686,0.0023513700817342,1089.9534285340728,1078.9979309081182
99.mat,105,Normal,2,,12000,0.0122076670673076,0.0614082753803785,0.0626099306853045,0.2150824615384615,0.4236978461538461,0.0502779374999999,3.0223686351050434,-0.2021111715802131,3.435277106750487,1066.40625,0.0158403707207757,0.0023045644141556,1095.814875870507,1068.3984374377726
99.mat,106,Normal,2,,12000,0.0108279839242788,0.0636108044650407,0.0645258063146373,0.265776,0.4679243076923077,0.0513856464843749,3.2304125202859844,-0.1108254238951711,4.118910172219116,1066.40625,0.0174033554968357,0.0022345483690433,1121.2546259135552,1085.6073897588649
99.mat,107,Normal,2,,12000,0.0098332409855769,0.0642591896677121,0.0650072002552904,0.265776,0.4679243076923077,0.0519384059495192,3.118208230536151,-0.0582291532155877,4.088408652522618,90.8203125,0.0166931103413621,0.0024504590439484,1075.2944592337424,1079.807611479254
99.mat,108,Normal,2,,12000,0.0099461560997596,0.0623848598892417,0.0631727533400366,0.2073636923076923,0.4107636923076923,0.0510100776742788,2.834249058203365,-0.1076284257227308,3.282486219834786,90.8203125,0.0178942626954844,0.0025791512534655,1123.698585595076,1137.4008571288894
99.mat,109,Normal,2,,12000,0.0093132814002403,0.0620423449324001,0.0627374670763091,0.2033999999999999,0.3823919999999999,0.0507569481670673,2.8420917648062742,-0.1991963197571654,3.242081797032057,0.0,0.0174368541165865,0.0024607573040647,1108.580671582705,1097.3533578545312
99.mat,110,Normal,2,,12000,0.009689053936298,0.0626998915756322,0.0634441027186651,0.2791273846153846,0.5052664615384614,0.050842716796875,3.111151581649678,-0.197460825115077,4.399579671780366,0.0,0.0182535914963942,0.0024161595066882,1136.3212090080383,1128.891956816768
99.mat,111,Normal,2,,12000,0.0106637807992788,0.0631213047758233,0.0640157428882727,0.2791273846153846,0.5052664615384614,0.0513513186598557,3.072952238431018,-0.2122556338868391,4.360292828321122,0.0,0.0184594056490384,0.0025293813936922,1090.6228948327114,1094.216774147429
99.mat,112,Normal,2,,12000,0.0112630916466346,0.0636697870006227,0.0646583251418187,0.207780923076923,0.4105550769230769,0.0523953632812499,2.819551976830389,-0.2059917655204031,3.213521578562163,0.0,0.0182184487680288,0.0025330601752945,1071.8100654311313,1054.869786477872
99.mat,113,Normal,2,,12000,0.0124210190805288,0.0643604855687629,0.0655481030819794,0.2290596923076923,0.4416387692307691,0.0529700232872596,2.955349856353296,-0.1826789548526994,3.4945281638617804,0.0,0.0182878174579326,0.0023567604843853,1077.032137883201,1078.4784913744252
99.mat,114,Normal,2,,12000,0.0130059672475961,0.0661460411049696,0.0674125651337039,0.3269003076923077,0.5570030769230769,0.0543051923076923,3.2557411914527554,-0.1883121799549759,4.84924890551107,0.0,0.0168934151141826,0.0022703285388722,1098.9335821724558,1096.3442446018491
99.mat,115,Normal,2,,12000,0.0122117415865384,0.0652807365266555,0.0664131101066575,0.3269003076923077,0.5570030769230769,0.0536963572716346,3.190255818092788,-0.2146497598200892,4.922225554070804,1066.40625,0.0163278774943882,0.0022861875893706,1106.8365836253158,1078.9681610820433
99.mat,116,Normal,2,,12000,0.0122443886718749,0.0631509396899796,0.0643270257176203,0.2094498461538461,0.3972036923076922,0.0520663967848557,2.8986281241302607,-0.221149461896209,3.256016329330676,1066.40625,0.0164377807875183,0.0022170779772224,1118.2184031887189,1100.12245276789
99.mat,117,Normal,2,,12000,0.0121369232271634,0.0639207808106332,0.0650628244457852,0.2136221538461538,0.4222375384615384,0.052573878155048,2.884730543976313,-0.1725629250576913,3.2833212462849386,0.0,0.0162291156850961,0.0023167613418789,1131.2249103651372,1118.335724313371
99.mat,118,Normal,2,,12000,0.0117326799879807,0.0646045594486093,0.0656612890617391,0.2136221538461538,0.4222375384615384,0.0529805661057692,2.9022896658659056,-0.1630641201764139,3.253395674965992,0.0,0.0163477351262019,0.0024071974906944,1119.8635666828095,1082.7112175693194
99.mat,119,Normal,2,,12000,0.0119319749098557,0.0637981042653419,0.0649043152117089,0.2017310769230769,0.3997070769230769,0.0523848204627403,2.849662097277805,-0.1301362682960754,3.1081304265372496,1066.40625,0.0168409676007937,0.0024690840787453,1128.5759292192904,1121.24949202809
99.mat,120,Normal,2,,12000,0.0113327659254807,0.0627733583139926,0.0637881344572691,0.2059033846153846,0.4024190769230769,0.0516765162259615,2.775263853576502,-0.1340649504616953,3.2279261083159074,1066.40625,0.0166888359028871,0.0023845098905472,1079.875033225178,1064.1699828571334
99.mat,121,Normal,2,,12000,0.0111695814302884,0.0610028111998336,0.0620169535176502,0.2059033846153846,0.400332923076923,0.0498815886418269,2.880650410164432,-0.1276720641533018,3.3201144676799346,90.8203125,0.0167751781228938,0.0023767495272393,1113.6066827960112,1106.3921651494172
99.mat,122,Normal,2,,12000,0.0113374516225961,0.0608945774670334,0.061940999137754,0.1927606153846154,0.3752990769230769,0.05017862109375,2.75370128483051,-0.1014066605874966,3.112003649730033,1066.40625,0.0169319957290059,0.002338334925261,1085.3860288106632,1078.0229705220995
99.mat,123,Normal,2,,12000,0.0116852627704326,0.0629780566784361,0.0640529545689063,0.2025655384615384,0.3953261538461538,0.0521469704026442,2.6764983879862227,-0.0908010532646975,3.1624698630197337,1066.40625,0.0166983961429245,0.002199618831512,1109.8725669703715,1093.713246331538
99.mat,124,Normal,2,,12000,0.0129904840745192,0.0633483626304135,0.0646665889346632,0.207780923076923,0.4136843076923077,0.0521158512620192,2.870917735703916,-0.1046932172224493,3.2131109201825585,90.8203125,0.0167157481754886,0.0022617747567463,1096.1597310585937,1053.0744188420022
99.mat,125,Normal,2,,12000,0.0130747756911057,0.0625504785710162,0.0639023640316685,0.2125790769230769,0.4203599999999999,0.0514594971454326,3.0014105682215297,-0.2240540163955018,3.326623046648594,90.8203125,0.017206021539139,0.0022953233469073,1099.4402150642254,1089.430532676752
99.mat,126,Normal,2,,12000,0.0121124251802884,0.0628035020782178,0.0639608530042931,0.2436627692307692,0.4360061538461538,0.0516198804086538,2.957232373113094,-0.2768201733416882,3.809560970276837,90.8203125,0.015856974621356,0.0021367972560694,1096.6064814407723,1083.6754041227548
99.mat,127,Normal,2,,12000,0.0124494388521634,0.0620196304551526,0.063256802713443,0.2436627692307692,0.4360061538461538,0.0510962537560096,2.8677080195567397,-0.2386415054793353,3.851961508939607,1066.40625,0.0160975967448308,0.0020855461308782,1128.2709738958054,1105.0471286954837
99.mat,128,Normal,2,,12000,0.0120239571814903,0.0627379981946463,0.063879824387468,0.214248,0.3988726153846154,0.0516908279747596,2.774667358260276,-0.14468804637115,3.3539228082479062,1066.40625,0.0154826973421723,0.0021623553160376,1104.8204130382155,1070.73099769662
99.mat,129,Normal,2,,12000,0.0112744493689903,0.0656821119726745,0.0666427268482081,0.214248,0.4076344615384615,0.053938740234375,2.825097400901868,-0.1632707961482595,3.214874452661454,90.8203125,0.0170874098790952,0.0021149576187847,1115.204482376249,1072.9351119561957
99.mat,130,Normal,2,,12000,0.0129428121995192,0.0649835795670483,0.066259957749601,0.1998535384615384,0.398664,0.0535221715745192,2.8457874030912618,-0.2037212347774769,3.016203831834494,90.8203125,0.0152535638466851,0.0021002769954332,1092.9301107926187,1069.691386209435
99.mat,131,Normal,2,,12000,0.0144144776141826,0.061446348584163,0.0631144271875793,0.1998535384615384,0.3963692307692307,0.0508613577223557,2.836682182199183,-0.0953210361446989,3.1665270108142383,90.8203125,0.0161763425108446,0.0021226804491091,1115.50737163042,1094.596489048742
99.mat,132,Normal,2,,12000,0.0142742122896634,0.0603664682217656,0.0620311504170269,0.199644923076923,0.3961606153846153,0.050121425030048,2.862968477473939,-0.0928954728811673,3.218462365033336,1066.40625,0.0165464057929964,0.002315119684929,1100.1327473651384,1100.323800794982
99.mat,133,Normal,2,,12000,0.0140335100661057,0.0619109563716233,0.0634815400224706,0.2090326153846154,0.4086775384615385,0.0516379610877403,2.777729727996941,-0.1737210696964633,3.292809457845918,90.8203125,0.0181200257339984,0.0023770611176838,1094.0685378603591,1076.1939506875312
99.mat,134,Normal,2,,12000,0.014476766826923,0.0633142654884263,0.0649482331715038,0.2111187692307692,0.3911538461538462,0.052561298076923,2.8155705394540687,-0.1016510740790082,3.2505698603576163,90.8203125,0.0161758004673078,0.0021959921953317,1133.9692454740696,1119.8097650262896
99.mat,135,Normal,2,,12000,0.015185885967548,0.0627036045994327,0.0645163015243541,0.2200892307692307,0.431208,0.0520472465444711,2.9580902556758937,-0.1494705077915567,3.4113739561798924,90.8203125,0.0174308308545489,0.0021971068109231,1122.4032701184626,1111.6432471957685
99.mat,136,Normal,2,,12000,0.0144256316105769,0.0632285216987605,0.064853255921154,0.2200892307692307,0.4280787692307692,0.052178598858173,2.977060245599974,-0.1666810684074313,3.3936496732994605,90.8203125,0.0166016248230721,0.0022845953344028,1079.962743437445,1098.2617511194344
99.mat,137,Normal,2,,12000,0.0132953599759615,0.0640706771710516,0.0654356039939078,0.2090326153846154,0.4170221538461538,0.0525863563701923,2.943722337974303,-0.1148470508020965,3.194478275222718,90.8203125,0.0166862356353624,0.0022486553323328,1109.232492495923,1106.277194706434
99.mat,138,Normal,2,,12000,0.0133364107572115,0.0636829519310706,0.0650644159163834,0.2079895384615384,0.4038793846153846,0.0524183843149038,2.90216634005238,-0.1359652326935846,3.1966711071199536,1066.40625,0.0165239726285156,0.0022487413341735,1090.0947525337745,1073.9730628379264
99.mat,139,Normal,2,,12000,0.0130588341346153,0.0631955606350334,0.0645307061245387,0.2161255384615384,0.4232806153846153,0.0518783067908653,2.880081905794111,-0.1311124079193889,3.3491891138527854,90.8203125,0.0159504448081757,0.0022096720964047,1088.800279529231,1067.9563512714496
99.mat,140,Normal,2,,12000,0.0128746658653846,0.0626369034876878,0.0639463736240862,0.2161255384615384,0.4264098461538461,0.0515863674879807,2.897686051942237,-0.1705329985980717,3.3797935084176856,90.8203125,0.0156631236325008,0.0022389886888738,1151.649699679303,1153.8549414570211
99.mat,141,Normal,2,,12000,0.013351842998798,0.0634537374703436,0.0648432611025991,0.2326061538461538,0.4428904615384615,0.0526073910757211,2.901797174435176,-0.2063647421925572,3.587206286218544,1066.40625,0.0160454625690669,0.002122909391434,1139.7844924924736,1111.75625065505
99.mat,142,Normal,2,,12000,0.012493341796875,0.064066732529799,0.0652735000310107,0.2326061538461538,0.4378836923076923,0.0529496506911057,2.88965657118948,-0.2189452135758666,3.5635618395772446,90.8203125,0.0153462918851338,0.0020694723488333,1134.803008064833,1127.1657628891742
99.mat,143,Normal,2,,12000,0.0110500452223557,0.062408414235619,0.0633791264283496,0.2209236923076923,0.4303735384615385,0.051182124248798,2.8516448528998417,-0.1874557242354437,3.485748459430841,90.8203125,0.016883236826997,0.0021728525783898,1097.6235219842745,1066.554899247628
99.mat,144,Normal,2,,12000,0.0109729858774038,0.0618941609110121,0.0628593157292057,0.2094498461538461,0.4188996923076923,0.0508072175480769,2.8460984258767774,-0.1926432445891484,3.3320414599507235,90.8203125,0.0157602929912312,0.0023483013918797,1083.0821875012207,1079.2919618119852
99.mat,145,Normal,2,,12000,0.0108204969951923,0.0630756775697508,0.0639970644335046,0.2188375384615384,0.4282873846153846,0.051664801983173,2.936602937471349,-0.224349654423749,3.419493384558584,90.8203125,0.0167594555054934,0.0023008842852937,1121.8667451478468,1106.1497837798045
99.mat,146,Normal,2,,12000,0.01086786328125,0.0630914706405226,0.0640206538539233,0.2188375384615384,0.419316923076923,0.0511711739783653,3.015948729997916,-0.182308125082194,3.41823341824753,90.8203125,0.0175037458858962,0.0023150739380954,1133.176540541839,1117.819825692445
99.mat,147,Normal,2,,12000,0.011027176983173,0.0613139178736357,0.0622976336407184,0.208824,0.4093033846153846,0.0499028780048076,2.9849221797920165,-0.1279433239339302,3.3520374337864145,90.8203125,0.0179550109312083,0.0024499864000723,1089.9470881891698,1085.6690495444611
99.mat,148,Normal,2,,12000,0.0114151221454326,0.06225797430968,0.0632958164394766,0.208824,0.4063827692307692,0.0512078955829326,2.8779321261501707,-0.1311677956195675,3.299175391784024,1066.40625,0.0166455129919763,0.0022588615876645,1137.4281438879768,1135.5608701032584
99.mat,149,Normal,2,,12000,0.0125063802584134,0.0631504445363516,0.0643769228241522,0.2444972307692307,0.4512350769230769,0.0520452092848557,2.934685920622112,-0.1923652321292745,3.797901795292128,1066.40625,0.0171906361449671,0.0021874989694572,1202.028120549958,1202.4993156637058
99.mat,150,Normal,2,,12000,0.0117878387920673,0.0640273242348314,0.0651033900197217,0.2444972307692307,0.4652123076923076,0.052649358623798,2.846679391415112,-0.209590057012123,3.755522265356156,90.8203125,0.0173646216560591,0.0024224735766393,1120.6955599404755,1101.6736224599929
99.mat,151,Normal,2,,12000,0.0105408321814903,0.0632944990188011,0.0641662118962882,0.2284338461538461,0.449148923076923,0.051754186748798,2.8865657218812766,-0.2191599777620333,3.560033223140296,1066.40625,0.0166744441428984,0.0022908892054747,1173.3322626118502,1145.6446598225834
99.mat,152,Normal,2,,12000,0.012719528545673,0.0619417038538991,0.0632341765404463,0.2284338461538461,0.4389267692307692,0.0509076544471153,3.039289679985344,-0.1905632199352372,3.612506063200388,1066.40625,0.0167627903615258,0.0021796571205592,1123.5703545041342,1104.5488341217551
99.mat,153,Normal,2,,12000,0.0143537163461538,0.0637473165971251,0.0653433205942271,0.2278079999999999,0.4143101538461538,0.0526689672475961,2.91630708939109,-0.1608770536861868,3.4863242015914,1066.40625,0.0155725653757602,0.0023893912745983,1052.5075050031044,1050.805847981792
99.mat,154,Normal,2,,12000,0.0142315317007211,0.0640607928696911,0.065622569879898,0.2278079999999999,0.438300923076923,0.052981737530048,2.889793815013721,-0.1562196611844233,3.4714885506150166,90.8203125,0.0164337383542778,0.0022594401462469,1119.3554924458522,1133.879198533073
99.mat,155,Normal,2,,12000,0.0154673333834134,0.0622514317108916,0.0641442059117537,0.2148738461538461,0.4253667692307692,0.0520730178786057,2.8151811393121977,-0.1511839814750175,3.3498558926656354,90.8203125,0.0155009759607823,0.0021116008255924,1106.085590829873,1098.7000089745102
99.mat,156,Normal,2,,12000,0.015123240234375,0.0610945792284925,0.0629385415011595,0.2040258461538461,0.3972036923076922,0.0512502705829326,2.7630356968597907,-0.2099556080098399,3.241667844338074,1066.40625,0.0155915661030464,0.0021744374556964,1119.396612559288,1102.1269672290225
99.mat,157,Normal,2,,12000,0.013842466045673,0.0622626218060399,0.0637828185359315,0.2150824615384615,0.4118067692307692,0.051572106670673,2.8860150276562764,-0.1907546450955198,3.372106571572978,90.8203125,0.0158764559799815,0.0022530792171789,1091.5087667141495,1088.1759170547018
99.mat,158,Normal,2,,12000,0.0134374588341346,0.0625422551401163,0.0639695160051291,0.2150824615384615,0.4118067692307692,0.0516252791466346,2.8739319229227824,-0.1290615989905596,3.3622649500930413,90.8203125,0.0178469981249347,0.002258526930095,1110.8477346250734,1105.5743334572103
99.mat,159,Normal,2,,12000,0.0132616942608173,0.0626862013517357,0.0640736480511118,0.2163341538461538,0.427452923076923,0.0517598910757211,2.8716546982119806,-0.1396584923922632,3.3763358326902653,90.8203125,0.0164551303844443,0.0022005126028264,1105.6647503621607,1073.9562221313076
99.mat,160,Normal,2,,12000,0.0141321134314903,0.0627308324867217,0.0643029857356379,0.218628923076923,0.4293304615384615,0.0520025286959134,2.868448537388172,-0.1542061819161851,3.399980896310926,1066.40625,0.0168579329456195,0.0021979399506247,1122.966857191915,1112.156364166717
99.mat,161,Normal,2,,12000,0.014323412109375,0.0625183885820267,0.0641382026981445,0.218628923076923,0.4178566153846154,0.0520011026141826,2.84754335990154,-0.1547058956349131,3.4087160830786374,1066.40625,0.0164195115902117,0.0023572105382098,1077.2635906039998,1077.1185347563994
99.mat,162,Normal,2,,12000,0.0131337034254807,0.0640432174518881,0.0653760496455569,0.2163341538461538,0.4226547692307692,0.0526136556490384,3.044750175342974,-0.2247503618926075,3.3090735065674983,90.8203125,0.0179215002357439,0.0023780468288441,1152.4924416373508,1142.486752025559
99.mat,163,Normal,2,,12000,0.0129271762319711,0.0647854036625619,0.066062549247312,0.2163341538461538,0.4226547692307692,0.0532050211838942,3.0082739439527844,-0.2425858298601436,3.274686737205437,90.8203125,0.0154608282804595,0.0022596834073599,1120.872163134474,1091.0535119283554
99.mat,164,Normal,2,,12000,0.0126673237680288,0.0643214169423807,0.0655568895610496,0.2280166153846153,0.4253667692307692,0.0528533901742788,2.970911670169454,-0.1566737133629554,3.478148779042906,90.8203125,0.0161144764917469,0.0022815106277403,1083.349287963887,1057.022738345303
99.mat,165,Normal,2,,12000,0.0127986760817307,0.0650538501743918,0.0663009014415134,0.2313544615384615,0.4593710769230769,0.0534159284855769,3.065684141528887,-0.220365474898014,3.4894617796795417,90.8203125,0.0158695560169866,0.0024274116121426,1102.524438370365,1110.758662639532
99.mat,166,Normal,2,,12000,0.0137298565204326,0.0625281938192958,0.0640178411255416,0.2313544615384615,0.4220289230769231,0.051894553936298,2.936409881431625,-0.2698266166943573,3.613906021678641,1037.109375,0.0158259248302003,0.0023432169451056,1133.982169768709,1120.548173800361
99.mat,167,Normal,2,,12000,0.0142392732872596,0.0605379385079278,0.0621900225320663,0.218628923076923,0.4118067692307692,0.0502188060396634,2.819823570073475,-0.1269014386624486,3.5154983737816425,90.8203125,0.0156371419592308,0.0022379601787697,1143.8960901198143,1125.2836192249497
99.mat,168,Normal,2,,12000,0.0151901132812499,0.0609729910403867,0.0628366547319976,0.218628923076923,0.4118067692307692,0.050600130108173,2.8785158300764557,-0.1259402385554559,3.479321488538646,90.8203125,0.0163890297683483,0.0024602977644684,1097.7897897606044,1073.3624723546866
99.mat,169,Normal,2,,12000,0.015571233623798,0.0619111981668129,0.0638393278083133,0.2015224615384615,0.3990812307692307,0.0518211107271634,2.729708074594358,-0.1416881781244576,3.1567133999838064,90.8203125,0.0170696082541884,0.0025729088946887,1101.2839050497753,1095.4976106569543
99.mat,170,Normal,2,,12000,0.0144537967247596,0.0635165246050345,0.0651403188329826,0.2426196923076923,0.4245323076923076,0.0531672300180288,2.688382264256989,-0.1052072266153349,3.724570230148248,90.8203125,0.0165318094693703,0.0022902295268821,1102.351326996338,1088.025903687425
99.mat,171,Normal,2,,12000,0.0134841630108173,0.0633485934488839,0.0647677924902051,0.2426196923076923,0.4554073846153845,0.0524792474459134,2.8426088332961617,-0.1100334325591313,3.745992923016233,90.8203125,0.0162690154886609,0.0021239224994445,1126.251765919663,1109.124739354917
99.mat,172,Normal,2,,12000,0.0128789950420673,0.063217802193202,0.0645163469783621,0.2301027692307692,0.4428904615384615,0.052057025390625,2.8600526856111443,-0.1116182631500307,3.566580874579624,90.8203125,0.0175268410687934,0.0023270531496587,1104.1569201010982,1095.8148476626077
99.mat,173,Normal,2,,12000,0.0128501168870192,0.0628520752053944,0.0641522319302658,0.2301027692307692,0.4015846153846153,0.0516894528245192,2.840730818437442,-0.0907738778221629,3.5868240637503237,90.8203125,0.0173053799836792,0.0024049126789164,1096.9687390862302,1080.4626649564282
99.mat,174,Normal,2,,12000,0.0142965712139423,0.0618508254663328,0.0634816237925754,0.225096,0.4262012307692308,0.0510062578125,2.8951968189415047,-0.1452984675374208,3.545845026514999,90.8203125,0.0160480061121952,0.0022144783182224,1123.6266255338444,1104.8006807015606
99.mat,175,Normal,2,,12000,0.0143694032451923,0.0624110641325864,0.0640438964756577,0.2011052307692307,0.3913624615384615,0.0516787572115384,2.828147683296866,-0.1736974488096505,3.140115480726073,90.8203125,0.0163715097292539,0.0022372710175663,1109.711390362165,1096.0662115333098
99.mat,176,Normal,2,,12000,0.0126802603665865,0.0627968732000679,0.0640643136751642,0.1935950769230769,0.3838523076923077,0.0518023679387019,2.8086454047435025,-0.1798698159673736,3.021886379751036,90.8203125,0.0172577592037103,0.0022745859589137,1118.9953305790957,1099.012524834645
99.mat,177,Normal,2,,12000,0.0125178907752403,0.062117007052204,0.0633657648465195,0.2255132307692307,0.4159790769230769,0.0514343369891826,2.864143813052837,-0.2165723695726331,3.5589127869829134,90.8203125,0.0170046887596356,0.0022901878673031,1090.0265445415864,1081.5890093451612
99.mat,178,Normal,2,,12000,0.0124141942608173,0.0627167444600019,0.0639335768967018,0.2255132307692307,0.4451852307692308,0.0520666005108173,2.870976631486077,-0.1999467863161126,3.527305083111412,1066.40625,0.0157613211673959,0.0023751699328527,1073.457161022493,1066.0161709520169
99.mat,179,Normal,2,,12000,0.0125190112680288,0.0628201297444063,0.0640554005860011,0.2196719999999999,0.4209858461538461,0.0520713880709134,2.7945833573802576,-0.1606085365789944,3.429406388694221,90.8203125,0.0167316766161246,0.0024745681925537,1063.8251672317267,1047.128998207865
99.mat,180,Normal,2,,12000,0.0137393807091346,0.0605077894979959,0.0620480714624099,0.2490867692307692,0.4297476923076923,0.0501634435096153,2.9443276678057977,-0.2367024083336046,4.014415973938393,90.8203125,0.016880741052518,0.0023501549003276,1121.7881628876432,1126.4086737173056
99.mat,181,Normal,2,,12000,0.0139375551382211,0.0619922966463301,0.0635397535934595,0.2490867692307692,0.4493575384615385,0.0512489463641826,3.066254823493162,-0.2782767409228472,3.920172099257387,90.8203125,0.016367441062561,0.0021846739696495,1108.1557966406624,1072.851283184195
99.mat,182,Normal,2,,12000,0.0136364990985576,0.0636439623559046,0.0650884632790234,0.222384,0.4259926153846153,0.052691071514423,2.910383312489208,-0.1984430458102733,3.416642347917738,90.8203125,0.0165577761863315,0.0023007401202623,1134.4022340502115,1111.9822271181845
99.mat,183,Normal,2,,12000,0.0137800749699519,0.0632814016243484,0.0647643903524118,0.2036086153846153,0.4028363076923076,0.052175288311298,2.835353154692127,-0.1156767798208965,3.1438358992756705,90.8203125,0.0170287716198396,0.0023716627574792,1127.8083740002587,1096.8019874491188
99.mat,184,Normal,2,,12000,0.01398772265625,0.0630390999267333,0.0645723199574,0.222384,0.4065913846153846,0.0517736935096153,2.8549938549109064,-0.0659394052861184,3.443952457441706,90.8203125,0.0171564292609177,0.0024938559846597,1105.6718459184383,1078.9399649915674
99.mat,185,Normal,2,,12000,0.0146843635817307,0.0617091915240717,0.0634322855678008,0.222384,0.4249495384615384,0.0511678124999999,2.8947180959358843,-0.1756724143356972,3.5058487647004406,90.8203125,0.0168335018690422,0.0024669439798369,1121.3411886788367,1099.9819870133454
99.mat,186,Normal,2,,12000,0.0141599220252403,0.0615979345044342,0.0632045008442711,0.2036086153846153,0.390528,0.0509386717247596,2.91578727408517,-0.2394284013631689,3.2214258900055945,1066.40625,0.0168739260280226,0.0024393795357929,1125.7251728202896,1138.7698893115498
99.mat,187,Normal,2,,12000,0.0133835733173076,0.0624850519194856,0.0639022828083673,0.2449144615384615,0.4318338461538461,0.0513564627403846,2.94590593139424,-0.1839257377386955,3.8326402559501753,90.8203125,0.0172344679567433,0.002352640258072,1075.7964833152091,1064.0178731032795
99.mat,188,Normal,2,,12000,0.0141258997896634,0.0631808934130855,0.0647407625638074,0.2449144615384615,0.4535298461538462,0.0521769181189903,2.921653194839262,-0.1266415235725874,3.783002421342781,1066.40625,0.0166103003964106,0.0023206913264903,1101.046772996774,1081.197164079785
99.mat,189,Normal,2,,12000,0.0132298620793269,0.0626395580692465,0.0640214298945948,0.2225926153846154,0.431208,0.0515198509615384,2.936795557111149,-0.1167767318986646,3.476845421151837,1066.40625,0.0175732781460062,0.0025238759086076,1091.495392268885,1083.566149382861
99.mat,190,Normal,2,,12000,0.011931618389423,0.0626865972450313,0.0638120129094169,0.2225926153846154,0.4170221538461538,0.0514675952524038,2.877536940161736,-0.1203670065164731,3.4882556627792387,90.8203125,0.0160744534084176,0.002365784140818,1117.64464709032,1141.4294388496714
99.mat,191,Normal,2,,12000,0.0121678386418269,0.0629650310653207,0.0641299573855334,0.2175858461538461,0.4168135384615384,0.0518285976562499,2.8144591864280537,-0.0779020308289727,3.3928892989242723,90.8203125,0.0155467139466421,0.0022092162523406,1117.3206953184556,1100.2744440486529
99.mat,192,Normal,2,,12000,0.0121979900841346,0.0623719833180016,0.0635535621748594,0.2175858461538461,0.4282873846153846,0.0511691367187499,2.87935636989203,-0.1261299555702893,3.423660904406693,90.8203125,0.015908043527545,0.0022935058921763,1093.8781075953495,1062.4466961974122
99.mat,193,Normal,2,,12000,0.0122173949819711,0.0622440226926263,0.0634317199917019,0.2146652307692307,0.4253667692307692,0.050956599609375,2.950588239436787,-0.1683126627599177,3.3841937566459355,1066.40625,0.0157611929729221,0.0022961557318512,1080.9300698574566,1064.8810241623505
99.mat,194,Normal,2,,12000,0.0135310199819711,0.0621963481407984,0.0636511918490447,0.2146652307692307,0.4059655384615385,0.051440346905048,2.864561263963951,-0.1386112465414197,3.3725249211095853,90.8203125,0.016260841441965,0.0022872210664122,1135.0729624964972,1138.4511065697334
99.mat,195,Normal,2,,12000,0.0141693443509615,0.0626196922900356,0.0642027739419012,0.2134135384615384,0.4130584615384615,0.0518968458533653,2.797065606670123,-0.1242254908114967,3.32405479325024,90.8203125,0.0160547119392471,0.0022702410596767,1114.1376509619151,1081.87253083972
99.mat,196,Normal,2,,12000,0.013776255108173,0.0637249232564185,0.0651970171774898,0.2138307692307692,0.4134756923076923,0.0525590570913461,2.841174364647562,-0.1314507224613997,3.2797630702742846,1066.40625,0.0154398218175972,0.0022646149276426,1110.6490522199188,1083.201030256142
99.mat,197,Normal,2,,12000,0.0137631657151442,0.0629433206291937,0.0644304768128562,0.2138307692307692,0.427452923076923,0.0520257534555288,2.9064939515447974,-0.1618797644460456,3.318782970547598,90.8203125,0.0176717330164782,0.0022657705262882,1123.3059094484518,1115.5693066370593
99.mat,198,Normal,2,,12000,0.0144080602463942,0.0617862660673463,0.063443950654169,0.2136221538461538,0.4059655384615384,0.0511050139723557,2.987171303069966,-0.2274737822990361,3.3671004350060323,90.8203125,0.0161838384613709,0.0021708636569984,1133.2871929018245,1114.1482001058648
99.mat,199,Normal,2,,12000,0.0150248915264423,0.0640730073800738,0.0658110753605224,0.2492953846153846,0.4495661538461538,0.0528644423076923,3.100980730531973,-0.2078600826904315,3.78804605835278,90.8203125,0.015027127904822,0.0021303850384402,1123.7346532264244,1099.4327149396254
99.mat,200,Normal,2,,12000,0.0142355552884615,0.0642525786469194,0.0658106746443873,0.2492953846153846,0.4487316923076923,0.0530491198918269,3.030120642262791,-0.1567966061320427,3.788069123473812,90.8203125,0.0157801461908179,0.0022968482462182,1070.8561200005338,1075.4372588612969
99.mat,201,Normal,2,,12000,0.012822817608173,0.0635232980862014,0.064804583565986,0.2177944615384615,0.4120153846153846,0.0525140336538461,2.7254196620102515,-0.0456817920189254,3.360787918908488,90.8203125,0.0166918424696747,0.00244548009193,1073.2557565509414,1080.5352848556524
99.mat,202,Normal,2,,12000,0.0132229353966346,0.0638141037883899,0.065169669807503,0.2177944615384615,0.4076344615384615,0.0523444317908653,2.833741214180776,-0.0664042621508207,3.34196048839558,90.8203125,0.0172857623340822,0.0023158822990256,1145.8179103485772,1142.1349001659278
99.mat,203,Normal,2,,12000,0.0130342342247596,0.0639198442858982,0.0652352493316257,0.2040258461538461,0.3938658461538461,0.052294060546875,2.9663448102359893,-0.1623326125205493,3.127539915064529,0.0,0.0160392430889423,0.0021006979844626,1124.8213129740875,1097.950146906287
99.mat,204,Normal,2,,12000,0.0121935590444711,0.0624521716774182,0.0636314122851027,0.232188923076923,0.4188996923076923,0.0511676597055288,2.952861908588236,-0.0395346300744564,3.648966991909476,90.8203125,0.0157321454768788,0.0021762887566854,1183.693705623684,1153.0058481671754
99.mat,205,Normal,2,,12000,0.0131073718449519,0.0615382317168156,0.0629186550993767,0.232188923076923,0.4533212307692307,0.0505736966646634,2.995267255594225,-0.0242226236997545,3.690303340244521,1066.40625,0.0166213927317309,0.0024041904048251,1153.1013419793476,1171.50599211729
99.mat,206,Normal,2,,12000,0.0129678704927884,0.0631716531932973,0.0644889403874181,0.2211323076923076,0.4335027692307692,0.0517857133413461,2.955630767126652,-0.1443393491182724,3.428995830352497,1066.40625,0.0169339840564121,0.0024758580548221,1069.025327614802,1051.7995922377645
99.mat,207,Normal,2,,12000,0.0123399870793269,0.0644807762209399,0.065650938935958,0.2601433846153846,0.4750172307692307,0.0525318596754807,2.9639848460413063,-0.1283425304079956,3.962523443406535,1066.40625,0.0165137496112069,0.0023717130490093,1160.0044200076184,1137.354404551599
99.mat,208,Normal,2,,12000,0.0129001316105769,0.0627752181557654,0.0640869831562865,0.2601433846153846,0.4693846153846154,0.0515765886418269,2.963076217779306,-0.1377791771524725,4.059223446062093,90.8203125,0.0165241393487117,0.0023323745250815,1097.607002768445,1063.7556513674049
99.mat,209,Normal,2,,12000,0.01324880859375,0.0611493700358481,0.0625681738980363,0.2196719999999999,0.4149359999999999,0.0504786075721153,2.9309043020902097,-0.1522824633457838,3.5109223478055567,90.8203125,0.0166726288661547,0.0023209911613309,1125.0932555328934,1099.272824642581
99.mat,210,Normal,2,,12000,0.0140059561298076,0.0629835385424914,0.0645220344877903,0.2196719999999999,0.4264098461538461,0.05177033203125,2.991918257619256,-0.1406323638711989,3.404604361035286,90.8203125,0.0168126403832717,0.002140258812764,1140.583152453272,1090.4993202802536
99.mat,211,Normal,2,,12000,0.0144357669771634,0.0632471222882663,0.0648736452341463,0.2100756923076923,0.4168135384615384,0.052003139873798,2.946323526250253,-0.1205183159888485,3.238228583417393,1066.40625,0.0161781553948409,0.0023869153723691,1109.7505492204773,1074.3027929337345
99.mat,212,Normal,2,,12000,0.0136022222055288,0.0634447001055801,0.0648864425008459,0.1988104615384615,0.3957433846153846,0.0520376714242788,2.8677367141395207,-0.0693393086794324,3.063975367980292,90.8203125,0.0170679453643496,0.0025352081699567,1084.63898401745,1075.7043069565298
99.mat,213,Normal,2,,12000,0.013900986328125,0.0621703681274763,0.0637055107035541,0.1988104615384615,0.3957433846153846,0.0514945380108173,2.865118616740244,-0.1632896774881318,3.120773373336601,90.8203125,0.0149606463302343,0.0022753720814787,1076.5794633611692,1079.7982471857215
99.mat,214,Normal,2,,12000,0.0133264281850961,0.0632186947065104,0.0646080261930937,0.241368,0.4493575384615385,0.0522830084134615,2.906371366102064,-0.2135327958309745,3.735882586454883,90.8203125,0.0163420267568736,0.002261157046182,1100.3104230255865,1089.0865889366055
99.mat,215,Normal,2,,12000,0.0121051929086538,0.0636548442832013,0.0647956394834894,0.241368,0.4620830769230769,0.0522277986778846,2.917691264248909,-0.1514158690619575,3.725065481628637,1066.40625,0.016622379897233,0.0022674325150632,1091.804163194568,1048.764980514069
99.mat,216,Normal,2,,12000,0.012217904296875,0.0615899985473091,0.0627901672753397,0.2207150769230769,0.4214030769230769,0.0509087240084134,2.878120958284481,-0.1899501139560485,3.5151216583836167,90.8203125,0.015981592178215,0.002096324195537,1107.860971907628,1066.6907043286972
99.mat,217,Normal,2,,12000,0.0118581751802884,0.0626894391791168,0.0638011136517114,0.2232184615384615,0.4299563076923077,0.0513606391225961,2.950416326436511,-0.1817710504667122,3.498660897316076,1066.40625,0.0154481914024176,0.0020292054929383,1125.746494181294,1084.1881815483655
99.mat,218,Normal,2,,12000,0.011159598858173,0.0637732741380766,0.0647423133736014,0.2315630769230769,0.4562418461538461,0.05168028515625,3.055270923634937,-0.1114533984882961,3.576688333436916,90.8203125,0.0162121356567976,0.0020828364201666,1130.7023790465498,1117.9798631390577
99.mat,219,Normal,2,,12000,0.0113531894531249,0.0638636732454983,0.0648649648975957,0.2378215384615384,0.4625003076923076,0.0523121921574519,2.9558165597596884,-0.153142396757309,3.666409730383643,90.8203125,0.0166334522545306,0.00217635115583,1108.9096442109667,1080.9253021422253
99.mat,220,Normal,2,,12000,0.0116855174278846,0.0637726949490345,0.0648344656692719,0.2378215384615384,0.4343372307692307,0.0526279164663461,2.7997136359797388,-0.1604907192302813,3.6681344714814696,90.8203125,0.0161703909223832,0.0021130615480426,1132.9670635707732,1096.7022239684552
99.mat,221,Normal,2,,12000,0.0120283882211538,0.0626586800597406,0.0638027609906321,0.2015224615384615,0.3980381538461538,0.051460872295673,2.883539568295205,-0.1666979209229428,3.1585225844387828,1066.40625,0.0149766651639668,0.0020664394170271,1132.424173255009,1086.8196128409618
99.mat,222,Normal,2,,12000,0.0113379609374999,0.0629893284250436,0.0640016003991953,0.2154996923076923,0.413892923076923,0.0513461745793269,2.9186764056233647,-0.1907004841791996,3.3670984938433133,90.8203125,0.0170778252729824,0.0021975943575964,1202.8190474256971,1194.3386176314364
99.mat,223,Normal,2,,12000,0.0102396233473557,0.0647383940814409,0.0655431884679076,0.2367784615384615,0.4545729230769231,0.0522466942608173,3.1015406665476424,-0.1470870812389044,3.6125563475508495,90.8203125,0.0165077849875744,0.0021971256447606,1106.76532697009,1083.959928261818
99.mat,224,Normal,2,,12000,0.0109703374399038,0.0646984235044524,0.0656219041746491,0.2444972307692307,0.4622916923076923,0.052534813701923,3.2048654496005464,-0.1876702770737242,3.725847852852828,1066.40625,0.0158242891215508,0.0021693554694379,1115.146023383282,1102.5260059882532
99.mat,225,Normal,2,,12000,0.0109920342548076,0.0637008192548453,0.0646422399890144,0.2444972307692307,0.435588923076923,0.0523039921874999,3.016916743217844,-0.2658579054403511,3.7823137133054425,1066.40625,0.0173199613420824,0.0023480092889935,1102.0102306544286,1080.4790567396562
99.mat,226,Normal,2,,12000,0.0104165593449519,0.064375900114033,0.0652131982353178,0.2580572307692307,0.4647950769230769,0.052499314453125,2.984077543576437,-0.1389552288690649,3.9571319572158834,1066.40625,0.0171542280353306,0.0024690187130183,1078.9535182014356,1072.1810470450105
99.mat,227,Normal,2,,12000,0.011426428936298,0.0644649927105565,0.0654698294133135,0.2580572307692307,0.4403870769230769,0.0526008718449519,2.9134770980180567,-0.0616369074507429,3.941620637807157,90.8203125,0.0170277814113494,0.002399967653612,1134.770766846034,1126.3801581822222
99.mat,228,Normal,2,,12000,0.0113667881610576,0.0643022633487357,0.0652991955912822,0.2138307692307692,0.4036707692307691,0.0527694041466346,2.8391786896045472,-0.1451481410276003,3.274630985796046,1066.40625,0.0183446546306042,0.0022688812453586,1140.2683690258716,1117.3899663772793
99.mat,229,Normal,2,,12000,0.0104695790264423,0.0636454919804072,0.0645008584006368,0.2271821538461538,0.4341286153846154,0.0520140901442307,2.8882744833482503,-0.1464489804392222,3.5221570608417,1066.40625,0.0178727225146499,0.0022278873374088,1108.7093866708692,1068.4742380352982
99.mat,230,Normal,2,,12000,0.0109548033353365,0.0639385828629586,0.064870255854585,0.235944,0.4514436923076923,0.0518249815204326,3.090191281777263,-0.1391410367126842,3.6371677110214953,90.8203125,0.0171475925120155,0.0024127959750965,1161.3215064492215,1181.806150447956
99.mat,231,Normal,2,,12000,0.0106672950721153,0.0648515571722885,0.0657230222359424,0.235944,0.4514436923076923,0.0525551862980769,3.0347290936588114,-0.1589920893939123,3.5899748972737835,1066.40625,0.0164791473599486,0.0023159793152533,1108.5543586297836,1095.6505813976132
99.mat,232,Normal,2,,12000,0.0105078795072115,0.0622785387942031,0.0631587834436283,0.2271821538461538,0.4147273846153846,0.0506584975961538,2.905686071485024,-0.1081277898920176,3.597000155155343,0.0,0.0163789561298076,0.0021568687900816,1188.5791552848132,1193.653326690238
99.mat,233,Normal,2,,12000,0.0107189905348557,0.0604483375854644,0.0613913534215739,0.2271821538461538,0.4020018461538461,0.0494839664963942,2.8670669309484134,-0.0702018044590963,3.7005562051400913,1066.40625,0.0168947271081484,0.0026388419132308,1095.9620913078677,1060.805112440729
99.mat,234,Normal,2,,12000,0.0106491634615384,0.0624771518158354,0.0633782232430786,0.2280166153846153,0.4228633846153846,0.0511828882211538,2.86467864055905,-0.1150587322720625,3.5977123326743983,90.8203125,0.0170398358827522,0.0027528014097172,1073.002595123415,1046.264479949834
