file,segment,fault_type,load_hp,rpm,sampling_frequency_hz,mean,std,rms,peak,peak_to_peak,mean_absolute,kurtosis,skewness,crest_factor
100.mat,0,Normal,3,1725.0,12000,0.012454328275240383,0.06546631162342392,0.06664044005228885,0.22530461538461538,0.43475446153846153,0.05367226667668269,2.8714118824426613,-0.1016633679386565,3.38089927389183
100.mat,1,Normal,3,1725.0,12000,0.01283091571514423,0.06343444480205339,0.06471909444231969,0.22196676923076922,0.41264123076923076,0.05201139077524038,2.8260872081657693,-0.08853729241794829,3.4296952258594273
100.mat,2,Normal,3,1725.0,12000,0.012339375901442308,0.06316319820082462,0.06435720476056857,0.20944984615384615,0.404088,0.05174629236778846,2.863674334597516,-0.12011226925769566,3.254489484636153
100.mat,3,Normal,3,1725.0,12000,0.011294414513221152,0.06453289635397474,0.06551380397312696,0.22843384615384613,0.4378836923076923,0.05246244005408654,2.9543163617869936,-0.11729463838552898,3.4868047999097587
100.mat,4,Normal,3,1725.0,12000,0.012621689152644229,0.0659119486646369,0.06710955232927504,0.2422024615384615,0.4433076923076923,0.05341465519831731,3.025222193399456,-0.044095603191251775,3.6090609031347407
100.mat,5,Normal,3,1725.0,12000,0.013229352764423077,0.06473564874212433,0.06607359527548999,0.2422024615384615,0.4433076923076923,0.052831133112980766,2.977684014678044,-0.06511560014920707,3.665646776577126
100.mat,6,Normal,3,1725.0,12000,0.01374141796875,0.06289270513769665,0.06437638485756358,0.23969907692307693,0.4220289230769231,0.05181769831730769,2.867150577013649,-0.10532857243949734,3.723400707470989
100.mat,7,Normal,3,1725.0,12000,0.01495750916466346,0.06289874862904381,0.06465276219552134,0.23969907692307693,0.4220289230769231,0.052213283203125,2.911633573153138,-0.13942470829477313,3.7074839308208474
100.mat,8,Normal,3,1725.0,12000,0.014329218299278846,0.06504385161558279,0.06660352190431328,0.25117292307692307,0.47960676923076917,0.053726865234375,3.0288601516032507,-0.1758119301465624,3.771165786664759
100.mat,9,Normal,3,1725.0,12000,0.014271767578124997,0.06595279153146284,0.06747928615950688,0.25117292307692307,0.48982892307692305,0.053940064453125,3.1950790492368,-0.20328234805469306,3.7222225866942775
100.mat,10,Normal,3,1725.0,12000,0.013962511568509615,0.06560921786031321,0.06707847044725161,0.238656,0.46542092307692307,0.05342830483774039,3.1624157187076274,-0.17461687676510157,3.557862879232936
100.mat,11,Normal,3,1725.0,12000,0.013235617337740386,0.06489264212313137,0.06622866877744031,0.2659846153846154,0.47793784615384616,0.052868873347355766,3.0776721241424596,-0.05512199050577205,4.01615524356151
100.mat,12,Normal,3,1725.0,12000,0.013620608473557692,0.0636375014803385,0.06507881813501254,0.2659846153846154,0.46104,0.052421949519230765,2.9455073967557968,-0.04944135266634491,4.087115024627577
100.mat,13,Normal,3,1725.0,12000,0.014201431189903847,0.06327676185209857,0.06485082295799162,0.208824,0.41556184615384617,0.05247176051682692,2.8713239053302995,-0.15885674602667182,3.2200670781814105
100.mat,14,Normal,3,1725.0,12000,0.015388847956730768,0.06351777662434364,0.06535537153697003,0.208824,0.41556184615384617,0.05259817247596153,2.9243572506594977,-0.17035648679321427,3.1952079085324008
100.mat,15,Normal,3,1725.0,12000,0.016272509314903844,0.06648635606073107,0.06844874068701295,0.2822566153846154,0.4985907692307692,0.05495966195913461,3.036371174982378,-0.14177137345414004,4.123620282150334
100.mat,16,Normal,3,1725.0,12000,0.016504807842548076,0.06714329697919895,0.06914210736704762,0.2822566153846154,0.5229987692307693,0.05532906805889423,3.1191500705456754,-0.09868737756209588,4.082268043787393
100.mat,17,Normal,3,1725.0,12000,0.016379007061298075,0.06462064104615774,0.06666407669450179,0.24074215384615386,0.4627089230769231,0.053377577073317306,3.0348840367562744,-0.0734601043784181,3.611272604125175
100.mat,18,Normal,3,1725.0,12000,0.016069139873798075,0.06510984544407798,0.06706347165212527,0.22196676923076922,0.4403870769230769,0.05391378380408654,2.9478515992736027,-0.13574620327100473,3.3098013532935706
100.mat,19,Normal,3,1725.0,12000,0.015847129507211538,0.06624749722251158,0.06811653545112974,0.25513661538461535,0.47480861538461533,0.05499470282451923,2.9741901621715816,-0.1981435880318093,3.7455900200277115
100.mat,20,Normal,3,1725.0,12000,0.015434431640625,0.06435023520944463,0.06617533114068998,0.25513661538461535,0.47480861538461533,0.05375986884014423,2.9215342689812633,-0.18488198655566057,3.8554641281989235
100.mat,21,Normal,3,1725.0,12000,0.015650992337740383,0.06458263719638711,0.06645201718831545,0.21362215384615382,0.41994276923076923,0.05384461884014423,2.872688691475704,-0.14912797508194436,3.214682757346243
100.mat,22,Normal,3,1725.0,12000,0.01540509510216346,0.06537513349339,0.06716565368091985,0.22822523076923076,0.4418473846153846,0.053991708984375,3.0410379026179593,-0.15019520764196242,3.3979455013338766
100.mat,23,Normal,3,1725.0,12000,0.014370269080528845,0.06393257716864087,0.06552769686835502,0.23135446153846154,0.4595796923076923,0.05258284209735577,3.082583960959091,-0.15253538635088223,3.5306362438352146
100.mat,24,Normal,3,1725.0,12000,0.013214939152644233,0.06146427979478664,0.06286885005708238,0.23135446153846154,0.4408043076923077,0.050322400691105766,2.984714458488057,-0.08584399829170442,3.679953766108351
100.mat,25,Normal,3,1725.0,12000,0.011671562199519231,0.06118931635718677,0.062292518013298596,0.2221753846153846,0.41493599999999997,0.04987130048076923,2.9747382184229014,-0.05628190647881137,3.566646391914246
100.mat,26,Normal,3,1725.0,12000,0.011747093599759614,0.06340087315877094,0.06447995754756726,0.2221753846153846,0.42411507692307693,0.05177058668870192,2.9937804872624856,-0.13040689606408598,3.4456502929842108
100.mat,27,Normal,3,1725.0,12000,0.01278344756610577,0.06626828744033307,0.06749001742443085,0.20819815384615384,0.4101378461538462,0.0545971825420673,2.819666845135582,-0.11953560451996793,3.084873315957802
100.mat,28,Normal,3,1725.0,12000,0.01275828740985577,0.06610671417384772,0.06732660363107056,0.21508246153846153,0.41514461538461533,0.054473724609374996,2.844023620175738,-0.10050989621963999,3.1946132722964675
100.mat,29,Normal,3,1725.0,12000,0.013305138822115384,0.06430895140386175,0.06567090641783478,0.23928184615384615,0.4593710769230769,0.05250089332932692,3.0928708332711308,-0.08911156287752768,3.6436507306812875
100.mat,30,Normal,3,1725.0,12000,0.014162672325721153,0.06437532809429837,0.06591482499904182,0.23928184615384615,0.4593710769230769,0.05270395718149038,2.9822999765750353,-0.047256129990220594,3.6301673585164567
100.mat,31,Normal,3,1725.0,12000,0.014160380408653845,0.0641269575816122,0.06567178284462573,0.21028430769230766,0.3911538461538461,0.05307703034855769,2.764389744241603,-0.07174821383942126,3.2020496259378826
100.mat,32,Normal,3,1725.0,12000,0.01378985381610577,0.06489324145877264,0.06634224035481569,0.2138307692307692,0.4134756923076923,0.05371056715745192,2.7642454461441317,-0.13883786378911459,3.223146642126437
100.mat,33,Normal,3,1725.0,12000,0.01345691466346154,0.06531086601123934,0.06668281466313299,0.22175815384615383,0.4399698461538461,0.05368617097355769,2.880685727721441,-0.1677706685874049,3.3255667890809284
100.mat,34,Normal,3,1725.0,12000,0.013494451171875001,0.06463333859006201,0.06602702984178312,0.22175815384615383,0.4399698461538461,0.05305619936899038,2.9034365973520915,-0.14070459206449606,3.3585965380775193
100.mat,35,Normal,3,1725.0,12000,0.01480731219951923,0.06395929514048397,0.06565095528201831,0.24282830769230768,0.45311261538461534,0.052582689302884615,2.9653576983524235,-0.051747478509816675,3.6987779789217776
100.mat,36,Normal,3,1725.0,12000,0.015037828125,0.06423849910528853,0.06597515473280223,0.24282830769230768,0.45311261538461534,0.053051768329326926,2.964707188890544,-0.12542435867544088,3.680602321824881
100.mat,37,Normal,3,1725.0,12000,0.014169497145432693,0.0632724411529838,0.06483962105697583,0.2075723076923077,0.4093033846153846,0.052340408203124994,2.8977443590365595,-0.2109316550147346,3.201318951415677
100.mat,38,Normal,3,1725.0,12000,0.014100332181490385,0.06308148881978343,0.0646381744741359,0.24303692307692307,0.444768,0.05198052629206731,2.9302309973826057,-0.08769684873251973,3.7599595758102824
100.mat,39,Normal,3,1725.0,12000,0.013950542668269231,0.06563277699767457,0.06709902426388688,0.24303692307692307,0.43892676923076923,0.05407375961538462,2.8964530499941263,-0.10827604292854039,3.6220634464237222
100.mat,40,Normal,3,1725.0,12000,0.014375005709134615,0.06664095355378136,0.06817373012894994,0.22321846153846153,0.436632,0.054755528545673074,2.915847148495327,-0.0945916426987545,3.2742591774903036
100.mat,41,Normal,3,1725.0,12000,0.013812823918269232,0.06585103979070615,0.06728412551348405,0.241368,0.4710535384615384,0.05350342878605768,3.100886688622755,-0.040376451556810036,3.5872948954598325
100.mat,42,Normal,3,1725.0,12000,0.012493341796875,0.0645529881087052,0.06575083165265805,0.241368,0.4710535384615384,0.052567664513221146,3.07450861535898,-0.10890261021058635,3.6709497649409952
100.mat,43,Normal,3,1725.0,12000,0.013008310096153847,0.06386653007851002,0.0651778320890387,0.2207150769230769,0.4063827692307692,0.052615183593749996,2.8838336644223896,-0.18642476079766895,3.3863519213336297
100.mat,44,Normal,3,1725.0,12000,0.01299598467548077,0.06368763099525136,0.0650000766112828,0.2207150769230769,0.41264123076923076,0.05216678275240384,2.9178384859172297,-0.18613986613404654,3.3956125658591128
100.mat,45,Normal,3,1725.0,12000,0.011984026893028845,0.0653360569786974,0.06642602834805368,0.20694646153846152,0.4113895384615385,0.05344439918870192,2.8681911123756816,-0.11469446926721583,3.115442345192164
100.mat,46,Normal,3,1725.0,12000,0.012568211087740384,0.06559612627290724,0.06678930836561488,0.2154996923076923,0.42411507692307693,0.05400148783052884,2.820685163023245,-0.1078355700655349,3.2265597231223606
100.mat,47,Normal,3,1725.0,12000,0.01227805438701923,0.06385845005076464,0.06502808825743384,0.2154996923076923,0.42411507692307693,0.05235044170673077,2.9345124935457303,-0.15914860024707703,3.3139478351965383
100.mat,48,Normal,3,1725.0,12000,0.011421590444711537,0.06408888102904858,0.06509867433244912,0.2238443076923077,0.44351630769230765,0.05235910006009615,3.0671429164679793,-0.15513101671542393,3.438538649023305
100.mat,49,Normal,3,1725.0,12000,0.011143147986778845,0.06465431595943784,0.0656075477307152,0.22426153846153846,0.44393353846153844,0.05273614588341346,2.989837621293438,-0.08385420509327622,3.4182277225482536
100.mat,50,Normal,3,1725.0,12000,0.009475650991586537,0.06533626619053512,0.06601981249166661,0.23677846153846152,0.442056,0.05310957557091346,2.8845117958333337,-0.07631121210342358,3.586475826000703
100.mat,51,Normal,3,1725.0,12000,0.009805126802884614,0.06557869361030003,0.06630765843591714,0.2497126153846154,0.4864910769230769,0.05299421574519231,3.050511958778036,-0.12103456773675612,3.7659694411611517
100.mat,52,Normal,3,1725.0,12000,0.010449359224759616,0.06601936793728926,0.06684120025139617,0.2497126153846154,0.4758516923076923,0.053520592698317306,3.015516395303678,-0.16416987833959087,3.735908607945732
100.mat,53,Normal,3,1725.0,12000,0.009571453125,0.06440542844653381,0.0651127631751691,0.222384,0.41556184615384617,0.052560890624999995,2.8248564379757664,-0.15027306482033947,3.4153672668096293
100.mat,54,Normal,3,1725.0,12000,0.010026322265624998,0.06359938744215472,0.06438485242035953,0.22551323076923077,0.42933046153846155,0.051931326472355765,2.818773104054159,-0.07699525482990094,3.502582087117122
100.mat,55,Normal,3,1725.0,12000,0.009405110877403845,0.06353621951320951,0.06422855518106416,0.2330233846153846,0.4585366153846154,0.05167081189903846,2.9390504240478097,-0.1240388693283439,3.6280340412216603
100.mat,56,Normal,3,1725.0,12000,0.008760674729567307,0.06354139866783284,0.0641424879965047,0.2330233846153846,0.4516523076923077,0.05146357166466346,2.9752775851198816,-0.14789090864211588,3.632902182217857
100.mat,57,Normal,3,1725.0,12000,0.009702092397836539,0.06442665469539641,0.06515308459417714,0.21862892307692305,0.42682707692307686,0.05215939768629808,2.944066148565769,-0.12352889591564477,3.3556189156462803
100.mat,58,Normal,3,1725.0,12000,0.009157889423076923,0.06590057184899513,0.0665338433333734,0.21049292307692305,0.4186910769230769,0.05347633323317308,2.816703959958957,-0.12815106969321566,3.163697037945495
100.mat,59,Normal,3,1725.0,12000,0.009409592848557692,0.06675381672953146,0.06741374107357863,0.21049292307692305,0.41577046153846153,0.054339520132211536,2.7368752094576876,-0.11728915634228385,3.1224038263531595
100.mat,60,Normal,3,1725.0,12000,0.009945697716346154,0.06295468675784402,0.06373546491430965,0.2221753846153846,0.42745292307692306,0.0510542352764423,2.918114315720252,-0.1437110283550901,3.485898862024346
100.mat,61,Normal,3,1725.0,12000,0.008480602463942308,0.061756724824190146,0.06233629503878272,0.2221753846153846,0.4307907692307692,0.05001900180288461,2.909286286077359,-0.1345962224871631,3.564141636540277
100.mat,62,Normal,3,1725.0,12000,0.00792886162860577,0.06565591772494712,0.06613294473279262,0.2422024615384615,0.47209661538461534,0.052878041015625,2.9710664661452464,-0.06069599006977954,3.6623571280104095
100.mat,63,Normal,3,1725.0,12000,0.007302455228365385,0.06714086360181852,0.06753681527552421,0.2422024615384615,0.47209661538461534,0.053994408353365386,2.955008513793125,-0.04890191864114312,3.58622864507852
100.mat,64,Normal,3,1725.0,12000,0.006784380108173077,0.06678643948297014,0.06713014458694848,0.241368,0.4516523076923077,0.053858625,2.893376740456915,-0.09124627232104822,3.595523314974761
100.mat,65,Normal,3,1725.0,12000,0.007917554837740384,0.06693996961384413,0.06740658132935538,0.26160369230769226,0.5029716923076922,0.05389341120793269,3.029532575655704,-0.1369360344130622,3.8809814583159192
100.mat,66,Normal,3,1725.0,12000,0.008108598858173078,0.0653322116213129,0.06583348122934696,0.26160369230769226,0.49692184615384605,0.052757486177884616,3.0351983288075504,-0.15629081461145639,3.9737180447184937
100.mat,67,Normal,3,1725.0,12000,0.0074387478966346145,0.062064113358799924,0.06250831254548193,0.2236356923076923,0.4362147692307692,0.04980783984375001,3.0278148567730345,-0.03731567163588528,3.5776952408525156
100.mat,68,Normal,3,1725.0,12000,0.007921120042067306,0.06236284971324458,0.06286389398595643,0.2236356923076923,0.44601969230769234,0.05011072941706731,2.9966086584367155,-0.04724587928227534,3.5574584730250995
100.mat,69,Normal,3,1725.0,12000,0.007932223106971153,0.06368522512603017,0.06417731735412373,0.222384,0.4324596923076923,0.051331862830528846,2.981984788794439,-0.11066694413466856,3.465149513385054
100.mat,70,Normal,3,1725.0,12000,0.008731694711538462,0.06370419287859355,0.06429981868441433,0.22175815384615383,0.44163876923076917,0.051421247596153845,2.975572346075121,-0.037543214593679444,3.4488146060652256
100.mat,71,Normal,3,1725.0,12000,0.010154465895432691,0.0637896002254446,0.06459277261848687,0.21988061538461537,0.42035999999999996,0.052170297025240384,2.805416250598154,-0.05549807180472407,3.4041055441810237
100.mat,72,Normal,3,1725.0,12000,0.010318057842548077,0.06464159577587113,0.06545989781609261,0.20047938461538461,0.40054153846153845,0.052975320162259615,2.784687029467712,-0.08980552310599019,3.0626290492940385
100.mat,73,Normal,3,1725.0,12000,0.01138950360576923,0.06338707788353432,0.06440219278098437,0.19881046153846152,0.38781599999999994,0.05202091496394231,2.853649753228927,-0.11197104464204526,3.087013857036915
100.mat,74,Normal,3,1725.0,12000,0.011766396634615383,0.0646772596255093,0.06573884698128363,0.23218892307692307,0.45874523076923074,0.052960397235576925,2.889295051618858,-0.16029424570350131,3.531989588181081
100.mat,75,Normal,3,1725.0,12000,0.012315896484374998,0.0667731414797791,0.06789943835770983,0.23218892307692307,0.45874523076923074,0.05485459029447115,2.8420738996334554,-0.15522194885513105,3.419600054034299
100.mat,76,Normal,3,1725.0,12000,0.014084645282451923,0.06487235659727306,0.0663837320675499,0.22342707692307692,0.42348923076923073,0.05369447280649038,2.8367554629599305,-0.12863228040115024,3.3656902069881354
100.mat,77,Normal,3,1725.0,12000,0.014143216496394231,0.06357006803893905,0.06512437426447351,0.20006215384615383,0.3982467692307692,0.05253252178485577,2.8773711494590066,-0.1764191476523675,3.0720011686206905
100.mat,78,Normal,3,1725.0,12000,0.013504230018028845,0.06400278026448263,0.06541192635875724,0.19964492307692308,0.39616061538461533,0.05273390489783654,2.832303976458909,-0.14320077863736372,3.0521180798430185
100.mat,79,Normal,3,1725.0,12000,0.013317973557692308,0.06517004601008493,0.06651694007273619,0.23114584615384615,0.42912184615384613,0.05366539092548077,2.803649254181026,-0.0979487279557235,3.4749921734386526
100.mat,80,Normal,3,1725.0,12000,0.013286803485576922,0.06389988908263061,0.06526664516915845,0.23114584615384615,0.4395526153846154,0.05251209825721154,2.8924199950536487,-0.1346526296204174,3.5415616285280342
100.mat,81,Normal,3,1725.0,12000,0.013687838040865385,0.06405967723305546,0.06550571850942638,0.20840676923076923,0.4147273846153846,0.05265816977163461,2.9344134311719854,-0.1847884154258004,3.1815049735051626
100.mat,82,Normal,3,1725.0,12000,0.013825556790865383,0.06453443857606479,0.06599878622297023,0.20632061538461538,0.40972061538461535,0.05305074969951923,2.9246665408911894,-0.20928351717760837,3.1261274213071437
100.mat,83,Normal,3,1725.0,12000,0.013124841346153845,0.06340964667116128,0.06475372384136084,0.22864246153846152,0.4428904615384615,0.05209099669471154,2.94214707162399,-0.17976817222652325,3.530954638201336
100.mat,84,Normal,3,1725.0,12000,0.01298253876201923,0.06183450602944346,0.06318269105231757,0.22864246153846152,0.4428904615384615,0.05109253575721154,2.8998870944150212,-0.16241165256239753,3.618751555693271
100.mat,85,Normal,3,1725.0,12000,0.012667629356971154,0.06300980979946598,0.06427056063619235,0.21883753846153844,0.4118067692307692,0.052049894981971156,2.838054097060989,-0.16443760006304764,3.4049421118369017
100.mat,86,Normal,3,1725.0,12000,0.012138705829326923,0.06457250036077239,0.06570354619084791,0.25555384615384613,0.4520695384615384,0.052851913161057695,2.957171348998211,-0.1639943245126509,3.8894985273936884
100.mat,87,Normal,3,1725.0,12000,0.012162592698317307,0.065534834791024,0.06665390635388124,0.2586830769230769,0.514236923076923,0.05297847791466346,3.121137183491256,-0.1410161091704046,3.8809889933482324
100.mat,88,Normal,3,1725.0,12000,0.011436309645432692,0.0669040102136513,0.06787441168050427,0.2586830769230769,0.4998424615384615,0.054023897686298075,3.0503833609538664,-0.10962020845697472,3.8112017550993973
100.mat,89,Normal,3,1725.0,12000,0.011257845703124998,0.06491992715991514,0.06588881568463692,0.23928184615384615,0.46124861538461537,0.053016574669471156,2.9729627785407744,-0.12730062243972817,3.6316003507957832
100.mat,90,Normal,3,1725.0,12000,0.011704463942307692,0.06353964552247267,0.06460867611473138,0.2426196923076923,0.4372578461538461,0.05205870612980769,2.957412699860817,-0.11351343797070018,3.755218445845429
100.mat,91,Normal,3,1725.0,12000,0.011760896033653847,0.06264069138369838,0.0637351935161584,0.2426196923076923,0.43934399999999996,0.051355953425480765,2.872960701660294,-0.06262526231572431,3.806683229826271
100.mat,92,Normal,3,1725.0,12000,0.011903657001201922,0.06362616869522521,0.0647301042238889,0.2751636923076923,0.47355692307692304,0.05210418795072115,2.9976408737525326,-0.04284990998453285,4.250938502369072
100.mat,93,Normal,3,1725.0,12000,0.011497529296875,0.06655441633373228,0.06754023625555561,0.2751636923076923,0.4902461538461538,0.05452516541466346,2.953999104240106,-0.1201972039252855,4.074070621644566
100.mat,94,Normal,3,1725.0,12000,0.011656588341346153,0.06521407299256923,0.06624765179264662,0.21508246153846153,0.4255753846153846,0.053551711838942306,2.832419739412566,-0.15821758471409025,3.2466427974181467
100.mat,95,Normal,3,1725.0,12000,0.012006436748798078,0.06402613361035411,0.06514215461967622,0.21049292307692305,0.4076344615384615,0.052595065655048075,2.786738943971097,-0.10225847957559867,3.231285859453957
100.mat,96,Normal,3,1725.0,12000,0.011509956580528845,0.06390118992302567,0.06492950927016355,0.20652923076923077,0.4026276923076923,0.052498397686298076,2.803655040974962,-0.11505359656179129,3.180822296221099
100.mat,97,Normal,3,1725.0,12000,0.011665246694711537,0.06286527848597359,0.0639384173996158,0.20652923076923077,0.3988726153846154,0.05144650961538461,2.9015136130354175,-0.13758949199310766,3.2301273501722894
100.mat,98,Normal,3,1725.0,12000,0.012075805438701924,0.06369013450981106,0.0648248278892525,0.200688,0.3930313846153846,0.05201352989783654,2.8374310490249846,-0.13195098760161472,3.0958508727991956
100.mat,99,Normal,3,1725.0,12000,0.013059139723557694,0.06462307153140182,0.06592937512575163,0.20298276923076922,0.40033292307692303,0.05296966676682692,2.8262877758814318,-0.10148244680776894,3.078791037282034
100.mat,100,Normal,3,1725.0,12000,0.013266532752403847,0.06407125458431318,0.06543031831863938,0.22843384615384613,0.4326683076923077,0.05285099639423077,2.8909456092519794,-0.10065462623774121,3.49125377995863
100.mat,101,Normal,3,1725.0,12000,0.013700825570913462,0.06333408890947266,0.06479906974114354,0.22843384615384613,0.4326683076923077,0.05241762034254807,2.9634450766419973,-0.14964149434316976,3.525264283366776
100.mat,102,Normal,3,1725.0,12000,0.015238141676682693,0.06380324500923397,0.06559767553402325,0.21487384615384614,0.4163963076923077,0.05296666180889423,2.941383261582454,-0.19342440547301137,3.275632015991153
100.mat,103,Normal,3,1725.0,12000,0.015108317307692307,0.06346039914011163,0.06523406710371657,0.2292683076923077,0.4549901538461538,0.05258818990384616,2.990491824743488,-0.18768920406785228,3.5145487300031553
100.mat,104,Normal,3,1725.0,12000,0.015563492037259615,0.06304298485258646,0.06493566218586894,0.2292683076923077,0.4549901538461538,0.05223090549879807,2.9801595269003323,-0.12655760907383376,3.530699464279895
100.mat,105,Normal,3,1725.0,12000,0.01538533368389423,0.06533131512099424,0.06711847158572237,0.2221753846153846,0.4224461538461538,0.05392529432091346,2.9084984045618256,-0.13331445180766296,3.3101973177626167
100.mat,106,Normal,3,1725.0,12000,0.014001066706730767,0.0652126193090713,0.06669869253648218,0.23281476923076924,0.4549901538461538,0.053893258413461535,2.951468601177674,-0.2560607247876344,3.490544722498519
100.mat,107,Normal,3,1725.0,12000,0.0134037421875,0.06479621848870311,0.06616804542273196,0.23281476923076924,0.4466455384615384,0.053612524038461534,2.9602855295795103,-0.281515426444683,3.518537803910798
100.mat,108,Normal,3,1725.0,12000,0.013170832481971154,0.0652128445065709,0.06652958677841267,0.2138307692307692,0.41514461538461533,0.05390105093149038,2.8851160330865593,-0.17071304321425473,3.2140703044341232
100.mat,109,Normal,3,1725.0,12000,0.013930221003605768,0.06458500657788337,0.06607022121859846,0.2154996923076923,0.42348923076923073,0.05344582527043269,2.9462538145585944,-0.19131293412121775,3.2616765667348813
100.mat,110,Normal,3,1725.0,12000,0.013348074068509614,0.06433370372862256,0.06570385465694234,0.24992123076923078,0.4704276923076923,0.05259588055889423,3.131051167273163,-0.18312446269567687,3.8037529468269002
100.mat,111,Normal,3,1725.0,12000,0.012263691706730768,0.0646719055394958,0.06582441416668441,0.27140861538461536,0.4919150769230769,0.052778368088942304,3.052715906776537,-0.10981609499482829,4.1232211303444135
100.mat,112,Normal,3,1725.0,12000,0.01248509089543269,0.06556782061814329,0.06674591070080797,0.27140861538461536,0.4904547692307692,0.05364313386418269,2.9828481276135097,-0.12984318019452415,4.066295785538363
100.mat,113,Normal,3,1725.0,12000,0.011354259014423076,0.06282699959126746,0.06384474195583947,0.22551323076923077,0.4445593846153846,0.050726338341346155,3.067120699966591,-0.05742742225290742,3.5322130509230525
100.mat,114,Normal,3,1725.0,12000,0.010574192307692309,0.061188776080496214,0.06209573142486659,0.22989415384615383,0.4243236923076923,0.04939223888221154,3.0399191346278043,-0.05735490083969759,3.702253739040288
100.mat,115,Normal,3,1725.0,12000,0.012037097506009616,0.06464330510227242,0.06575445696616058,0.22989415384615383,0.44309907692307693,0.05275203650841346,2.9673858711082515,-0.10895326857593272,3.496252032990934
100.mat,116,Normal,3,1725.0,12000,0.012401766977163463,0.06542382856384998,0.06658889673292309,0.21862892307692305,0.4372578461538461,0.053431768179086535,2.967822392268459,-0.13128282624524582,3.2832639344334993
100.mat,117,Normal,3,1725.0,12000,0.011209868239182692,0.06434586718499048,0.06531501948042481,0.22864246153846152,0.44727138461538457,0.05232553620793269,3.006585800130402,-0.1410612115083943,3.5006107838180562
100.mat,118,Normal,3,1725.0,12000,0.011018824218749999,0.06430965828085529,0.06524681321998868,0.22864246153846152,0.4345458461538461,0.05262659224759615,2.951894566991494,-0.12661546566600743,3.5042701743541365
100.mat,119,Normal,3,1725.0,12000,0.010923073016826922,0.06575071518697798,0.06665185722641215,0.22843384615384613,0.4297476923076923,0.053700024338942304,2.9175990239815808,-0.12928019333069418,3.42726903134703
100.mat,120,Normal,3,1725.0,12000,0.01142194696514423,0.06565266184446797,0.06663882411731638,0.22843384615384613,0.43099938461538456,0.05334294365985577,2.8808487550879076,-0.11586198669179616,3.4279393308575297
100.mat,121,Normal,3,1725.0,12000,0.012242096754807693,0.06362325989482384,0.06479033980925221,0.21508246153846153,0.41952553846153845,0.05205728004807692,2.919002447808442,-0.18997989630025996,3.319668675479724
100.mat,122,Normal,3,1725.0,12000,0.011359657752403846,0.06471972090589494,0.06570908687836624,0.21800307692307694,0.43308553846153847,0.05298739092548077,2.902358363204923,-0.1604271825242724,3.317700599410571
100.mat,123,Normal,3,1725.0,12000,0.011992634314903848,0.0659162148246511,0.06699828844545629,0.22488738461538463,0.44685415384615385,0.053832140625,2.9203789513127387,-0.055106453501535944,3.356613875270363
100.mat,124,Normal,3,1725.0,12000,0.012285541316105769,0.06521925475961446,0.06636629955654627,0.24032492307692307,0.463752,0.053115279897836536,3.1030380036129066,-0.08534111633978889,3.6211891379021113
100.mat,125,Normal,3,1725.0,12000,0.012196258413461537,0.06494846730241628,0.06608367517186804,0.24032492307692307,0.463752,0.0531991640625,3.0624803249248242,-0.1831375115131479,3.636676114817989
100.mat,126,Normal,3,1725.0,12000,0.013663747445913461,0.06383431334131745,0.0652802998922585,0.23531815384615382,0.4391353846153846,0.052582740234374994,3.014938305965771,-0.22003137956683236,3.6047345712953724
100.mat,127,Normal,3,1725.0,12000,0.013152140625,0.0643043598744143,0.06563558106604953,0.21362215384615382,0.41535323076923075,0.052655317608173074,2.975932802998173,-0.17567238137828695,3.254669957613149
100.mat,128,Normal,3,1725.0,12000,0.013309569861778845,0.06554156375330106,0.06687930344384276,0.22300984615384614,0.43663199999999996,0.05392447941706731,2.8680338718242675,-0.1229129346356023,3.334512093731705
100.mat,129,Normal,3,1725.0,12000,0.013685495192307691,0.06769978897077916,0.06906919867311845,0.2540935384615385,0.46542092307692307,0.055393496394230766,3.0036167964632674,-0.09808759458693583,3.6788256320169386
100.mat,130,Normal,3,1725.0,12000,0.012931148888221153,0.06539914070635995,0.06666529994457095,0.2540935384615385,0.46542092307692307,0.052973282902644234,3.199964663677288,-0.13030649873640654,3.811481215456996
100.mat,131,Normal,3,1725.0,12000,0.013781348257211539,0.0629269185409843,0.06441834084210972,0.21341353846153846,0.40784307692307686,0.051552243389423075,3.0406335616887974,-0.10302103031053868,3.3129313122891215
100.mat,132,Normal,3,1725.0,12000,0.013186774038461538,0.06418344493586217,0.06552408422386607,0.21341353846153846,0.4053396923076923,0.05284447716346154,2.7996876114966893,-0.07364986261927607,3.2570243596598956
100.mat,133,Normal,3,1725.0,12000,0.011606115234374999,0.06500822982026046,0.06603614052318164,0.22530461538461538,0.41556184615384617,0.053299550030048076,2.833399840584718,-0.16734326631262486,3.411838026868384
100.mat,134,Normal,3,1725.0,12000,0.011447972956730768,0.06586417909446336,0.06685167292301356,0.22530461538461538,0.42515815384615385,0.05379944260817307,2.913546771135371,-0.19081099262749535,3.3702165635267853
100.mat,135,Normal,3,1725.0,12000,0.011677266526442309,0.064938280169427,0.06597983619934629,0.23177169230769232,0.4307907692307692,0.05305482421875,2.868419425210799,-0.14907585713229263,3.512765500166377
100.mat,136,Normal,3,1725.0,12000,0.012527975210336538,0.06496909855203936,0.06616595748219328,0.23177169230769232,0.44685415384615385,0.0533709559795673,2.8732619822676755,-0.13031352602407056,3.5028842795793773
100.mat,137,Normal,3,1725.0,12000,0.013666243088942306,0.06510016901122398,0.06651915668028265,0.23510953846153848,0.45019200000000004,0.05354743359375,2.902806330777719,-0.10447453514467807,3.5344636071014524
100.mat,138,Normal,3,1725.0,12000,0.012398914813701922,0.06565090287214395,0.06681148207071233,0.24178523076923078,0.4466455384615384,0.05386886222956731,2.9113621663470113,-0.09015041005106617,3.618917336893211
100.mat,139,Normal,3,1725.0,12000,0.010830530498798077,0.06414627570388814,0.06505417033184441,0.24178523076923078,0.4466455384615384,0.05234091751802884,2.9981399328999,-0.12545472923486262,3.7166753420399163
100.mat,140,Normal,3,1725.0,12000,0.01068634344951923,0.06219005990181593,0.06310151731069973,0.21675138461538462,0.4234892307692308,0.050391412860576926,3.0872277406844235,-0.12667802968702907,3.434963117418279
100.mat,141,Normal,3,1725.0,12000,0.009995355919471153,0.0637030574967082,0.06448245245325132,0.20819815384615384,0.41493599999999997,0.05159843825120192,2.9540046157859208,-0.1100976462446706,3.228756753584922
100.mat,142,Normal,3,1725.0,12000,0.010127013822115385,0.06577359962897875,0.06654865000213385,0.2157083076923077,0.4243236923076923,0.053579520432692304,2.8413323327597895,-0.1191573463041174,3.241362637489883
100.mat,143,Normal,3,1725.0,12000,0.010011755859375,0.06580964948943767,0.06656684776456201,0.23844738461538462,0.4535298461538462,0.053274186147836536,3.0081927863550906,-0.11851555675920689,3.5820741498642232
100.mat,144,Normal,3,1725.0,12000,0.009297136117788462,0.06275011051169362,0.06343510943651354,0.23844738461538462,0.4535298461538462,0.05065656219951923,3.1235216112478668,-0.12870760745083615,3.758918156419751
100.mat,145,Normal,3,1725.0,12000,0.009607614483173077,0.06150591944262641,0.062251782163566416,0.21466523076923077,0.41952553846153845,0.05034109254807692,2.868321119450802,-0.14398331217068477,3.448338719126119
100.mat,146,Normal,3,1725.0,12000,0.009316897536057692,0.06389442488414901,0.06457013327362394,0.23385784615384617,0.44059569230769235,0.05209415444711538,2.8172607681927033,-0.08797859426896361,3.621764960014014
100.mat,147,Normal,3,1725.0,12000,0.0098866171875,0.06571965951380446,0.06645915171007345,0.2371956923076923,0.44956615384615384,0.05297200961538461,2.9339032469044484,0.0007638669049626178,3.569044837383016
100.mat,148,Normal,3,1725.0,12000,0.011582941406249998,0.06558859084513843,0.0666035117743171,0.2371956923076923,0.44956615384615384,0.053211387620192306,2.9214754811698795,-0.027948425200891563,3.5613090960041096
100.mat,149,Normal,3,1725.0,12000,0.011594910306490383,0.06488668915342034,0.0659145232426675,0.23844738461538462,0.442056,0.05276935321514423,2.9789163743299523,-0.12210846897073117,3.6175242250866178
100.mat,150,Normal,3,1725.0,12000,0.011338623046875,0.064822514255323,0.06580670730997469,0.23844738461538462,0.46104,0.05270701307091346,2.9848373226749616,-0.13583627632328296,3.6234510791157883
100.mat,151,Normal,3,1725.0,12000,0.011678743539663462,0.06655490975433946,0.0675718067175468,0.2292683076923077,0.45186092307692305,0.05427142472956731,2.9757854107143173,-0.14806568965522082,3.3929580816250713
100.mat,152,Normal,3,1725.0,12000,0.011973738731971155,0.06736643305654626,0.06842226773488025,0.23531815384615382,0.47021907692307685,0.05486192442908654,3.046318977633137,-0.18404690147267116,3.4392042479204985
100.mat,153,Normal,3,1725.0,12000,0.012271586087740385,0.06622948352513756,0.06735678372009231,0.23531815384615382,0.47021907692307685,0.05421081625600961,2.9856279201258706,-0.1993626262727279,3.4936073376668544
100.mat,154,Normal,3,1725.0,12000,0.012168653545673078,0.06527625803609972,0.0664007981300684,0.20444307692307692,0.4034621538461538,0.0533358641826923,2.8866959864438977,-0.1586493378150043,3.078924993079241
100.mat,155,Normal,3,1725.0,12000,0.01088818494591346,0.06512614132801181,0.06603004509836854,0.2225926153846154,0.4201513846153846,0.05297725555889422,2.8481226254508893,-0.16088813541990094,3.371080771685179
100.mat,156,Normal,3,1725.0,12000,0.010229080528846152,0.06496369902957214,0.06576409567591157,0.2225926153846154,0.42223753846153844,0.052620480468749994,3.028738235076782,-0.23982454420916471,3.384713392571561
100.mat,157,Normal,3,1725.0,12000,0.010303185847355768,0.06368052849129495,0.06450864552550906,0.241368,0.4410129230769231,0.05176335441706731,3.046161876521559,-0.2579887145423818,3.7416380088860235
100.mat,158,Normal,3,1725.0,12000,0.009854224759615386,0.065307363911101,0.06604663145558592,0.2422024615384615,0.4835704615384615,0.053185208834134606,2.890375463284109,-0.15610920191731895,3.6671432925588987
100.mat,159,Normal,3,1725.0,12000,0.010454350510817308,0.06811103980746101,0.06890868732066055,0.28663753846153844,0.5392707692307692,0.05530156505408654,2.976026270257935,-0.07854110535705848,4.159672018241992
100.mat,160,Normal,3,1725.0,12000,0.010636685246394231,0.06750458786652176,0.06833746012297953,0.28663753846153844,0.5392707692307692,0.05495859239783654,2.9990089701353035,-0.12415670695623958,4.19444237385627
100.mat,161,Normal,3,1725.0,12000,0.011528139122596153,0.06444889484825402,0.06547181102422045,0.24199384615384617,0.44873169230769233,0.05283021634615385,2.901759928913399,-0.179015864923501,3.6961532355401574
100.mat,162,Normal,3,1725.0,12000,0.013518541766826922,0.0639580847620949,0.06537115249050425,0.21883753846153844,0.4236978461538461,0.05242235697115385,3.028045076125629,-0.15055317514518923,3.347616343360729
100.mat,163,Normal,3,1725.0,12000,0.013186519381009615,0.06539492985169804,0.06671117705223202,0.21883753846153844,0.4236978461538461,0.05319116781850962,3.0595664848783297,-0.12346046896064412,3.2803729169730875
100.mat,164,Normal,3,1725.0,12000,0.01180597040264423,0.06622025385240321,0.06726442564554337,0.20986707692307693,0.40909476923076926,0.05408959930889423,2.9103670345375408,-0.16009815486179765,3.120030757848027
100.mat,165,Normal,3,1725.0,12000,0.011940073016826923,0.06635478601661715,0.0674204937015312,0.21091015384615383,0.4207772307692308,0.0546653798076923,2.8686989859976344,-0.17479595151163452,3.1282795818708724
100.mat,166,Normal,3,1725.0,12000,0.012569891826923077,0.0652437308191371,0.06644355944514539,0.22634769230769228,0.4214030769230769,0.053363367187499997,2.9447210041635015,-0.0972796255846254,3.406615994053733
100.mat,167,Normal,3,1725.0,12000,0.012161115685096154,0.06355848343461772,0.06471146383149486,0.22634769230769228,0.4086775384615384,0.05203161057692308,2.8536196527968447,-0.05043422101442115,3.4977989819097495
100.mat,168,Normal,3,1725.0,12000,0.01247989588341346,0.06261869268309901,0.06385020340297468,0.19985353846153847,0.39073661538461535,0.051734323467548075,2.761177370091238,-0.10079556888840184,3.130037616328527
100.mat,169,Normal,3,1725.0,12000,0.013274478064903845,0.06450801933009367,0.06585967146735058,0.23344061538461539,0.4243236923076923,0.05279548106971153,2.933899485066108,-0.08788907421241964,3.544515333641495
100.mat,170,Normal,3,1725.0,12000,0.013926503004807692,0.06410495791544459,0.06560025240259247,0.23344061538461539,0.4303735384615385,0.05240901292067308,3.000768858132956,-0.08623830767509973,3.5585322744183525
100.mat,171,Normal,3,1725.0,12000,0.01429616376201923,0.06369573868339723,0.06528037549473883,0.2411593846153846,0.43809230769230767,0.05249824489182692,2.965975042266141,-0.11890591476456028,3.6942095199011296
100.mat,172,Normal,3,1725.0,12000,0.013504535606971152,0.06560144831482037,0.06697702966661033,0.2411593846153846,0.4226547692307692,0.0539337489483173,2.8747699087053658,-0.08025206256928881,3.600628242485474
100.mat,173,Normal,3,1725.0,12000,0.013269181189903846,0.06541415726571569,0.066746409193561,0.2127876923076923,0.42035999999999996,0.05396690534855769,2.819339664237685,-0.13772605906518479,3.188002094474018
100.mat,174,Normal,3,1725.0,12000,0.012644659254807691,0.06525449010560577,0.06646830738489432,0.22968553846153844,0.44059569230769224,0.05392106700721154,2.885852039161886,-0.20592577977830906,3.4555647269835115
100.mat,175,Normal,3,1725.0,12000,0.01165587530048077,0.06496312773116418,0.06600051055587304,0.22968553846153844,0.4376750769230769,0.05323379747596153,2.9821589891491267,-0.18623520368156468,3.480056995424256
100.mat,176,Normal,3,1725.0,12000,0.012669462890625,0.06401304721572013,0.06525477380068785,0.20798953846153845,0.40554830769230765,0.052538837289663465,2.94822073598565,-0.1486752122851762,3.1873459418741565
100.mat,177,Normal,3,1725.0,12000,0.013037901292067307,0.06384930454917707,0.06516686705309113,0.20924123076923076,0.4078430769230769,0.05246386613581731,2.8727508097837013,-0.11957396782073693,3.2108530029341895
100.mat,178,Normal,3,1725.0,12000,0.01209653455528846,0.06450355568668699,0.06562800350820386,0.20924123076923076,0.4078430769230769,0.05287096153846153,2.8574324054637614,-0.13633744510183937,3.1882918812709953
100.mat,179,Normal,3,1725.0,12000,0.011858735426682691,0.0644789874360956,0.06556042576664854,0.20673784615384616,0.40095876923076923,0.05303776216947115,2.870922860923082,-0.1942662394936427,3.1533938917617044
100.mat,180,Normal,3,1725.0,12000,0.010622118840144232,0.06383323033607845,0.06471097823239107,0.22843384615384613,0.43517169230769226,0.05175388115985577,2.9971502802682535,-0.15748693624855806,3.530063250372927
100.mat,181,Normal,3,1725.0,12000,0.009208158804086538,0.06457483773604743,0.0652280603513406,0.22843384615384613,0.42870461538461535,0.05213953440504808,2.922917231348093,-0.10539070647110163,3.502079395331142
100.mat,182,Normal,3,1725.0,12000,0.009670107421875,0.06728192513825736,0.06797329201870886,0.28017046153846153,0.52884,0.054432062650240386,3.0836439573575407,-0.13635878781455757,4.12177273187457
100.mat,183,Normal,3,1725.0,12000,0.010695358323317306,0.06818723784234794,0.06902093953455778,0.28017046153846153,0.52884,0.055271617337740386,3.122770639263181,-0.08162615904805756,4.059209617078369
100.mat,184,Normal,3,1725.0,12000,0.012031393179086537,0.06526807791071265,0.06636773625782807,0.2517987692307692,0.45603323076923075,0.053489830078125,2.9181840043208656,-0.0617374767034842,3.793993639508377
100.mat,185,Normal,3,1725.0,12000,0.012246324068509614,0.0629708147753078,0.06415057261363363,0.22551323076923077,0.4297476923076923,0.051679623046875,2.926071805338629,-0.17295866231566784,3.5153736214866376
100.mat,186,Normal,3,1725.0,12000,0.011977151141826922,0.06503338152211198,0.06612709627433175,0.22947692307692308,0.43767507692307694,0.05310392217548077,2.9564677829762327,-0.17381046359157895,3.4702404310167494
100.mat,187,Normal,3,1725.0,12000,0.012526498197115384,0.06570355891529243,0.06688700031558928,0.22947692307692308,0.4472713846153846,0.05354824849759615,2.9778288918854336,-0.11579754383412598,3.430814986382924
100.mat,188,Normal,3,1725.0,12000,0.01188486328125,0.06473646593704686,0.06581838646785891,0.22280123076923075,0.4405956923076923,0.05261844320913461,2.953067042320109,-0.06853607942792515,3.3850910471351536
100.mat,189,Normal,3,1725.0,12000,0.011711543419471154,0.06547878220546972,0.06651790111223817,0.21862892307692305,0.4272443076923077,0.05318505603966346,2.9496146940123262,-0.09635091980443221,3.286768214589667
100.mat,190,Normal,3,1725.0,12000,0.011974146183894231,0.06569193561778212,0.06677432577004504,0.2837169230769231,0.5165316923076924,0.05335027779447115,3.142070924836472,-0.09737217397616314,4.2488923670150855
100.mat,191,Normal,3,1725.0,12000,0.011026158353365383,0.06343352362788221,0.06438468830306303,0.2837169230769231,0.5165316923076924,0.05144162019230769,3.1572359703296216,-0.06198089209972838,4.406589991419211
100.mat,192,Normal,3,1725.0,12000,0.011895609825721153,0.0639864887058689,0.06508284159463293,0.27182584615384614,0.48690830769230764,0.052060998046875,3.015298681142397,-0.058454912854960475,4.176613059505108
100.mat,193,Normal,3,1725.0,12000,0.012858011268028845,0.06478021771088151,0.06604396308852128,0.27182584615384614,0.45707630769230767,0.052966763671875,2.9750376452359304,-0.06889817652456577,4.115831840519737
100.mat,194,Normal,3,1725.0,12000,0.01305119441105769,0.06453417052963285,0.0658406625232687,0.22718215384615387,0.43287692307692305,0.052872082031249996,2.857192502381616,-0.03902447233301884,3.4504840191403843
100.mat,195,Normal,3,1725.0,12000,0.013723439152644231,0.06570437244962092,0.06712225667522535,0.21049292307692305,0.4061741538461538,0.053760072566105765,2.9055819393766904,-0.06699083495860843,3.135963144019492
100.mat,196,Normal,3,1725.0,12000,0.012513969050480769,0.0651740836652038,0.06636460353980408,0.23406646153846156,0.44122153846153844,0.05339922295673077,2.962203760357713,-0.16882075104295177,3.526977470724638
100.mat,197,Normal,3,1725.0,12000,0.01147348963341346,0.0635958908357636,0.06462258347948036,0.23406646153846156,0.44122153846153844,0.05216510201322115,2.932940079602899,-0.17474078512299326,3.622053606271944
100.mat,198,Normal,3,1725.0,12000,0.012553237229567308,0.06372204073060896,0.0649467646601059,0.2157083076923077,0.42515815384615385,0.05199753740985577,3.046911633595534,-0.15243876864009603,3.3213095189760597
100.mat,199,Normal,3,1725.0,12000,0.013075896183894231,0.06545499209028546,0.06674829623706745,0.233232,0.46500369230769234,0.05356938506610577,3.012422737154099,-0.1556982980046531,3.4942015474318406
100.mat,200,Normal,3,1725.0,12000,0.013282168719951923,0.06732648125406082,0.06862412902149413,0.23364923076923078,0.46542092307692307,0.05529555513822115,2.945571509309882,-0.14431261649331098,3.4047678870510434
100.mat,201,Normal,3,1725.0,12000,0.014342969801682691,0.06594052180952031,0.06748239177180819,0.30562153846153844,0.5640959999999999,0.05382108849158654,3.3259073274751088,-0.1541296966226715,4.528907918601909
100.mat,202,Normal,3,1725.0,12000,0.014578731670673077,0.06361738262299793,0.06526645990802937,0.30562153846153844,0.5640959999999999,0.052326096454326926,3.2216615678336424,-0.13068676295125775,4.682673748387868
100.mat,203,Normal,3,1725.0,12000,0.014277319110576923,0.06358896127315186,0.06517206331537811,0.2154996923076923,0.4124326153846154,0.05296528665865385,2.751841237889562,-0.1476535881678464,3.306626817457882
100.mat,204,Normal,3,1725.0,12000,0.01381679657451923,0.06346705948243236,0.0649536104225797,0.23469230769230767,0.450192,0.05256873407451923,2.842639771030086,-0.1404019827812211,3.6132295982537412
100.mat,205,Normal,3,1725.0,12000,0.014169344350961538,0.06404823672096928,0.06559685165007115,0.23469230769230767,0.4276615384615384,0.052553760216346154,2.9926389136243383,-0.08085317605231415,3.5777983514251956
100.mat,206,Normal,3,1725.0,12000,0.016906046123798077,0.06612466572515681,0.06825163597162867,0.23156307692307693,0.4456024615384615,0.05473204912860577,3.0112837315953835,-0.1124698761690915,3.3927842699526605
100.mat,207,Normal,3,1725.0,12000,0.017593824969951922,0.06597757442398879,0.06828310921411153,0.22676492307692306,0.4410129230769231,0.054788888671874994,3.020900948434751,-0.11912334985753892,3.3209519262790006
100.mat,208,Normal,3,1725.0,12000,0.016892396484375002,0.06507538084316895,0.06723212216544117,0.22676492307692306,0.4410129230769231,0.05421652058293269,2.9441795475920527,-0.16242624257830043,3.3728657637626283
100.mat,209,Normal,3,1725.0,12000,0.016761349759615386,0.06517460088913722,0.06729540435143015,0.21466523076923077,0.4113895384615385,0.05440135096153846,2.862297403169722,-0.1665335042763843,3.189894359623812
100.mat,210,Normal,3,1725.0,12000,0.015169587890624999,0.06315087534926701,0.06494728211518982,0.22634769230769228,0.4410129230769231,0.05241711102764423,2.91281038402583,-0.13454345044094954,3.485098759117346
100.mat,211,Normal,3,1725.0,12000,0.014964639573317305,0.062083612812132136,0.06386168974718749,0.22634769230769228,0.4466455384615384,0.05128082947716346,3.0620426869500035,-0.1393129817625673,3.544342362435857
100.mat,212,Normal,3,1725.0,12000,0.01380156805889423,0.06456590637464577,0.06602453746043067,0.22029784615384615,0.4362147692307692,0.05264996980168269,3.1137179866367255,-0.10827271595314397,3.3366056715788943
100.mat,213,Normal,3,1725.0,12000,0.011129294621394229,0.06725060136547494,0.06816527402415261,0.22300984615384614,0.4403870769230769,0.05436157346754808,3.032186153284073,-0.07486436589439618,3.2716049241557856
100.mat,214,Normal,3,1725.0,12000,0.011352832932692307,0.06390073129333393,0.06490138885586724,0.22300984615384614,0.4403870769230769,0.052070420372596155,3.001340565012042,-0.14494857010385964,3.436133649606568
100.mat,215,Normal,3,1725.0,12000,0.012116754356971154,0.06045562841210858,0.06165791711410733,0.19693292307692306,0.38301784615384615,0.05033839317908653,2.723841315597199,-0.2074191100221501,3.1939600345640744
100.mat,216,Normal,3,1725.0,12000,0.012633759915865385,0.06358408294849308,0.0648270583476728,0.2292683076923077,0.4236978461538461,0.05230765925480769,2.9003472185023784,-0.15031078594135536,3.5366143942969472
100.mat,217,Normal,3,1725.0,12000,0.013281506610576923,0.06608087881991254,0.06740238099250474,0.2292683076923077,0.4585366153846154,0.053923919170673074,2.9944613089830976,-0.13050529250076492,3.4014867771184925
100.mat,218,Normal,3,1725.0,12000,0.012848385216346153,0.06450059859554425,0.065767835769859,0.2292683076923077,0.44122153846153844,0.05304973106971154,2.837451427620121,-0.08651904190269269,3.486024817580814
100.mat,219,Normal,3,1725.0,12000,0.012467926983173077,0.06370406291928496,0.06491268624607945,0.22029784615384615,0.4282873846153846,0.0523675546875,2.9088272701215248,-0.16142363399130016,3.3937564271907106
100.mat,220,Normal,3,1725.0,12000,0.012527822415865385,0.06426663022654,0.0654763017828457,0.22029784615384615,0.4282873846153846,0.05301479206730769,2.890941970532616,-0.18829529862800945,3.3645432035008813
100.mat,221,Normal,3,1725.0,12000,0.012391122295673077,0.06315998698110373,0.0643639951152779,0.20715507692307691,0.41201538461538456,0.0521533368389423,2.733388624125654,-0.09115130022709153,3.2184931428208543
100.mat,222,Normal,3,1725.0,12000,0.01284405603966346,0.06419556459063935,0.06546785691208293,0.23969907692307693,0.44685415384615385,0.052693974609375,2.831144659364943,-0.11377576748990782,3.6613246290461268
100.mat,223,Normal,3,1725.0,12000,0.013085624098557692,0.066514645170787,0.06778961262792739,0.2670276923076923,0.531552,0.05389499008413461,3.169976050037926,-0.1111700683079956,3.93906502716442
100.mat,224,Normal,3,1725.0,12000,0.012302908954326924,0.06615088640684927,0.06728522379505275,0.2670276923076923,0.531552,0.05322585216346154,3.2900492002863384,-0.13206013905189354,3.9685933589378344
100.mat,225,Normal,3,1725.0,12000,0.012096534555288462,0.06555896311290396,0.06666561177013522,0.24199384615384617,0.48169292307692313,0.05367995733173077,2.9136961645221984,-0.15204040969220345,3.62996513087208
100.mat,226,Normal,3,1725.0,12000,0.01223038251201923,0.06792984112170937,0.06902206582833481,0.22989415384615383,0.45791076923076923,0.055947732872596155,2.8462048580998776,-0.17250309650079707,3.3307341802536734
100.mat,227,Normal,3,1725.0,12000,0.013097083683894232,0.06589593979975207,0.06718488284663059,0.22801661538461537,0.44768861538461535,0.05424789438100962,2.9815843096135803,-0.2350561519242564,3.3938678721094284
100.mat,228,Normal,3,1725.0,12000,0.014116019080528844,0.061037604094071135,0.06264863213372199,0.19442953846153843,0.3790541538461538,0.05033360561899038,2.978493618261226,-0.1995720890790054,3.10349215680453
100.mat,229,Normal,3,1725.0,12000,0.013771467548076923,0.06360339896280705,0.0650772285676775,0.2574313846153846,0.45603323076923075,0.0521268524639423,2.933153180599409,-0.09374626018840376,3.9557828487989024
100.mat,230,Normal,3,1725.0,12000,0.014379793269230768,0.06792473915786496,0.06943017099309066,0.2751636923076923,0.532595076923077,0.05552856670673077,2.957915773369794,0.043163486128473726,3.9631717504350545
100.mat,231,Normal,3,1725.0,12000,0.014748333533653846,0.06623883841697371,0.06786086542956737,0.306456,0.5816196923076923,0.054063165865384614,3.2618171659817015,-0.07509753778208132,4.515945944103379
100.mat,232,Normal,3,1725.0,12000,0.013904347806490384,0.0621189903537881,0.06365610615249627,0.306456,0.5173661538461538,0.051053369441105764,3.2227590821216348,-0.2442231536554812,4.814243574148972
100.mat,233,Normal,3,1725.0,12000,0.01445175946514423,0.0632612799837524,0.06489100782713347,0.21633415384615384,0.43058215384615384,0.05223936012620192,2.9598975077392677,-0.1717974470716758,3.333807889414472
100.mat,234,Normal,3,1725.0,12000,0.01525224969951923,0.0653162814802803,0.06707345039065525,0.23510953846153848,0.4514436923076923,0.0539701649639423,3.0148696620976914,-0.20738875602603993,3.5052548674951454
100.mat,235,Normal,3,1725.0,12000,0.01564564453125,0.06522486442251808,0.06707510068374178,0.23510953846153848,0.458328,0.0537900712139423,3.022521138002966,-0.14309106025958798,3.5051686253901706
105.mat,0,Inner Race,0,1797.0,12000,0.015576323368887226,0.2855337397891611,0.28595828088669945,1.4827078642714573,2.6639361277445115,0.20419198273375125,5.458891915504828,0.12422774338998466,5.185049580218053
105.mat,1,Inner Race,0,1797.0,12000,0.015434113316336076,0.2863461278636243,0.28676177708396317,1.5645751696606787,2.745803433133733,0.20564136728496132,5.454058921571103,0.11428779081303068,5.456010161363224
105.mat,2,Inner Race,0,1797.0,12000,0.015021323456602419,0.29022648588895883,0.29061495706491414,1.5657122155688623,2.7380065469061874,0.20829644403575662,5.588467030503695,0.10268313994088889,5.387583045903353
105.mat,3,Inner Race,0,1797.0,12000,0.01498023878999813,0.29120040713123246,0.2915854671748936,1.5657122155688623,2.7758539321357283,0.20745666710524263,5.704262788553119,0.10859310898206463,5.369651069165751
105.mat,4,Inner Race,0,1797.0,12000,0.014861069462637226,0.2893619855711312,0.2897433520880865,1.5845546906187624,2.7946964071856284,0.20617126430732285,5.7558544442892625,0.14255823788142258,5.46882155949184
105.mat,5,Inner Race,0,1797.0,12000,0.014350604377183135,0.287241750948173,0.2876000057958321,1.5845546906187624,2.7428796007984033,0.20596330292539922,5.595735635830524,0.1476263973424778,5.509578090007555
105.mat,6,Inner Race,0,1797.0,12000,0.014211011687562376,0.28871369574200395,0.28906323004178597,1.511134011976048,2.723549820359281,0.20757940556387228,5.374917907396782,0.14934690877851867,5.2276936494399635
105.mat,7,Inner Race,0,1797.0,12000,0.01426918852724239,0.28967977095596253,0.29003099738187454,1.4927788423153694,2.705194650698603,0.20911131636141778,5.169983939672958,0.14911377979707757,5.146963103222636
105.mat,8,Inner Race,0,1797.0,12000,0.014402594722664048,0.29153673200118657,0.29189227608944535,1.4373884630738523,2.6052970459081837,0.21102254649879926,5.0194658427096,0.13980158737531595,4.924379919643332
105.mat,9,Inner Race,0,1797.0,12000,0.014147917378134357,0.2903974040375363,0.29074183709586515,1.4373884630738523,2.631773972055888,0.21057783274271769,4.978734188002171,0.12491084726852264,4.943865242895566
105.mat,10,Inner Race,0,1797.0,12000,0.014062139256642963,0.28926350977311577,0.2896051136405134,1.3126382834331338,2.50702379241517,0.20959699581306138,5.011516803153509,0.13200037433239004,4.532510724456719
105.mat,11,Inner Race,0,1797.0,12000,0.014622611836873127,0.293859124368006,0.29422271453996046,1.5044741716566867,2.7399557684630738,0.21185145740745073,5.167324304697764,0.1418435733312357,5.1133855318038455
105.mat,12,Inner Race,0,1797.0,12000,0.014481988064885855,0.29396199827461,0.2943185084358666,1.5044741716566867,2.7399557684630738,0.2125920124886945,5.114520040975312,0.13778636299257552,5.11172124258206
105.mat,13,Inner Race,0,1797.0,12000,0.014356949499438623,0.294238116381759,0.29458817208234106,1.4872560479041916,2.6684843113772456,0.21400336596338573,4.931380105641181,0.15093506553794636,5.048593897681965
105.mat,14,Inner Race,0,1797.0,12000,0.014568480012630988,0.29570993808324636,0.2960685868022405,1.4076628343313373,2.5588405988023952,0.21512835613928394,4.947759069381732,0.1290271976107401,4.754516004332428
105.mat,15,Inner Race,0,1797.0,12000,0.014745112353418164,0.2942817295220458,0.2946509030510537,1.6389704590818364,2.798757285429142,0.21347576904784182,5.220767348091788,0.1197914871563659,5.562414511921094
105.mat,16,Inner Race,0,1797.0,12000,0.014779574298668288,0.2929251860101686,0.2932978015866156,1.6389704590818364,2.798757285429142,0.2106462807490488,5.607592440940161,0.1616234896940812,5.588076181327332
105.mat,17,Inner Race,0,1797.0,12000,0.01450225279908932,0.29122721127178275,0.2915880723235919,1.6258132135728545,2.800868942115769,0.20760169280579466,5.8723081133498995,0.1543138274167672,5.575719200779231
105.mat,18,Inner Race,0,1797.0,12000,0.014590965539623878,0.2904614417965109,0.29082769030112376,1.6258132135728545,2.800868942115769,0.20720793831282747,5.748960351588257,0.1566749700028385,5.590297168366201
105.mat,19,Inner Race,0,1797.0,12000,0.014716559303268463,0.2922928528323262,0.29266309800619983,1.7026450299401197,2.997253013972056,0.20942472574382487,5.535881636857154,0.16964175425357822,5.8177646636681555
105.mat,20,Inner Race,0,1797.0,12000,0.01441223137708957,0.29085373062613895,0.291210585371496,1.7026450299401197,2.997253013972056,0.2078409039148266,5.620209990666131,0.17257970022109137,5.8467827595211315
105.mat,21,Inner Race,0,1797.0,12000,0.01416897525261976,0.29040518626305706,0.2907506355421949,1.6513155289421158,2.7536003193612775,0.20783479673465569,5.510447121541301,0.1686969822519916,5.679490694363316
105.mat,22,Inner Race,0,1797.0,12000,0.01399365159329778,0.29331351234535724,0.293647133153526,1.6638230339321358,2.7661078243512973,0.21034092174050334,5.404467357359303,0.15675066139410718,5.666062583564362
105.mat,23,Inner Race,0,1797.0,12000,0.013975686965911926,0.29166604817723807,0.2920006908990047,1.6638230339321358,2.765295648702595,0.2085224493590943,5.494474934677805,0.15396205290855283,5.698010606788626
105.mat,24,Inner Race,0,1797.0,12000,0.013914139280033683,0.29181218306598466,0.2921437205514435,1.5579153293413173,2.7011337724550897,0.20954337953000252,5.418358067036895,0.14282004690357442,5.332701748306051
105.mat,25,Inner Race,0,1797.0,12000,0.014021252875109158,0.29198454253544165,0.2923210026868047,1.5579153293413173,2.7011337724550897,0.20948702691297094,5.366394194416045,0.14876340881338745,5.329467657205875
105.mat,26,Inner Race,0,1797.0,12000,0.014038939903396334,0.2889108317860644,0.28925172524451226,1.5907272255489022,2.8106150499002,0.20650045718134044,5.483969046428568,0.14212523605952398,5.499456309912128
105.mat,27,Inner Race,0,1797.0,12000,0.013974576569517215,0.28763276871265503,0.2879720445244729,1.5907272255489022,2.8106150499002,0.2055196995657123,5.366721299420195,0.15625093735117798,5.523894613366599
105.mat,28,Inner Race,0,1797.0,12000,0.01383482525184007,0.289065462178337,0.28939634381609686,1.5332251896207585,2.7958334530938123,0.20642530713962698,5.379887606664675,0.1703183291900851,5.298011610661811
105.mat,29,Inner Race,0,1797.0,12000,0.013223155466410928,0.28995247734282026,0.29025383883374833,1.5332251896207585,2.7958334530938123,0.20656489982924775,5.486435674623191,0.10684189916458782,5.282359729612257
105.mat,30,Inner Race,0,1797.0,12000,0.013121990423449975,0.2893532798489782,0.2896506640628227,1.4541192814371258,2.6579260279441117,0.20715884292937561,5.319050547252977,0.11952527108234241,5.0202518476592894
105.mat,31,Inner Race,0,1797.0,12000,0.012996357002791293,0.2906570737030462,0.29094748630803124,1.401652734530938,2.5175820758483036,0.20908300125335266,5.202516727902987,0.16046017216091946,4.817545435147645
105.mat,32,Inner Race,0,1797.0,12000,0.012352604692957835,0.28980007378156925,0.2900632165692566,1.401652734530938,2.5700486227544905,0.20834851369526572,5.138628560812596,0.16187871432071357,4.832231922093004
105.mat,33,Inner Race,0,1797.0,12000,0.012331070934303268,0.2898925987577677,0.2901547416895318,1.4987889421157685,2.68554,0.20802875919060318,5.243038459637151,0.18046858679100333,5.16548147167447
105.mat,34,Inner Race,0,1797.0,12000,0.012225543619791666,0.29172817590253974,0.29198423336238993,1.4987889421157685,2.68554,0.20977870425165296,5.153279051384756,0.1740837359898528,5.133116007176932
105.mat,35,Inner Race,0,1797.0,12000,0.01231477190150948,0.29217784118298074,0.2924372487993506,1.4380382035928145,2.540160558882236,0.211054391081119,5.050279217017418,0.19277150522635064,4.917424881737595
105.mat,36,Inner Race,0,1797.0,12000,0.012370569320343687,0.2960144285360583,0.2962728014631762,1.5135705389221557,2.615692894211577,0.21449991143689184,4.988261787386916,0.1908340299004917,5.108705663993519
105.mat,37,Inner Race,0,1797.0,12000,0.01222998520537051,0.2954114471926509,0.29566449849547366,1.5135705389221557,2.5789825548902194,0.21328065653848555,4.972554674526208,0.1966486968269213,5.119216363899459
105.mat,38,Inner Race,0,1797.0,12000,0.012827775035865768,0.29150359200344367,0.29178570212277527,1.4848195209580837,2.561114690618762,0.20966790255426648,5.131989126280362,0.20015856837623447,5.08873296448677
105.mat,39,Inner Race,0,1797.0,12000,0.012415381746273078,0.29161713197754774,0.2918813001319478,1.4848195209580837,2.64801748502994,0.21009623796352608,5.224357716115618,0.19820572923533897,5.087066284434311
105.mat,40,Inner Race,0,1797.0,12000,0.012267540397720184,0.29286744416181687,0.2931242610178909,1.739030499001996,2.9608675449101796,0.21097932035343375,5.353380020731314,0.21049007481145895,5.932741605771942
105.mat,41,Inner Race,0,1797.0,12000,0.012550374222258607,0.2926011433422134,0.29287017768678536,1.739030499001996,2.9608675449101796,0.2109168208992172,5.402381763420903,0.20344006156059016,5.937888632900785
105.mat,42,Inner Race,0,1797.0,12000,0.01242430457444486,0.28970436448730125,0.28997065738993255,1.5996611576846307,2.715428063872255,0.20817925755910055,5.459071412583809,0.19748214452193377,5.516631138072418
105.mat,43,Inner Race,0,1797.0,12000,0.012527968009293913,0.29202605549984584,0.2922946579622025,1.6963100598802394,2.8547974051896206,0.20892584050648702,5.526608651550194,0.21272515533791095,5.803424775897185
105.mat,44,Inner Race,0,1797.0,12000,0.01248553500421033,0.2915026305370489,0.29176989597002734,1.6963100598802394,2.8547974051896206,0.20818076452563622,5.615890261887008,0.20953213203383736,5.81386251052609
105.mat,45,Inner Race,0,1797.0,12000,0.012518529639938873,0.2906517304540489,0.2909211955156914,1.5666868263473055,2.7178645908183636,0.20701595870758482,5.670238471972857,0.2012948742859786,5.3852618870556075
105.mat,46,Inner Race,0,1797.0,12000,0.012532409594872753,0.29375242001417473,0.2940196346410181,1.4970021556886228,2.6481799201596807,0.2098871265281936,5.439466174358514,0.20627186818569554,5.091504033451305
105.mat,47,Inner Race,0,1797.0,12000,0.01230382656561876,0.2910600272720056,0.29131996777381647,1.4474594411177644,2.5744343712574853,0.2074051526439309,5.481607910482373,0.2045634332835321,4.9686241975750365
105.mat,48,Inner Race,0,1797.0,12000,0.012452421397439496,0.2908473743847166,0.29111382307465733,1.5018752095808383,2.872015528942116,0.20714726308125936,5.582176076971316,0.17942483428305678,5.159065253990623
105.mat,49,Inner Race,0,1797.0,12000,0.012452857624594561,0.2897366942104635,0.29000418209920015,1.5018752095808383,2.872015528942116,0.20737707547795037,5.547251852341754,0.17143270576068143,5.178805349321135
105.mat,50,Inner Race,0,1797.0,12000,0.012414073064807882,0.2858467561783227,0.28611619532582894,1.462078602794411,2.5856423952095806,0.20427240715833955,5.567350829971972,0.1886482532882521,5.110086834229698
105.mat,51,Inner Race,0,1797.0,12000,0.012339121308164919,0.2886608187305399,0.28892442296358956,1.5481692215568863,2.7873868263473054,0.205247969705121,5.664507209353389,0.18768254638005313,5.358388209888326
105.mat,52,Inner Race,0,1797.0,12000,0.012196237086374127,0.2912561369669922,0.2915113814587732,1.5481692215568863,2.7873868263473054,0.20614949260658372,5.70857569842588,0.19865869933190272,5.310836282993757
105.mat,53,Inner Race,0,1797.0,12000,0.012384488932291667,0.2945630604010461,0.29482328964812865,1.608432654690619,2.7714681836327344,0.20855607850704838,5.750854032937446,0.19416475513613182,5.455582076335563
105.mat,54,Inner Race,0,1797.0,12000,0.012255088095293788,0.294774700856457,0.29502933998034353,1.608432654690619,2.7929096207584836,0.20905238603846993,5.778792309842191,0.16190817043158423,5.451771863767114
105.mat,55,Inner Race,0,1797.0,12000,0.012088726921157686,0.29000477715798756,0.29025662454632856,1.4723120159680638,2.6567889820359283,0.20814769057587948,5.366262449650121,0.16345036115692527,5.072449313669548
105.mat,56,Inner Race,0,1797.0,12000,0.011968486854416168,0.2915291408632887,0.29177471557705537,1.4373884630738523,2.6704335329341315,0.2095122884309506,5.252348096650247,0.18813819163160103,4.926364027914713
105.mat,57,Inner Race,0,1797.0,12000,0.011961784819033807,0.29266335754724154,0.29290770755799755,1.4373884630738523,2.690250618762475,0.20922798729689057,5.4937393761301205,0.18585302537145487,4.907308431920455
106.mat,0,Inner Race,1,1772.0,12000,0.005687846903848552,0.2934839933449474,0.29353910463871546,1.5808186826347306,2.767569740518962,0.20881765617203094,5.420329917902034,0.14479607353388918,5.385376795300864
106.mat,1,Inner Race,1,1772.0,12000,0.005737457828483658,0.2941867552645142,0.294242698117382,1.5808186826347306,2.7276106986027946,0.2095380258330994,5.374295940827109,0.15881380387570287,5.372499276104707
106.mat,2,Inner Race,1,1772.0,12000,0.005738766509948853,0.2943922142560909,0.29444814357652155,1.402464910179641,2.577845508982036,0.2096202348233221,5.366969047120883,0.16678382532380537,4.76302853583849
106.mat,3,Inner Race,1,1772.0,12000,0.0057583967319267725,0.2926073756243017,0.29266403161759297,1.402464910179641,2.577845508982036,0.20835418464828157,5.280755119124361,0.15793187932544003,4.792064478945469
106.mat,4,Inner Race,1,1772.0,12000,0.00606042455128805,0.290791274693433,0.29085442094555386,1.3444755688622754,2.531876367265469,0.20721349029480104,5.393520621466918,0.17322877003334075,4.622503465793813
106.mat,5,Inner Race,1,1772.0,12000,0.005952954043085703,0.29064206824386307,0.2907030262912814,1.4084750099800398,2.661499600798403,0.20773014187445424,5.407785936529444,0.15364436374119855,4.845064834546175
106.mat,6,Inner Race,1,1772.0,12000,0.005739718278287174,0.2901636045705547,0.29022036762310693,1.4107491017964071,2.6637736926147704,0.20738944846634857,5.309382921967643,0.1364195974108495,4.860958289559018
106.mat,7,Inner Race,1,1772.0,12000,0.00566936673527944,0.2895234609605089,0.28957896361049845,1.4107491017964071,2.7126666666666663,0.2053138003485217,5.479046463092309,0.1464024052422755,4.871725087371856
106.mat,8,Inner Race,1,1772.0,12000,0.005959497450411676,0.28930558427590347,0.28936695855450284,1.5411845109780438,2.843102075848303,0.2051532687554578,5.6125964278671265,0.15466776247611166,5.326055603158156
106.mat,9,Inner Race,1,1772.0,12000,0.006080808256533807,0.28947849175792806,0.28954235168537534,1.5411845109780438,2.7107174451097804,0.20509572642800336,5.636231243301417,0.13711306879547097,5.322829292526908
106.mat,10,Inner Race,1,1772.0,12000,0.005981427779207212,0.2892161919504885,0.289278037819361,1.469225748502994,2.6387586826347307,0.20462571149692804,5.541643047948927,0.09573765309336116,5.078939830960996
106.mat,11,Inner Race,1,1772.0,12000,0.006073749308024576,0.29060262837027456,0.2906660937336321,1.469225748502994,2.6072462674650696,0.20614394062461017,5.3461525979554,0.12597403471404772,5.054685703553026
106.mat,12,Inner Race,1,1772.0,12000,0.006146718213962699,0.2937781580081114,0.2938424548417753,1.4086374451097805,2.6368094610778448,0.20848251474589885,5.4074817450398465,0.12072192142669695,4.793852698611188
106.mat,13,Inner Race,1,1772.0,12000,0.006308994715646833,0.293152031198822,0.2932199120290387,1.4086374451097805,2.6368094610778448,0.2077142790688155,5.476714136841272,0.0948108758884378,4.804030651814252
106.mat,14,Inner Race,1,1772.0,12000,0.006180228390874502,0.29222375744086426,0.2922891028345403,1.4091247504990019,2.6126066267465067,0.2066327133233533,5.562160650734355,0.10679065149847079,4.8209965299208655
106.mat,15,Inner Race,1,1772.0,12000,0.006023226272065243,0.29288049966049134,0.2929424283645228,1.4737739321357284,2.6772558083832334,0.20716241206064434,5.5475243122566305,0.15217475824561807,5.030933690157844
106.mat,16,Inner Race,1,1772.0,12000,0.005960369904721806,0.29170008006710046,0.29176096846657523,1.5767578043912174,2.735082714570858,0.20640492343438122,5.643942250708355,0.17743055257371285,5.404279443814138
106.mat,17,Inner Race,1,1772.0,12000,0.006077873637490645,0.29023242489858914,0.2902960575179561,1.5767578043912174,2.8547974051896206,0.20494280898164607,5.791979167526437,0.1282463664497784,5.431550872142616
106.mat,18,Inner Race,1,1772.0,12000,0.006012320593188623,0.29524121775356305,0.2953024291459894,1.4809210778443114,2.7589606786427145,0.20734836379974425,5.72899163610025,0.12070381734027404,5.014930226368659
106.mat,19,Inner Race,1,1772.0,12000,0.006059869353090694,0.2947173337949145,0.29477962761317067,1.4809210778443114,2.7167275449101798,0.20707691153825164,5.863588966300855,0.1422719291789801,5.023824372923335
106.mat,20,Inner Race,1,1772.0,12000,0.006153459906359157,0.2908340726305639,0.29089916272086325,1.5047990419161676,2.7709808782435132,0.2047734735314527,6.074459772135592,0.14621355794176627,5.172923248872052
106.mat,21,Inner Race,1,1772.0,12000,0.0060918329064527195,0.28953740622570456,0.2896014848581906,1.5047990419161676,2.7709808782435132,0.20511412728254427,5.915338203366006,0.137381346023323,5.196102646549011
106.mat,22,Inner Race,1,1772.0,12000,0.006158575661177645,0.2865765677493183,0.28664273449217936,1.478646986027944,2.725336606786427,0.20399845650495882,5.672332237175072,0.16002580921997436,5.158501535535298
106.mat,23,Inner Race,1,1772.0,12000,0.005966159828779941,0.2906889345155031,0.2907501534184651,1.478646986027944,2.7761788023952096,0.2053138003485217,5.884572355553685,0.1537707244481892,5.085627534991483
106.mat,24,Inner Race,1,1772.0,12000,0.005871855449257736,0.29536019859863494,0.29541856001721023,1.5788694610778442,2.892482355289421,0.20901491016014845,5.780079543307608,0.11060040641470366,5.344516813655391
106.mat,25,Inner Race,1,1772.0,12000,0.006266561710563249,0.29324642612302043,0.293313375469985,1.5788694610778442,2.892482355289421,0.20867818245345246,5.527062300897835,0.1094422613864268,5.382875767421017
106.mat,26,Inner Race,1,1772.0,12000,0.006431574546220059,0.2920182888675101,0.2920891065826525,1.5579153293413173,2.855609580838323,0.20654031248050775,5.738617163701702,0.10446351427751722,5.3336988413173625
106.mat,27,Inner Race,1,1772.0,12000,0.006416861793990144,0.29415160348446,0.29422158647482366,1.5579153293413173,2.855609580838323,0.20789749447394273,5.710038134755895,0.1090416193389099,5.295040884006065
106.mat,28,Inner Race,1,1772.0,12000,0.006366457729073104,0.29324756810512737,0.29331666843803367,1.455093892215569,2.7523008383233534,0.2075562458676397,5.548915312302525,0.12671718626174241,4.96082919516377
106.mat,29,Inner Race,1,1772.0,12000,0.006216990442942241,0.2944425849310463,0.29450821175485764,1.4719871457085827,2.798919720558882,0.20739162960212387,5.703389720130778,0.11401174296102883,4.998119193137587
106.mat,30,Inner Race,1,1772.0,12000,0.006506129732722056,0.2955799746647727,0.29565157051320845,1.5127583632734531,2.843589381237525,0.20828450727451348,5.762007017313624,0.1186642860948208,5.116693142023643
106.mat,31,Inner Race,1,1772.0,12000,0.006312206933788673,0.29796021868823086,0.29802707238959575,1.5143827145708584,2.8452137325349303,0.21034207179391218,5.60709591080215,0.12858251079173047,5.081359563842517
106.mat,32,Inner Race,1,1772.0,12000,0.005852264884293912,0.2985004149855499,0.2985577779104431,1.5143827145708584,2.7151031936127747,0.2118767189254304,5.305354680262644,0.14040719880568475,5.072327122641971
106.mat,33,Inner Race,1,1772.0,12000,0.00596033024770771,0.2964261894419975,0.2964861064599229,1.4869311776447105,2.746940479041916,0.21049375987283248,5.413993590276557,0.12257957615341429,5.015179953620202
106.mat,34,Inner Race,1,1772.0,12000,0.00591726273039858,0.29268603223684625,0.2927458410716859,1.494890499001996,2.7548998003992016,0.2051337971615363,5.873923096837636,0.12387230679968576,5.10644487221233
106.mat,35,Inner Race,1,1772.0,12000,0.005743723636710955,0.2911583366306973,0.29121498476343793,1.494890499001996,2.739306027944112,0.20482478970769397,5.765322046738875,0.16327017851672404,5.1332883856108475
106.mat,36,Inner Race,1,1772.0,12000,0.00574638065665544,0.2928960434247048,0.29295240764413893,1.4559060678642715,2.700321596806387,0.20833534756658556,5.393857335495274,0.13738908156084698,4.969769934892698
106.mat,37,Inner Race,1,1772.0,12000,0.005652274562203718,0.29388795869006307,0.2939423080652711,1.4822205588822355,2.631936407185629,0.20943428308422218,5.31019951386427,0.1362395137978329,5.042556032978765
106.mat,38,Inner Race,1,1772.0,12000,0.005381258527866145,0.292961701039552,0.29301111961721105,1.4822205588822355,2.6322612774451097,0.20823457909376558,5.367259155862405,0.14591541568080826,5.058581260733738
106.mat,39,Inner Race,1,1772.0,12000,0.005463546832117017,0.29024968380733973,0.2903011010903118,1.3477242714570858,2.5667999201596805,0.20648590305716694,5.297342276262573,0.1267842930547173,4.6425048558042254
106.mat,40,Inner Race,1,1772.0,12000,0.005642439622707711,0.291639344886019,0.2916939228205522,1.331480758483034,2.5505564071856286,0.20825409034470121,5.118341631606034,0.09914632352163474,4.564650321159246
106.mat,41,Inner Race,1,1772.0,12000,0.00571794657754803,0.2919032691542893,0.29195926677539313,1.438525508982036,2.666372654690619,0.2078047763749844,5.356104779744941,0.11337815747901724,4.927144546121587
106.mat,42,Inner Race,1,1772.0,12000,0.005638910148453094,0.29154385257650034,0.29159838011005906,1.480758642714571,2.80135624750499,0.20691181938856662,5.640631160849145,0.12657631056555088,5.0780756812012555
106.mat,43,Inner Race,1,1772.0,12000,0.005633754736620509,0.29002704632854504,0.29008175881032644,1.480758642714571,2.80135624750499,0.20720091902133234,5.339259788887828,0.09473865918584544,5.104625153913188
106.mat,44,Inner Race,1,1772.0,12000,0.005573238133108782,0.29231721826907736,0.2923703423397451,1.3448004391217565,2.5148206786427147,0.2099429636040419,5.023965012195324,0.11037159048453998,4.5996472431497475
106.mat,45,Inner Race,1,1772.0,12000,0.005405607934521581,0.2957324199603041,0.29578181961154987,1.3977542914171657,2.5486071856287422,0.21196812834292353,5.061523523043656,0.129813506371592,4.7256261160771675
106.mat,46,Inner Race,1,1772.0,12000,0.00538911061665731,0.2925838371682134,0.2926334640558291,1.476372894211577,2.7698438323353294,0.20781492857059317,5.538395813288824,0.11684230724463544,5.045126670577608
106.mat,47,Inner Race,1,1772.0,12000,0.005422224223428144,0.29198810936942704,0.29203845042846943,1.476372894211577,2.7698438323353294,0.2058640017621008,5.79582510408465,0.11599959368759226,5.055405861952391
106.mat,48,Inner Race,1,1772.0,12000,0.0053623024751278696,0.29129915785941746,0.2913485089329283,1.5069106986027945,2.775041756487026,0.2048535806999283,5.82845239303581,0.12465850935284874,5.172192931832379
106.mat,49,Inner Race,1,1772.0,12000,0.005276841609749252,0.29308295098439147,0.29313045084926537,1.5069106986027945,2.909862914171657,0.20676485049432386,5.841028346339212,0.1189722417628239,5.140751137375638
106.mat,50,Inner Race,1,1772.0,12000,0.005274541502931636,0.2940246521739033,0.29407195866666885,1.499601117764471,2.9025533333333335,0.21000276638129992,5.448667255668649,0.11905851485647438,5.099435949499258
106.mat,51,Inner Race,1,1772.0,12000,0.005169053845434132,0.2931575061674754,0.29320307389246514,1.4102617964071855,2.6498042714570857,0.2091735382165357,5.286486441211324,0.1570833151839706,4.809846560218573
106.mat,52,Inner Race,1,1772.0,12000,0.005181030263691367,0.29575841156802685,0.29580378815666925,1.386871137724551,2.7423922954091817,0.21055201602654067,5.394206597361377,0.13231762619826906,4.688483357048862
106.mat,53,Inner Race,1,1772.0,12000,0.005023116033557883,0.2982219218484529,0.29826422240300854,1.5419966866267465,2.897517844311377,0.2118951197799713,5.535959907272309,0.11298052071450489,5.1699016201253665
106.mat,54,Inner Race,1,1772.0,12000,0.005132093508295908,0.29643382386492556,0.2964782459388203,1.5419966866267465,2.707143872255489,0.21075291845995509,5.363857497387234,0.13361658795792472,5.201044959450229
106.mat,55,Inner Race,1,1772.0,12000,0.005340530774388723,0.29444086984122975,0.29448929878997676,1.426342874251497,2.7190016367265466,0.2088404192981225,5.501759438838361,0.11552155720636088,4.84344551775626
106.mat,56,Inner Race,1,1772.0,12000,0.005298454682432011,0.29404825712201516,0.29409598966751743,1.5361490219560878,2.8288077844311377,0.20769127800063936,5.744509526158015,0.11145106595973363,5.223291292386343
106.mat,57,Inner Race,1,1772.0,12000,0.005623562883997629,0.29346926110502475,0.2935231365208532,1.5361490219560878,2.7817015968063874,0.20686093943948042,5.6627628001296255,0.13810877203910904,5.2334853060108015
107.mat,0,Inner Race,2,1748.0,12000,0.0043941557899825345,0.3011823976397943,0.3012144506048171,1.4511954491017964,2.682616167664671,0.21627904406031687,5.513405191975356,0.08462440524768865,4.817814836532244
107.mat,1,Inner Race,2,1748.0,12000,0.004227873929874625,0.3010761673374737,0.3011058509172304,1.5281897005988025,2.748402395209581,0.2166064920257142,5.5634248976463025,0.08998776500132512,5.0752574084615825
107.mat,2,Inner Race,2,1748.0,12000,0.004334075413625874,0.29924082735143304,0.2992722121475049,1.5281897005988025,2.7677321756487028,0.21518732611924588,5.57717271240108,0.0876280832778079,5.106353475429221
107.mat,3,Inner Race,2,1748.0,12000,0.004431750639346307,0.29569728206874646,0.2957304905426107,1.4113988423153694,2.6509413173652696,0.21214186572168162,5.398731594083929,0.06576256005609653,4.772584794099904
107.mat,4,Inner Race,2,1748.0,12000,0.004390824600798402,0.29491517559035035,0.2949478600264158,1.4526573652694612,2.6174796806387226,0.21105074263582208,5.449733659530825,0.07773509659469668,4.925132751054236
107.mat,5,Inner Race,2,1748.0,12000,0.004517330475767215,0.29624909268508376,0.2962835317586225,1.5376109381237524,2.8346554491017963,0.21153876185129739,5.700568126563752,0.09426102753524507,5.189660488374425
107.mat,6,Inner Race,2,1748.0,12000,0.00433459095480913,0.2958173434028611,0.29584909892827416,1.5376109381237524,2.8928072255489017,0.21113077049026946,5.8403513706962595,0.07378076775383113,5.197281126404687
107.mat,7,Inner Race,2,1748.0,12000,0.004594106455058632,0.2967773402863912,0.29681289648798087,1.4001908183632734,2.755387105788423,0.21147729347944735,5.764783848589161,0.10475301351116507,4.717419070838698
107.mat,8,Inner Race,2,1748.0,12000,0.004392490195390469,0.29681362775388864,0.29684612780115655,1.5244536926147705,2.77325497005988,0.212385756358377,5.473686012291041,0.08106995109566852,5.135501358589159
107.mat,9,Inner Race,2,1748.0,12000,0.004405775295112899,0.29345959144763734,0.2934926620352973,1.5244536926147705,2.74499125748503,0.21165848637685566,5.346494349164513,0.07444992510221236,5.194179922738341
107.mat,10,Inner Race,2,1748.0,12000,0.004858737710126622,0.2925642503142571,0.2926045930843859,1.3712773652694612,2.5702110578842317,0.21129665578023638,5.339253228849684,0.0980343708760434,4.686451948052609
107.mat,11,Inner Race,2,1748.0,12000,0.004531210430701098,0.2979392597633697,0.2979737142371991,1.4653273053892217,2.664260998003992,0.21413470999407436,5.3240261874123895,0.09410615644533614,4.917639494276875
107.mat,12,Inner Race,2,1748.0,12000,0.0047159724593781194,0.30426250159925744,0.30429904744457503,1.5275399600798403,2.91717249500998,0.2175623846935036,5.5276017595855125,0.09637443650895502,5.01986441596754
107.mat,13,Inner Race,2,1748.0,12000,0.004751743086093439,0.3073034230749399,0.30734015828708705,1.6396201996007984,3.029252734530938,0.2190404016088916,5.807277858301292,0.10816846036848139,5.3348713319436305
107.mat,14,Inner Race,2,1748.0,12000,0.004682382968438124,0.30258124154638316,0.30261746883815843,1.6396201996007984,2.8802997205588823,0.21565793590553267,5.732759165194641,0.10940325322592791,5.418128060801661
107.mat,15,Inner Race,2,1748.0,12000,0.004718431194252122,0.2964976472744015,0.29653518919715127,1.5142202794411177,2.7524632734530936,0.21239507575668976,5.51061726846625,0.07933498247900386,5.106376358032803
107.mat,16,Inner Race,2,1748.0,12000,0.00494058978722243,0.2941179017230781,0.2941593947869621,1.4468097005988023,2.6728700598802395,0.21050367412635668,5.455345333493512,0.0838999751082448,4.918454845362391
107.mat,17,Inner Race,2,1748.0,12000,0.005141452563622754,0.29569050457420587,0.29573520086356386,1.502687385229541,2.6959358483033933,0.2111814521542852,5.369993674743803,0.07953137758633623,5.08119216394128
107.mat,18,Inner Race,2,1748.0,12000,0.005137050635058009,0.2970311975559269,0.2970756159814117,1.502687385229541,2.6861897405189623,0.21107235570850486,5.5231547829894065,0.09874420396387716,5.058265654908431
107.mat,19,Inner Race,2,1748.0,12000,0.005026685164826598,0.2956627153407318,0.29570544263912507,1.5889404391217565,2.781051856287425,0.2101219753656749,5.671804528693697,0.09195994393929202,5.373389224563168
107.mat,20,Inner Race,2,1748.0,12000,0.004885625165684257,0.2974622421583837,0.2975023610715593,1.5889404391217565,2.8874468662674655,0.2111603149657716,5.833500276116041,0.10582023522245414,5.340933878301433
107.mat,21,Inner Race,2,1748.0,12000,0.004757651981193862,0.29708850961489075,0.2971266023054334,1.5852044311377245,2.8837108582834334,0.21165337062203718,5.707094384323433,0.10891682011018697,5.3351144557167665
107.mat,22,Inner Race,2,1748.0,12000,0.004804169658729415,0.2964101498717294,0.2964490799329473,1.3841097405189622,2.6244643912175647,0.21176444991852234,5.470170556665713,0.0826784781423324,4.668962847960361
107.mat,23,Inner Race,2,1748.0,12000,0.004792907066725922,0.2973514301558959,0.2973900552706948,1.2872984031936128,2.5175820758483036,0.21191443274583643,5.503382224179553,0.08786909514380917,4.328653162332106
107.mat,24,Inner Race,2,1748.0,12000,0.004517013219654441,0.30153283834402606,0.3015666692594377,1.4983016367265467,2.821335768463074,0.21501120931964196,5.513922677854766,0.06826675037356833,4.968392695406131
107.mat,25,Inner Race,2,1748.0,12000,0.00465398854634481,0.30431172229392445,0.30434730807891847,1.5626259481037925,2.88566007984032,0.21612406444922655,5.619348617654952,0.09100207299519973,5.134351139713703
107.mat,26,Inner Race,2,1748.0,12000,0.004532003570983033,0.306692258283454,0.306725741253277,1.5626259481037925,2.848949740518962,0.217231129654753,5.704227267332585,0.08929485786275863,5.094538012098121
107.mat,27,Inner Race,2,1748.0,12000,0.004518401215147828,0.305992663912391,0.30602602228853437,1.5216922954091816,2.868929261477046,0.21636077716637037,5.761016030593726,0.07813410624797498,4.972427782544797
107.mat,28,Inner Race,2,1748.0,12000,0.00459240120345247,0.3045462978973807,0.30458092145079213,1.4057136127744512,2.7529505788423156,0.21620444921680076,5.592626582370691,0.07374067537692103,4.615238558208766
107.mat,29,Inner Race,2,1748.0,12000,0.0045286723817989025,0.3019595843229254,0.30199354204687157,1.3712773652694612,2.685864870259481,0.21622209658807384,5.346452165707864,0.0822491465813476,4.540750626570118
107.mat,30,Inner Race,2,1748.0,12000,0.004281450555919411,0.2971361445130931,0.2971669887369197,1.4742612375249502,2.78884874251497,0.21308903384636976,5.4050166469618555,0.0902372111221824,4.961053190299363
107.mat,31,Inner Race,2,1748.0,12000,0.004392371224348178,0.29965421843420526,0.29968640868478985,1.4742612375249502,2.7394684630738526,0.21529709673426584,5.503442005820818,0.07074208648755824,4.919346339378301
107.mat,32,Inner Race,2,1748.0,12000,0.0046635855437562376,0.2977140301105038,0.2977505545834666,1.425693133732535,2.675469021956088,0.2142036338845746,5.505545102231411,0.07445779896999163,4.788213193177711
107.mat,33,Inner Race,2,1748.0,12000,0.00458732510564808,0.29646518884060435,0.2965006774796984,1.425693133732535,2.675469021956088,0.21236929869752683,5.541454700310605,0.08038503653189387,4.80839755865365
107.mat,34,Inner Race,2,1748.0,12000,0.0046511332413298415,0.3004559296100916,0.30049192780887296,1.4268301796407186,2.713316407185629,0.2151511192653755,5.519986849922377,0.10728204525242167,4.748314505633742
107.mat,35,Inner Race,2,1748.0,12000,0.004601244717596058,0.300084518074018,0.3001197918176454,1.4268301796407186,2.7336207984031935,0.21452192107971557,5.4971157048584285,0.09202984313586454,4.7542022170522795
107.mat,36,Inner Race,2,1748.0,12000,0.004584271515562625,0.30152081024996713,0.301555657481542,1.3652672654690619,2.676606067864271,0.21501414393868512,5.532119781378022,0.1087578196709829,4.52741386738078
107.mat,37,Inner Race,2,1748.0,12000,0.004463476250623752,0.30264761678270086,0.3026805288823324,1.473936367265469,2.785275169660679,0.21515000886898078,5.671338040166062,0.12085010887104929,4.869610783052598
107.mat,38,Inner Race,2,1748.0,12000,0.004539895316788297,0.2998386290815407,0.2998729966819039,1.473936367265469,2.7610723353293416,0.21220718082389908,5.773334778167072,0.10503158132895904,4.915202047448692
107.mat,39,Inner Race,2,1748.0,12000,0.004669177182743888,0.29768828228628663,0.2977248975583395,1.4687384431137724,2.6705959680638722,0.21197550454754555,5.486290553984521,0.10658351996706547,4.933206645325898
107.mat,40,Inner Race,2,1748.0,12000,0.004778273628524203,0.2965527562524899,0.2965912492637261,1.362830738522954,2.6023732135728546,0.21216661169847806,5.32254403645994,0.06754560464207802,4.594979595339099
107.mat,41,Inner Race,2,1748.0,12000,0.004721127871210704,0.29980857916465287,0.2998457489928851,1.3405771257485029,2.621053253493014,0.21322723854049713,5.520493328183911,0.07038910653132745,4.470889216376094
107.mat,42,Inner Race,2,1748.0,12000,0.004904184648281563,0.3007261722575763,0.300766157849845,1.3431760878243515,2.623652215568862,0.2136051698848397,5.569520732519285,0.0857729110436823,4.465848476526142
107.mat,43,Inner Race,2,1748.0,12000,0.004678893151197605,0.29628511552201403,0.2963220574324725,1.413510499001996,2.701458642714571,0.21120564293288424,5.643110691930311,0.094605068479276,4.7701831961129475
107.mat,44,Inner Race,2,1748.0,12000,0.004382536284852169,0.2971097104432311,0.29714203112980947,1.5075604391217565,2.7955085828343313,0.21156497513761538,5.675593572586503,0.1073567930047122,5.073534812256714
107.mat,45,Inner Race,2,1748.0,12000,0.0046236112735466555,0.3019390246627344,0.3019744234127987,1.5075604391217565,2.7224127744510978,0.21519728002978417,5.434278747090393,0.100226865301472,4.992344788952286
107.mat,46,Inner Race,2,1748.0,12000,0.004557106460906311,0.30389796599182634,0.30393213215003323,1.4750734131736527,2.8099653093812376,0.21656009331922094,5.588716222536344,0.09082214986644123,4.853298671446481
107.mat,47,Inner Race,2,1748.0,12000,0.004523794569064995,0.3033402049950181,0.30337393540599816,1.4750734131736527,2.8099653093812376,0.21505344403965504,5.818042625981977,0.07304575440177231,4.862228560273634
107.mat,48,Inner Race,2,1748.0,12000,0.004450825663126871,0.3023325520559089,0.302365311968358,1.4286169660678643,2.696098283433134,0.21509754263933073,5.529415835114923,0.08433830106994805,4.7248044319890985
107.mat,49,Inner Race,2,1748.0,12000,0.004496391572324101,0.302811090924305,0.30284447217002225,1.3433385229540917,2.628037964071856,0.2150219167134481,5.513681040053483,0.09428869999033476,4.435737305450693
107.mat,50,Inner Race,2,1748.0,12000,0.004046244805311251,0.3013875048944528,0.3014146648780187,1.3433385229540917,2.628037964071856,0.21384612590249188,5.762229511141467,0.09882589439714207,4.456778914515441
107.mat,51,Inner Race,2,1748.0,12000,0.003942858969560878,0.30138160219366233,0.3014073925398526,1.4931037125748503,2.7773158483033935,0.21416175607768836,5.879974843241985,0.11171223145140768,4.953772699445086
107.mat,52,Inner Race,2,1748.0,12000,0.00429326834612026,0.30223719307202246,0.3022676843943904,1.4931037125748503,2.7773158483033935,0.21542150078748754,5.595400202294706,0.10984376846523487,4.939673639166436
107.mat,53,Inner Race,2,1748.0,12000,0.004344068981178268,0.30190427782600565,0.30193552938492557,1.3633180439121755,2.598312335329341,0.21620095939956024,5.178806444067459,0.09235454547780465,4.51526207163959
107.mat,54,Inner Race,2,1748.0,12000,0.004304134367982783,0.29983930070546627,0.29987019161664047,1.3288817964071855,2.5468203992015965,0.21420823409820983,5.21120543934589,0.07737842277478447,4.431523484355031
107.mat,55,Inner Race,2,1748.0,12000,0.004240524517371506,0.29948870839143504,0.29951872813257013,1.504961477045908,2.7367070658682637,0.21243397928751873,5.612065493047524,0.10017852774988528,5.0245989171661956
107.mat,56,Inner Race,2,1748.0,12000,0.004150780694470432,0.29907507785200543,0.2991038802365437,1.504961477045908,2.7367070658682637,0.212342331927941,5.559084421442543,0.08778115546215902,5.031567881552464
107.mat,57,Inner Race,2,1748.0,12000,0.004195751748456211,0.2969832516380046,0.2970128887543721,1.4255306986027942,2.832381357285429,0.21140333314815682,5.5729810241216935,0.0862714169022352,4.799558378026146
108.mat,0,Inner Race,3,1721.0,12000,0.004565910318035804,0.3224057528301845,0.32243808242053296,1.5354992814371258,3.0370496207584834,0.23093869554835642,5.289069717607749,-0.0047550607874847755,4.762152379489975
108.mat,1,Inner Race,3,1721.0,12000,0.004879636956555639,0.316550067943956,0.3165876756479174,1.41789624750499,2.7626966866267466,0.22580108971510104,5.233890788612613,-0.0012034314346915345,4.478684284229235
108.mat,2,Inner Race,3,1721.0,12000,0.0045509596237213075,0.3092615581826234,0.3092950413489374,1.396292375249501,2.699346986027944,0.22149790711545658,5.132723416944383,-0.021336931689207018,4.514435049329632
108.mat,3,Inner Race,3,1721.0,12000,0.004281053985778443,0.30707029788650897,0.307100138826635,1.3222219560878246,2.588728662674651,0.2205961066148952,5.125066049266223,-0.028481354984180734,4.305507516667873
108.mat,4,Inner Race,3,1721.0,12000,0.004329871770131612,0.3060924916309482,0.3061231144856394,1.331155888223553,2.630312055888224,0.22069758891396896,5.157600465848228,-0.020898280401787088,4.348433114762392
108.mat,5,Inner Race,3,1721.0,12000,0.004531329401743387,0.30344291539310864,0.3034767468001731,1.331155888223553,2.56972375249501,0.21790494198127183,5.276347390493545,-0.02623264047647589,4.386352174455277
108.mat,6,Inner Race,3,1721.0,12000,0.0047902897037955345,0.30347332079700856,0.30351112551438764,1.3694905788423155,2.6954485429141717,0.2169764919672374,5.28295699851251,-0.030659049655730294,4.512159402793939
108.mat,7,Inner Race,3,1721.0,12000,0.004569955333473678,0.30597979963323335,0.3060139249696713,1.3694905788423155,2.6954485429141717,0.21850955281819173,5.3633467392747995,-0.01572259045543861,4.47525575503809
108.mat,8,Inner Race,3,1721.0,12000,0.0044047045557322854,0.30618605451748876,0.30621773528522134,1.398891337325349,2.7043824750498997,0.21859017552785054,5.351796403883607,0.00319968127576091,4.568289736786066
108.mat,9,Inner Race,3,1721.0,12000,0.00447691997840257,0.307763453354059,0.3077960136728692,1.398891337325349,2.69496123752495,0.22076667143252557,5.27569726345448,0.005446303919206181,4.544865024834644
108.mat,10,Inner Race,3,1721.0,12000,0.004455068963635229,0.30635796248183506,0.3063903536593347,1.3551962874251495,2.65126618762475,0.22128502826378493,5.1195771768630545,-0.002864502272021364,4.423103636389112
108.mat,11,Inner Race,3,1721.0,12000,0.004534382991828843,0.30735948489905335,0.30739293028065556,1.35211001996008,2.6590630738522956,0.2215351847087076,5.055306483696852,0.00011083111864467347,4.398637336016733
108.mat,12,Inner Race,3,1721.0,12000,0.00457439691905252,0.3142036429477828,0.31423693982221573,1.483032734530938,2.823934730538922,0.2255262269503961,5.252183097631707,0.007275738700799073,4.719472940927906
108.mat,13,Inner Race,3,1721.0,12000,0.004362112922592315,0.31660528474936545,0.31663533340481165,1.483032734530938,2.823934730538922,0.22774832842128245,5.234040626928994,0.001688060880816651,4.683724708116866
108.mat,14,Inner Race,3,1721.0,12000,0.004385629531951721,0.31782118502005824,0.3178514423342226,1.4320281037924152,2.777640718562874,0.2273288761831805,5.215098352070166,-0.004839647676067987,4.505337755512305
108.mat,15,Inner Race,3,1721.0,12000,0.004281807469046282,0.3164137257549047,0.3164426957938862,1.477672375249501,2.831081876247505,0.22593881852505926,5.291047613306744,-0.03477817017179233,4.6696365404875
108.mat,16,Inner Race,3,1721.0,12000,0.004533312252448228,0.31538641488665237,0.31541899374488186,1.477672375249501,2.8997919361277447,0.2259293801557042,5.2951972776117975,-0.006146338102778952,4.6847919895549355
108.mat,17,Inner Race,3,1721.0,12000,0.004900456888956462,0.3173859488133024,0.3174237782237505,1.4578552894211578,2.724199560878244,0.2272682009516124,5.146496053607939,-0.002796719686926857,4.5927727833720216
108.mat,18,Inner Race,3,1721.0,12000,0.004607907095964322,0.3185542897238972,0.31858761480839404,1.4578552894211578,2.724686866267465,0.2273301848646457,5.129040864641592,-0.00916792550814432,4.5759948650167885
108.mat,19,Inner Race,3,1721.0,12000,0.004677703440774701,0.3131508349831049,0.3131857697279614,1.4541192814371258,2.762209381237525,0.22333751668537924,5.212193151707014,0.0010796385822959837,4.642992824036031
108.mat,20,Inner Race,3,1721.0,12000,0.004957007791058508,0.31001198979768757,0.3100516178712218,1.4541192814371258,2.762209381237525,0.22133567027078654,5.202675582745397,0.0021267003651086374,4.6899264432836665
108.mat,21,Inner Race,3,1721.0,12000,0.004761141798434381,0.3116894320537722,0.3117257938080002,1.507073133732535,2.8981675848303396,0.22180770770958083,5.325061290066947,-0.020343973957048938,4.834611583861358
108.mat,22,Inner Race,3,1721.0,12000,0.004468948918569112,0.30934448803216924,0.3093767667106269,1.507073133732535,2.8981675848303396,0.22061062108205465,5.273589448115721,-0.02993027492439632,4.871319684914038
108.mat,23,Inner Race,3,1721.0,12000,0.004630075366844437,0.311700852091313,0.31173523829101074,1.314912375249501,2.5830434331337324,0.22390885528747195,5.053615277798456,-0.016636877483095416,4.218042151596624
108.mat,24,Inner Race,3,1721.0,12000,0.0046037431094841565,0.31191397573999974,0.31194794872310233,1.4960275449101796,2.7919350099800395,0.22399554552028755,5.189281019069321,-0.030900303180322868,4.795760161379085
108.mat,25,Inner Race,3,1721.0,12000,0.004689640202017838,0.3106654935291852,0.31070088766361226,1.4960275449101796,2.7919350099800395,0.2221836165462045,5.2853992339655,-0.009259504162022297,4.8150089179336035
108.mat,26,Inner Race,3,1721.0,12000,0.004762926364068737,0.30995918569979364,0.30999577782161597,1.3293691017964073,2.6332358882235534,0.22122090287199042,5.26424740858439,-0.03340351924706746,4.288345832120913
108.mat,27,Inner Race,3,1721.0,12000,0.004507495536271207,0.31215281309183585,0.31218535557766974,1.3293691017964073,2.6332358882235534,0.2226251180841442,5.18231260707254,-0.029533112376713223,4.258268615247933
108.mat,28,Inner Race,3,1721.0,12000,0.004482749559474801,0.31712096556812336,0.317152647547631,1.5091847904191618,2.9072639520958083,0.22554649168459956,5.28135447666612,-0.00894719565567102,4.7585438812788325
108.mat,29,Inner Race,3,1721.0,12000,0.0043766670467658446,0.31673594162160024,0.3167661786386924,1.5091847904191618,2.9072639520958083,0.22505129454957273,5.392330871999237,-0.02150171708720507,4.76434951769443
108.mat,30,Inner Race,3,1721.0,12000,0.0048661535717627255,0.3168534825919438,0.31689084695085024,1.4146475449101796,2.7942091017964072,0.22613468451768337,5.29535071115921,-0.028028856727214283,4.464147697928276
108.mat,31,Inner Race,3,1721.0,12000,0.005296630459783559,0.31668654672520385,0.31673083710141364,1.5075604391217565,2.887121996007984,0.22683411527530875,5.299301830343381,-0.02072059016093395,4.759752643343195
108.mat,32,Inner Race,3,1721.0,12000,0.004999242511071609,0.3128565342433728,0.3128964740045167,1.5075604391217565,2.8302697005988025,0.22361551235419785,5.277860703242973,-0.027096852026122754,4.818080625286927
108.mat,33,Inner Race,3,1721.0,12000,0.004963749483454966,0.3075184530413828,0.3075585111322717,1.431703233532934,2.7076311776447106,0.21922742408737214,5.2843409887178945,-0.001801012126905424,4.655059709653756
108.mat,34,Inner Race,3,1721.0,12000,0.005034378625561378,0.308683630460064,0.30872468103822026,1.431703233532934,2.759772854291417,0.22029796518291542,5.338316813766483,0.009704640752426007,4.637475788194882
108.mat,35,Inner Race,3,1721.0,12000,0.0050045565509605795,0.3115621359127727,0.3116023268860501,1.3758255489021958,2.7038951696606786,0.2213972576136789,5.3525780872791175,-0.007316292839603329,4.415325015866527
108.mat,36,Inner Race,3,1721.0,12000,0.005044491164156064,0.3105661506242517,0.31060711647460787,1.4848195209580837,2.808990698602794,0.2212745984690775,5.328487580590446,0.022974685827498235,4.780378304949325
108.mat,37,Inner Race,3,1721.0,12000,0.004797190024248378,0.31426977919302745,0.31430639055889875,1.4848195209580837,2.808990698602794,0.225097693256066,5.3218376089454305,0.021394254757987438,4.724114957757561
108.mat,38,Inner Race,3,1721.0,12000,0.004941382927504366,0.31372818915778705,0.31376710142629743,1.3893076646706586,2.6662102195608783,0.22499474364747069,5.300979828231442,0.017681649572081397,4.427830892261345
108.mat,39,Inner Race,3,1721.0,12000,0.004871705553736277,0.3130267195334032,0.31306462696517817,1.4258555688622754,2.6991845508982033,0.22277050069782312,5.366598452675046,-0.003496872216251502,4.554508705389037
108.mat,40,Inner Race,3,1721.0,12000,0.004520978921064121,0.3149330112001588,0.3149654596840804,1.4258555688622754,2.6991845508982033,0.22388240405906934,5.33775674755228,-0.016810274356397394,4.5270220115324715
108.mat,41,Inner Race,3,1721.0,12000,0.004664537312094562,0.3159060452900852,0.3159404807224887,1.4201703393213572,2.7664326946107782,0.22515674255005613,5.301193830366605,-0.01579499685253394,4.495056588107132
108.mat,42,Inner Race,3,1721.0,12000,0.004669692723927147,0.32033576796414154,0.3203698023648799,1.4320281037924152,2.7782904590818363,0.22717837781468314,5.348939601157582,-0.024779115174227446,4.469922237431824
108.mat,43,Inner Race,3,1721.0,12000,0.004376904988850424,0.3235769961419046,0.32360659716621903,1.50544878243513,2.9996895409181636,0.2296236689609063,5.394316036764605,-0.016059543462928982,4.652095462880391
108.mat,44,Inner Race,3,1721.0,12000,0.004570669159727419,0.32690570290045484,0.3269376540036466,1.50544878243513,2.9996895409181636,0.23180226668732845,5.375907380502114,-0.024737871071794437,4.604696840512407
108.mat,45,Inner Race,3,1721.0,12000,0.004883047459767964,0.32549504016210257,0.3255316656219838,1.517468982035928,3.0240548103792415,0.23131040074148576,5.430184869616592,-0.03115821888784079,4.661509592735147
108.mat,46,Inner Race,3,1721.0,12000,0.004489134338744387,0.31995993526339506,0.3199914256677313,1.517468982035928,3.0240548103792415,0.2286698384578499,5.4113616325617935,-0.031630125920758305,4.742217635580081
108.mat,47,Inner Race,3,1721.0,12000,0.004613062507796906,0.3091115755481034,0.30914599541888244,1.4177338123752496,2.7714681836327344,0.2211649468250998,5.436545370135116,-0.03692448070220023,4.58596855008349
108.mat,48,Inner Race,3,1721.0,12000,0.004451023948197356,0.30766601487360856,0.3076982098134387,1.4177338123752496,2.7591231137724552,0.2201478237275449,5.363584534717491,-0.026889857190245333,4.607546508752324
108.mat,49,Inner Race,3,1721.0,12000,0.004338160086077843,0.30923136553336456,0.30926179373236806,1.380048862275449,2.6179669860279438,0.22158975276010479,5.285562648073635,-0.018256307782464776,4.462396876187457
108.mat,50,Inner Race,3,1721.0,12000,0.004794850260416667,0.31182107701857065,0.3118579398733359,1.380048862275449,2.711529620758483,0.22417991097882362,5.296262885074988,-0.0116654237540304,4.42524844112024
108.mat,51,Inner Race,3,1721.0,12000,0.005252293918023328,0.32572176717337203,0.32576411128598204,1.6714574850299402,3.1882767265469063,0.23306914965966505,5.4199244534662405,-0.0077655929756694966,5.1308828293936894
108.mat,52,Inner Race,3,1721.0,12000,0.005505147039904565,0.3303963440690823,0.3304422049589707,1.6714574850299402,3.1882767265469063,0.23479399183079153,5.451393915625348,-0.006448766420447998,5.058244558189764
108.mat,53,Inner Race,3,1721.0,12000,0.005267204955323726,0.3283430833002375,0.32838532823368966,1.4641902594810379,2.9100253493013972,0.23462893933812062,5.23457220719753,-0.0323667192890276,4.458756630074144
108.mat,54,Inner Race,3,1721.0,12000,0.005217435402632234,0.3201493933803352,0.320191904510369,1.4575304191616767,2.856096886227545,0.23024204078171784,5.23944964412244,-0.02634922941535,4.5520526866239885
108.mat,55,Inner Race,3,1721.0,12000,0.004879478328499252,0.31167734853381895,0.3117155416366498,1.4575304191616767,2.856096886227545,0.22299963892527447,5.376504820014778,-0.005167293737613456,4.67583493434101
108.mat,56,Inner Race,3,1721.0,12000,0.004727472993466193,0.3054456148035403,0.3054821968685192,1.3979167265469064,2.6969104590818365,0.21805429029636042,5.383077662520365,-0.017348190598598538,4.576098839398407
108.mat,57,Inner Race,3,1721.0,12000,0.0051570377701628,0.30392047024648533,0.30396422038359655,1.4034395209580837,2.7336207984031935,0.2181140930736184,5.208404430261782,-0.02207345065680695,4.617120788713132
108.mat,58,Inner Race,3,1721.0,12000,0.0051679434490394215,0.3054353299985613,0.30547904748251153,1.4034395209580837,2.7599352894211577,0.21908953664935754,5.204830169809996,-0.01988052349679753,4.594225144159616
118.mat,0,Ball,0,1796.0,12000,0.015515053282107658,0.13634326650141887,0.1372231875399474,0.5090716966067864,1.0036866666666666,0.10975994728316804,2.9988021301638805,0.0037476013474218328,3.7098081288819302
118.mat,1,Ball,0,1796.0,12000,0.015269338422763845,0.1358714814605576,0.1367267792722243,0.5090716966067864,1.0036866666666666,0.11018388076386289,2.866030948609419,-0.012469104572109826,3.723277175959948
118.mat,2,Ball,0,1796.0,12000,0.015072044777632236,0.13602176632075333,0.13685425622462963,0.5204421556886227,0.977209740518962,0.10997183470948727,2.8779963624147866,-0.04689168744517346,3.802893457945365
118.mat,3,Ball,0,1796.0,12000,0.015055269860669285,0.1399200375059749,0.14072767334910002,0.5204421556886227,1.0080724151696607,0.11207448925391404,2.976359134577915,-0.057087327011359865,3.698221844381477
118.mat,4,Ball,0,1796.0,12000,0.015169442404253991,0.14185088283064956,0.14265968226058354,0.5258025149700598,1.0384477844311375,0.11367905170128492,2.9958965259697137,-0.03764725783762667,3.6857120851399623
118.mat,5,Ball,0,1796.0,12000,0.015011845430233282,0.14072956214130677,0.14152796601274656,0.5258025149700598,1.0384477844311375,0.11278700682619136,3.046987798256071,-0.033673152149321206,3.715184565873744
118.mat,6,Ball,0,1796.0,12000,0.015010616062796283,0.13587091362252482,0.1366975631209433,0.475447624750499,0.9073626347305389,0.10905738362142901,2.9819245073518177,-0.05724945553108776,3.478098759740481
118.mat,7,Ball,0,1796.0,12000,0.014972466015235157,0.13065378072129796,0.13150887861793353,0.46553908183632736,0.9296162475049901,0.1050875578822823,2.950801924714841,-0.04098760931586536,3.5399821421094755
118.mat,8,Ball,0,1796.0,12000,0.014878121978698852,0.1344506812061016,0.13527137239784998,0.5579646706586827,1.070122634730539,0.10825698610591317,2.99904356615867,-0.005851579284268901,4.124780142080906
118.mat,9,Ball,0,1796.0,12000,0.014927534618263473,0.13678648134332635,0.13759859290002793,0.5579646706586827,1.070122634730539,0.11005646277756986,2.966761584103572,0.0034463341917832266,4.055017270882059
118.mat,10,Ball,0,1796.0,12000,0.014758278482098305,0.1353501478287786,0.13615237530438973,0.4736608383233533,0.8994033133732535,0.10905282306480787,2.8822993984000904,0.017454150332982542,3.4789024962980712
118.mat,11,Ball,0,1796.0,12000,0.014553093091161429,0.13660708618720596,0.1373800877677647,0.4819450299401198,0.9076875049900199,0.11002394402601048,2.8486961099226353,-0.008636698233813312,3.5081141508282316
118.mat,12,Ball,0,1796.0,12000,0.014385740491672905,0.14170106623827616,0.14242942709481804,0.5157315369261477,0.9437481037924151,0.11386662937796282,2.8414816810241925,0.00040296424757281296,3.6209619560065716
118.mat,13,Ball,0,1796.0,12000,0.0143361295670378,0.14379541201625004,0.14450828740209332,0.5670610379241517,0.9997882235528942,0.11523840515258545,2.9099502930343113,0.02868563259811292,3.924072785848664
118.mat,14,Ball,0,1796.0,12000,0.013995356844903942,0.13853647300845345,0.1392416042956923,0.5670610379241517,1.023178882235529,0.11075759878680139,3.0486299515083113,0.017147103024836612,4.0724971591101875
118.mat,15,Ball,0,1796.0,12000,0.013403198310410428,0.13895931413928958,0.13960421451736318,0.5920760479041917,1.048193892215569,0.11105780238351423,3.09920687749505,0.00442494597548204,4.24110439610369
118.mat,16,Ball,0,1796.0,12000,0.013430958220278195,0.13752278453938513,0.13817708531511658,0.5920760479041917,1.0545288622754492,0.10990306944704342,3.1029900225642737,0.013188611683004949,4.284907635400951
118.mat,17,Ball,0,1796.0,12000,0.013441982870197105,0.13836830820583348,0.13901969507673073,0.4954271457085829,0.9578799600798403,0.1110778688326472,2.934285047075034,0.014100030675466248,3.563719122208807
118.mat,18,Ball,0,1796.0,12000,0.013500516623003993,0.13863885840685997,0.13929464099327502,0.4756100598802395,0.9279918962075848,0.11146666619885229,2.892996549300835,0.0026054820894100632,3.4144175001190566
118.mat,19,Ball,0,1796.0,12000,0.013608463015375499,0.13849729179039516,0.1391642558235221,0.4756100598802395,0.9398496606786426,0.11128035754662549,2.8878170257806928,-0.026550648970268334,3.417616521324077
118.mat,20,Ball,0,1796.0,12000,0.013417117922358408,0.14036800626284057,0.14100778785424342,0.46423960079840315,0.9078499401197604,0.11345748796352607,2.7910618974934143,-0.015895490106650898,3.292297594784461
118.mat,21,Ball,0,1796.0,12000,0.013228707448384482,0.13910811686819483,0.13973570366720986,0.46423960079840315,0.9062255888223553,0.11268373996148329,2.796270132024213,-0.005683393285329766,3.3222690308557183
118.mat,22,Ball,0,1796.0,12000,0.012865964740440994,0.1336609857821197,0.1342787852527356,0.4423108582834331,0.8842968463073853,0.10721785336553456,2.8950455750204673,-0.033596849345822286,3.2939742301878034
118.mat,23,Ball,0,1796.0,12000,0.012710985129350674,0.13407229499229312,0.13467349192569056,0.6070200798403194,1.0493309381237523,0.10749283510128183,2.9769615290815077,-0.0384500484172639,4.50734640619
118.mat,24,Ball,0,1796.0,12000,0.012477127717221807,0.13721757437676707,0.13778367622441878,0.6070200798403194,1.0782443912175648,0.11050585606131488,2.9951101977555736,-0.04430040615210362,4.405602292477807
118.mat,25,Ball,0,1796.0,12000,0.012197347482768836,0.1363525499648219,0.1368970166494678,0.5386348902195609,1.0683358483033931,0.10906801170120697,3.121922902500012,-0.040758596730079255,3.934599185596313
118.mat,26,Ball,0,1796.0,12000,0.012258934825661177,0.14206239832074455,0.1425903450437711,0.5495180439121756,1.0881529341317364,0.1136422499922031,3.0349871790071092,-0.017319693442667698,3.853823649444775
118.mat,27,Ball,0,1796.0,12000,0.012253977698899077,0.14080315846180294,0.14133537915987174,0.5495180439121756,1.0348742115768463,0.11228736810558569,2.9634196705856115,-0.006081229107911775,3.8880430871493785
118.mat,28,Ball,0,1796.0,12000,0.012277692593328967,0.136014799387907,0.13656781241547686,0.4346764071856287,0.8675660279441118,0.10796173963596244,3.007358388381601,-0.012810873404638075,3.182861316275782
118.mat,29,Ball,0,1796.0,12000,0.012173830873409432,0.13606506330949147,0.13660857810383029,0.4644020359281437,0.877961876247505,0.108802983875998,2.948036754795029,-0.008243240448369759,3.3995085987585036
118.mat,30,Ball,0,1796.0,12000,0.012027417177364021,0.13548142264062651,0.13601424427127629,0.4699248303393213,0.9388750499001997,0.10911762262584207,2.896864649139941,-0.00564213218368408,3.4549677708907494
118.mat,31,Ball,0,1796.0,12000,0.011893614411801397,0.13295751280358503,0.13348842000223124,0.4699248303393213,0.9388750499001997,0.10730878689885853,2.861834330786414,-0.025391745709109344,3.520341542221165
118.mat,32,Ball,0,1796.0,12000,0.011947508293958957,0.1316382487375508,0.1321793156478105,0.44848339321357283,0.8815354491017964,0.10611570562975611,2.8521312755244628,-0.03463270001039562,3.39299224705134
118.mat,33,Ball,0,1796.0,12000,0.012081667972648452,0.13732648960962723,0.13785692383592626,0.5790812375249501,1.0493309381237526,0.11041163099582085,2.923450080333109,-0.02368941317340811,4.200595961463333
118.mat,34,Ball,0,1796.0,12000,0.011868828777990892,0.13602233825827126,0.13653917240780697,0.5790812375249501,1.0493309381237526,0.10920363868941804,2.9455092027197836,-0.023688646152570523,4.241136278425544
118.mat,35,Ball,0,1796.0,12000,0.01161653085430701,0.13185187070315604,0.13236260649069603,0.48535616766467066,0.925880239520958,0.10550927057018775,2.9515436922587206,0.007604262365078609,3.6668677093389443
118.mat,36,Ball,0,1796.0,12000,0.011539992817100175,0.13884607133882676,0.13932481100093153,0.5105336127744511,0.9876055888223553,0.11128015926155502,2.8991696346524285,0.039825737678584903,3.6643409677479317
118.mat,37,Ball,0,1796.0,12000,0.011692949920471556,0.14397035399810343,0.14444441113515566,0.5105336127744511,0.9876055888223553,0.1158823160904753,2.8524972020593893,0.014447962668845809,3.5344642881111423
118.mat,38,Ball,0,1796.0,12000,0.011685375430779067,0.13925385517430394,0.1397432795516989,0.5160564071856288,0.9824076646706588,0.11113136614466379,3.07280017706474,0.002683900036315633,3.692888909156526
118.mat,39,Ball,0,1796.0,12000,0.011560376522345933,0.13551301096730828,0.13600521477783203,0.5160564071856288,0.9824076646706588,0.1081126742316149,3.138346262972723,0.03550209848892509,3.794386913976939
118.mat,40,Ball,0,1796.0,12000,0.011379580195078592,0.1391701292611234,0.13963459357900543,0.4661888223552894,0.9210071856287425,0.11189535852123877,2.9188188686437755,0.04072480927153957,3.3386341479306787
118.mat,41,Ball,0,1796.0,12000,0.011119430182603543,0.14177046715569536,0.14220586164124846,0.5391221956087824,1.0410467465069861,0.11363907743107535,2.9434987089416995,0.00808362843745708,3.7911390528251174
118.mat,42,Ball,0,1796.0,12000,0.011035753882859281,0.13839551471655398,0.13883481680552234,0.5391221956087824,1.0410467465069861,0.11108833828436876,2.946532521127705,-0.01522298882084023,3.883191608658053
118.mat,43,Ball,0,1796.0,12000,0.011121611318378868,0.1377172090189103,0.1381655525023344,0.47187405189620757,0.9346517365269461,0.11115468446895271,2.875132754166673,-0.012879566482869814,3.415280027112655
118.mat,44,Ball,0,1796.0,12000,0.011069105431714694,0.14171028143054726,0.14214193244142742,0.5313253093812376,1.0550161676646708,0.11464545347781001,2.915179635588194,0.002926718773589301,3.7379913179397737
118.mat,45,Ball,0,1796.0,12000,0.01106954165886976,0.14112738071373335,0.14156084324295506,0.5313253093812376,1.0550161676646708,0.11422536672748254,2.8399264404591147,0.018206136231234075,3.753335295335489
118.mat,46,Ball,0,1796.0,12000,0.011155795664530314,0.136762820498562,0.13721705742228496,0.4720364870259481,0.9400120958083833,0.11009790435730102,2.8704683331178247,-0.0005282988370125234,3.440071488876617
118.mat,47,Ball,0,1796.0,12000,0.011084294068113773,0.1370405447378807,0.1374880812181314,0.5576398003992016,1.1024472255489022,0.11013426983922779,2.976760510472233,-0.02146781871479608,4.055913759640585
118.mat,48,Ball,0,1796.0,12000,0.011166503058336451,0.14076434687095657,0.1412065584190721,0.565923992015968,1.1235637924151696,0.11228284720597867,3.105520232280618,0.02210584339760529,4.0077741313999145
118.mat,49,Ball,0,1796.0,12000,0.011272823513129991,0.14107092689152484,0.1415206096792694,0.565923992015968,1.0602140918163672,0.11181985156639845,3.155099511564453,0.014459459315630384,3.9988803983994363
118.mat,50,Ball,0,1796.0,12000,0.011361615567692739,0.14570407734450755,0.14614638026007445,0.5582895409181636,1.0628130538922156,0.11598974694166356,3.0893781176460267,-0.019958012447789837,3.8200709447928904
118.mat,51,Ball,0,1796.0,12000,0.011338574842502495,0.1480017415342128,0.14843543639110898,0.5582895409181636,1.0628130538922156,0.11800420428673902,3.059000195535676,-0.0009485229264672663,3.761160774622172
118.mat,52,Ball,0,1796.0,12000,0.011355151474394962,0.14594816144368944,0.14638922533369622,0.5313253093812376,1.0213920958083833,0.1168681894609219,2.9512586020676213,0.011490137260416967,3.6295383637017977
118.mat,53,Ball,0,1796.0,12000,0.011395561971759605,0.14088155288148402,0.14134168095417074,0.5191426746506986,1.004986147704591,0.11293338086522267,2.9758980946940206,-0.006890443822108688,3.6729623642938547
118.mat,54,Ball,0,1796.0,12000,0.010985270503914048,0.13585083596146802,0.13629426179951176,0.5191426746506986,1.0030369261477046,0.10802899793187064,3.084692854412213,-0.03169110594748802,3.8089840892520854
118.mat,55,Ball,0,1796.0,12000,0.010769576004241516,0.1366906664066966,0.13711426639856975,0.483894251497006,0.9169463073852295,0.10903505672249253,3.0107110916373285,-0.03494229244485789,3.5291313165794214
118.mat,56,Ball,0,1796.0,12000,0.01051533488686689,0.14140306673168254,0.1417935102496148,0.4931530538922156,0.9776970459081836,0.11286588462722992,3.0044669177017918,-0.0160597783887189,3.4779663259909688
118.mat,57,Ball,0,1796.0,12000,0.010063760467346557,0.1447191598148569,0.14506865440977323,0.522391377245509,1.0155444311377246,0.1147100547537737,3.0999084272885136,-0.02434011571006559,3.6009941594268735
119.mat,0,Ball,1,1772.0,12000,0.0045861750522392716,0.13927697318600432,0.13935246055045006,0.4769095409181637,0.9201950099800399,0.11168422457818737,2.8573039719795914,0.0121094086484106,3.422325942680482
119.mat,1,Ball,1,1772.0,12000,0.004372780659384356,0.14031719094872852,0.1403853100806385,0.4769095409181637,0.9054134131736526,0.11208947960524263,2.8963155138984984,0.034865456109039863,3.397147042266907
119.mat,2,Ball,1,1772.0,12000,0.004161448431262475,0.13622195662685274,0.13628550590687993,0.5037113373253493,0.9244183233532934,0.1081236592245197,3.052518065928955,0.027927706122773677,3.696000788737734
119.mat,3,Ball,1,1772.0,12000,0.004091414144367516,0.13838637981492635,0.13844684824141643,0.5152442315369261,1.0301635928143713,0.10941417777725798,3.2444767156455008,0.019224980510284696,3.721603186216778
119.mat,4,Ball,1,1772.0,12000,0.0039320722617265476,0.13808710940678956,0.13814308153720226,0.5152442315369261,1.0301635928143713,0.1102819525597243,3.0842887830925383,0.005118356521301806,3.7297867240508142
119.mat,5,Ball,1,1772.0,12000,0.0038955084947292916,0.13417390796463022,0.1342304457451199,0.46277768463073854,0.9214944910179641,0.10724184585906313,2.9509048558540836,-0.01041411483217972,3.4476357585034942
119.mat,6,Ball,1,1772.0,12000,0.003758215911926147,0.1381028546455081,0.13815398165843426,0.497051497005988,0.9877680239520958,0.10978362252058382,3.0816446259314643,-0.0013174502891383118,3.5978079751250016
119.mat,7,Ball,1,1772.0,12000,0.0036495953503149947,0.14105892231010422,0.1411061271154058,0.4991631536926148,0.9962146506986028,0.11254386967276384,3.043840183964637,-6.194864934415117e-05,3.537501623046933
119.mat,8,Ball,1,1772.0,12000,0.0036884592241298655,0.14194260482002227,0.14199052008687438,0.6396695409181637,1.2310958483033931,0.11352355654901136,3.075140141658314,0.004297083755950083,4.505015831527297
119.mat,9,Ball,1,1772.0,12000,0.003512144139455464,0.1404752982621729,0.14051919647614963,0.6396695409181637,1.2310958483033931,0.1121832287865675,3.154608118670962,0.024102008666082912,4.552186156478165
119.mat,10,Ball,1,1772.0,12000,0.003497391730211453,0.1387822256142132,0.13882628675920466,0.5233659880239522,1.0436457085828343,0.11036606508662364,3.1346368671018783,0.020278092211995866,3.769934356392711
119.mat,11,Ball,1,1772.0,12000,0.0033882159704029446,0.1375983717087088,0.13764008102420636,0.5233659880239522,1.0436457085828343,0.10978750890796532,3.032318593573384,0.022858094040145896,3.8024242947946925
119.mat,12,Ball,1,1772.0,12000,0.003258418563264097,0.13424472958926115,0.1342842683043225,0.5298633932135728,0.9996257884231536,0.10750980830331525,3.0022709435114967,0.03143346754068646,3.9458337145849938
119.mat,13,Ball,1,1772.0,12000,0.0032548890890094807,0.13427224305770435,0.13431168809425706,0.5298633932135728,0.9577175249500998,0.10783178360076721,2.9247713647698386,0.022776255802296173,3.945028170904427
119.mat,14,Ball,1,1772.0,12000,0.0033890884247130735,0.13285427329354804,0.13289749377887936,0.45351888223552894,0.8813730139720559,0.10637541941507608,2.863611221670374,0.025132608858514423,3.4125465374848485
119.mat,15,Ball,1,1772.0,12000,0.0035132941928642707,0.1344260284062672,0.13447193145473954,0.4905540918163673,0.9236061477045908,0.10718577084113023,2.9626779305257593,0.055828773223630335,3.6480036131664964
119.mat,16,Ball,1,1772.0,12000,0.0034513499368450597,0.14039543547202193,0.14043785144242713,0.4905540918163673,0.9236061477045908,0.11265796290232036,2.8591468965053526,0.059796598283432756,3.493033301050403
119.mat,17,Ball,1,1772.0,12000,0.00346376258225736,0.14116801629543443,0.1412105041277535,0.4549807984031936,0.8984287025948103,0.11301126724090882,2.8092956788028123,0.02921198228314886,3.2220039239543494
119.mat,18,Ball,1,1772.0,12000,0.0036403949230445357,0.13809082516052268,0.13813880145965424,0.48503129740518963,0.9400120958083833,0.10993705550812438,2.9479134030985112,0.028980762103356778,3.5111879665964176
119.mat,19,Ball,1,1772.0,12000,0.003833128011555015,0.13834226299188812,0.1383953561362147,0.6596490618762475,1.251075369261477,0.10988272539881175,3.2127891814653395,0.01268293449470375,4.766410378878554
119.mat,20,Ball,1,1772.0,12000,0.0037948193359374997,0.13898747424022292,0.13903927017022577,0.6596490618762475,1.251075369261477,0.11061772849808196,3.171577969031133,0.011720426574971998,4.744336337990261
119.mat,21,Ball,1,1772.0,12000,0.0037991816074881483,0.13751354616504036,0.13756601745987765,0.48763025948103794,0.9585297005988024,0.11001954209744574,2.9148418123808733,0.03405342414745465,3.5446999810346305
119.mat,22,Ball,1,1772.0,12000,0.003923347718625249,0.1396492839695882,0.13970438493669385,0.4975388023952096,0.9736361676646706,0.11193334994074353,2.9222695571935025,0.03414063844307939,3.561368547026395
119.mat,23,Ball,1,1772.0,12000,0.0039625685055669916,0.14336804851464735,0.1434227990385754,0.4975388023952096,0.9736361676646706,0.11467456172615706,2.8977199178936472,0.031852574609143015,3.469035646566834
119.mat,24,Ball,1,1772.0,12000,0.00412290181356038,0.14273623365500313,0.1427957657543805,0.5214167664670659,0.9879304590818363,0.11417595408791792,2.9128691815674386,0.014711574429402581,3.6514861887707664
119.mat,25,Ball,1,1772.0,12000,0.003978074398078842,0.14090208840618076,0.14095823350602768,0.5214167664670659,0.9879304590818363,0.1127158621429017,2.963746221112832,0.022969397204818554,3.6990869812849136
119.mat,26,Ball,1,1772.0,12000,0.003826941517355913,0.13998345162553122,0.14003575332883636,0.5113457884231537,1.0199301796407185,0.1119473488667197,3.0515118422662084,0.02989085058763142,3.6515373843306675
119.mat,27,Ball,1,1772.0,12000,0.0040309371978698855,0.13661953129221913,0.13667898443139975,0.509559001996008,1.0181433932135728,0.10876257337863336,3.1572454562447803,-0.011743899459359754,3.728144484800146
119.mat,28,Ball,1,1772.0,12000,0.0040031772880021205,0.13485048984184544,0.13490989600094147,0.46261524950099797,0.8940429540918163,0.1077363291678362,2.9690373550702147,-0.011553511451095183,3.4290683131041004
119.mat,29,Ball,1,1772.0,12000,0.004005556708847929,0.1370803658455329,0.13713887554188617,0.46131576846307387,0.9210071856287425,0.11016714550391404,2.880166648800067,0.007699407605857246,3.363858472954846
119.mat,30,Ball,1,1772.0,12000,0.0039933820055202095,0.13959304122713126,0.13965014951256438,0.513619880239521,1.0064480638722555,0.11165749575068612,2.9829302234923967,-0.016331538917638014,3.6779042631337133
119.mat,31,Ball,1,1772.0,12000,0.003999409871662925,0.14388964263984202,0.14394521366944787,0.513619880239521,1.0064480638722555,0.11564492920409182,2.916265230554226,0.015451324217116064,3.5681622691462644
119.mat,32,Ball,1,1772.0,12000,0.003999885755832086,0.1381872116045885,0.138245088654574,0.5470815169660679,1.0111586826347305,0.11086713145973678,2.9599480583549562,0.039634206378948794,3.9573305807125836
119.mat,33,Ball,1,1772.0,12000,0.003907246970901946,0.13597975416828584,0.13603587807104076,0.5470815169660679,1.0356863872255488,0.10858796354556513,3.04625509145859,-0.002958548956754708,4.021597278038449
119.mat,34,Ball,1,1772.0,12000,0.0038836510475143463,0.1434365427398729,0.14348910947743124,0.488604870259481,0.964377365269461,0.11524490890289733,2.8440222921300022,-0.028548715366925683,3.405170413552058
119.mat,35,Ball,1,1772.0,12000,0.0038888857733751243,0.14336915916746498,0.14342189244653086,0.5193051097804391,1.032275249500998,0.1153906880867172,2.8145858813943696,-0.015479453051275065,3.62082176522696
119.mat,36,Ball,1,1772.0,12000,0.003858746442661551,0.1383361024092968,0.13838990987027996,0.5193051097804391,1.032275249500998,0.11117752690907248,2.885886332241765,0.024505086015975248,3.75247812696179
119.mat,37,Ball,1,1772.0,12000,0.00383554708941492,0.1380469454390356,0.1381002192848483,0.47820902195608783,0.9460221956087824,0.11068962666463947,2.8937075516663793,0.021303616758297228,3.4627680132044123
119.mat,38,Ball,1,1772.0,12000,0.003930287696092191,0.1387476914561128,0.13880334666633481,0.5285639121756487,0.9963770858283434,0.11107774986160492,2.943339798878838,-0.010438552543247244,3.8080055335138825
119.mat,39,Ball,1,1772.0,12000,0.003854463485139097,0.1381402131842529,0.1381939773917413,0.5285639121756487,1.0041739720558882,0.11076342836787362,3.001000883923075,0.0020963180695745104,3.824797014686955
119.mat,40,Ball,1,1772.0,12000,0.003843518149248378,0.1440676743916845,0.14411893503766957,0.562187984031936,1.0860412774451096,0.11525918542797217,3.0490936751905875,-0.0033899581528426966,3.900861353749195
119.mat,41,Ball,1,1772.0,12000,0.003876631756019212,0.1454118048203462,0.14546347051711037,0.562187984031936,1.0503055489021955,0.11573526788220434,3.0549302818936392,-0.01649963388604244,3.864805246522754
119.mat,42,Ball,1,1772.0,12000,0.003941074403926522,0.14148341275554463,0.14153829217711048,0.4881175648702595,0.9702250299401198,0.11225572180833646,3.0454474737657287,-0.0020780069475223044,3.4486608349030066
119.mat,43,Ball,1,1772.0,12000,0.003930565295190868,0.13796083280183166,0.13801681321822612,0.4821074650698603,0.9507328143712575,0.11016758173106911,2.955700031796642,-0.004803550317118157,3.4931067732130083
119.mat,44,Ball,1,1772.0,12000,0.0038300347644554646,0.13720661009411883,0.13726005617009085,0.5214167664670659,1.0368234331337325,0.11098566627487212,2.865349921454475,-0.015486570531371294,3.798750933198899
119.mat,45,Ball,1,1772.0,12000,0.003917081910397954,0.13634202862437284,0.13639828554678415,0.5214167664670659,1.0368234331337325,0.11014616694345683,2.8935804226846917,-0.02330953768654239,3.8227516158054766
119.mat,46,Ball,1,1772.0,12000,0.003986600656109654,0.13430805915393712,0.13436721228963844,0.46294011976047905,0.9010276646706588,0.10767985757976235,2.9089509338353987,-0.043568223702993354,3.445335449563227
119.mat,47,Ball,1,1772.0,12000,0.004209592046375998,0.13886977099745884,0.13893355952426892,0.47642223552894214,0.9445602794411178,0.1110990456781749,2.9140563235484103,-0.007998682374018622,3.4291371873022563
119.mat,48,Ball,1,1772.0,12000,0.00405421586514471,0.13925075200668577,0.13930975773688176,0.47642223552894214,0.9445602794411178,0.111333815201628,2.9326894204386176,0.010647920386685637,3.4198769940349343
119.mat,49,Ball,1,1772.0,12000,0.003929732497894835,0.13546276658402712,0.13551975475222652,0.4725237924151697,0.933677125748503,0.10912543505761914,2.8587057740363977,-0.018508307037885058,3.4867521217042814
119.mat,50,Ball,1,1772.0,12000,0.004148956471821981,0.1386436654075299,0.13870573094663455,0.4288287425149701,0.835079001996008,0.11193608627471618,2.7983944237798797,-0.013035563560427932,3.0916440120268507
119.mat,51,Ball,1,1772.0,12000,0.004222321947901073,0.14068915666462548,0.14075250195160033,0.4968890618762475,0.9257178043912175,0.11291252127580775,2.8884050943986352,-0.0046100230550056905,3.5302325357392905
119.mat,52,Ball,1,1772.0,12000,0.0041513358926677894,0.14211720288843702,0.14217782157047884,0.4968890618762475,0.9279918962075848,0.1145313205912394,2.8353779440735036,0.012186601568578122,3.4948422784065167
119.mat,53,Ball,1,1772.0,12000,0.003969310197963448,0.14100351202956518,0.14105936986999265,0.4861683433133732,0.9507328143712575,0.1139934921660585,2.7586371507399976,-0.011531433036285343,3.446551219968232
119.mat,54,Ball,1,1772.0,12000,0.004050329477763223,0.14150206270446522,0.14156001878530833,0.4866556487025948,0.9288040718562874,0.11362940111963574,2.8357557762210477,-0.0021692827330299955,3.437804352376237
119.mat,55,Ball,1,1772.0,12000,0.004128414138519835,0.14274482769370608,0.14280451546293965,0.4866556487025948,0.9288040718562874,0.11465719195398266,2.802581786671008,0.03126620490678322,3.4078449629198926
119.mat,56,Ball,1,1772.0,12000,0.004076780706165793,0.13806004495351462,0.13812022354996623,0.5292136526946108,1.0442954491017966,0.11008180360957771,2.997946315481501,0.0040535506507971344,3.831543557436852
119.mat,57,Ball,1,1772.0,12000,0.0041271451140687376,0.1385029784612928,0.13856445564949882,0.5292136526946108,1.0442954491017966,0.10973829455347117,3.056881715620371,-0.03422778521483984,3.819259782128152
120.mat,0,Ball,2,1748.0,12000,0.00491564552535554,0.1434364377714181,0.14352064399062892,0.4712243113772455,0.9097991616766468,0.11612089268728168,2.6767454577402177,-0.02653305172344837,3.283320770272002
120.mat,1,Ball,2,1748.0,12000,0.004874124631596184,0.14481520503505455,0.1448972073584209,0.4712243113772455,0.8945302594810379,0.11676940383880675,2.733594562624435,-0.036456634000266525,3.2521283188820522
120.mat,2,Ball,2,1748.0,12000,0.004849933852997131,0.14487383094899242,0.1449549887110329,0.46553908183632736,0.8846217165668663,0.11718477140445671,2.7327593579606098,-0.0005084231054482016,3.2116113144914062
120.mat,3,Ball,2,1748.0,12000,0.004770500853761227,0.14568833092005268,0.14576641398026677,0.49965045908183636,0.9078499401197605,0.11834168547670285,2.695302266764187,0.022447287233165827,3.427747486121713
120.mat,4,Ball,2,1748.0,12000,0.0047542811349956336,0.14483179731197826,0.14490980885270854,0.49965045908183636,0.9658392814371257,0.11715701149458894,2.7235057715515474,0.005613128591104937,3.448009924502066
120.mat,5,Ball,2,1748.0,12000,0.004678655209113024,0.14747416253146292,0.14754835962802876,0.4661888223552894,0.9320527744510978,0.11888934884137974,2.7515135742368484,0.0020015591134343925,3.1595662841020884
120.mat,6,Ball,2,1748.0,12000,0.004723071064901447,0.1486849062433992,0.14875990301453051,0.4824323353293413,0.9482962874251497,0.11985309359796033,2.740046418260804,-0.0014827359141448887,3.243026686312228
120.mat,7,Ball,2,1748.0,12000,0.0046306702220558875,0.14732033669084907,0.1473930958675153,0.4824323353293413,0.9341644311377246,0.11944827479806014,2.673812333252781,-0.020044309174147006,3.2730999541727313
120.mat,8,Ball,2,1748.0,12000,0.0047981021355726055,0.14605028218524374,0.14612907551371396,0.45173209580838325,0.8774745708582834,0.11855884728589695,2.6605010510160465,0.0257481379614721,3.0913224778869486
120.mat,9,Ball,2,1748.0,12000,0.00500070982059319,0.14555846665525735,0.14564434185281433,0.5667361676646706,1.117716127744511,0.11714495576230352,2.8970352464460842,0.033534075477321484,3.8912336755066286
120.mat,10,Ball,2,1748.0,12000,0.005009711962793163,0.14642079001667327,0.14650646730795497,0.5667361676646706,1.124863273453094,0.11643465898281562,3.0680642704694994,-0.001831472215286357,3.8683354945239206
120.mat,11,Ball,2,1748.0,12000,0.004829034606568113,0.14569634874732745,0.14577635478202322,0.5581271057884232,1.0524172055888223,0.11703752491111527,2.899095508725631,-0.0033530852242675538,3.828653190176011
120.mat,12,Ball,2,1748.0,12000,0.004672627342970309,0.14590724102985944,0.14598204146822913,0.47642223552894214,0.9430983632734531,0.11884667789421158,2.7086661507724186,0.028304393706014782,3.2635674274539346
120.mat,13,Ball,2,1748.0,12000,0.0047515448010229545,0.1508693851452582,0.1509441901899652,0.47642223552894214,0.9385501796407186,0.12280087876980414,2.682372736780384,0.03987424443810245,3.156280708315826
120.mat,14,Ball,2,1748.0,12000,0.004657002479416169,0.14892818825002502,0.14900098297504008,0.4700872654690619,0.9322152095808384,0.12027916855741641,2.7703443931923935,0.03160301587894225,3.154927276874466
120.mat,15,Ball,2,1748.0,12000,0.004784341151681013,0.1463172789144107,0.1463954781718791,0.45449349301397207,0.8981038323353294,0.11804596312258296,2.7391921956164014,0.024115148602173623,3.10455964002087
120.mat,16,Ball,2,1748.0,12000,0.004854058182463199,0.14779421426371778,0.14787390456286886,0.5522794411177645,1.084579361277445,0.11919046454941679,2.8326069110783156,0.012436325631212657,3.7347998806845726
120.mat,17,Ball,2,1748.0,12000,0.004886497619994386,0.14812812120245572,0.1482086979564952,0.5522794411177645,1.084579361277445,0.11923527697534617,2.8668434797364934,0.012447751667880787,3.726363221137529
120.mat,18,Ball,2,1748.0,12000,0.004794810603402569,0.15097002710702923,0.1510461495484729,0.5165437125748502,1.0028744910179639,0.12121995190283495,2.8211217205129078,0.019915904083995135,3.4197741161821793
120.mat,19,Ball,2,1748.0,12000,0.004738973527554266,0.14927575279614014,0.14935095661879505,0.5160564071856288,0.9674636327345311,0.11986114397182199,2.810813204096549,0.02948062229950324,3.4553270957802877
120.mat,20,Ball,2,1748.0,12000,0.0047534483376996004,0.14952076948737938,0.1495963093769269,0.5191426746506986,1.0351990818363275,0.12036451045175275,2.7872074672824905,0.04462811848402937,3.4702906563199547
120.mat,21,Ball,2,1748.0,12000,0.004736475135666167,0.1513775428814678,0.1514516249022816,0.5191426746506986,0.9962146506986028,0.12155073105741641,2.7754554154739783,0.032936307440825485,3.4277788368771596
120.mat,22,Ball,2,1748.0,12000,0.004811863119464196,0.15341476335838725,0.15349020699377017,0.5214167664670659,1.014732255489022,0.12258217033706026,2.866541667711052,0.03194600755116974,3.397068625285189
120.mat,23,Ball,2,1748.0,12000,0.004788624109203468,0.15216576995538159,0.15224109979559838,0.5488683033932136,1.0702850698602795,0.1216651415430857,2.9325035534829635,0.059186948335834336,3.6052570832064004
120.mat,24,Ball,2,1748.0,12000,0.004634397981380989,0.145122886384946,0.1451968656595168,0.5488683033932136,1.0220418363273454,0.11662517127853668,2.8439236880033056,0.04119090295444518,3.780166334170716
120.mat,25,Ball,2,1748.0,12000,0.004538150408168039,0.14852398860223565,0.1485933040195425,0.5303506986027944,0.9898796806387224,0.11886432526548465,2.9023515145787218,0.0003824563434659592,3.569142648130662
120.mat,26,Ball,2,1748.0,12000,0.004659143958177395,0.15082619798814148,0.15089814320256256,0.5387973253493015,1.0691480239520958,0.12012363374812873,2.995752396275998,0.03042154039387914,3.570602751725255
120.mat,27,Ball,2,1748.0,12000,0.004715655203265345,0.14606194261913644,0.14613804598964633,0.5387973253493015,1.0431584031936127,0.11704494077275138,2.893536779975863,0.03810392826225601,3.6869065936975405
120.mat,28,Ball,2,1748.0,12000,0.004717677710984282,0.14773195216249826,0.14780726021656512,0.6045835528942115,1.1247008383233532,0.11902442063139347,2.798672963836173,0.028467000709615643,4.0903508529174015
120.mat,29,Ball,2,1748.0,12000,0.004829907060878244,0.14749583575878525,0.14757489477685312,0.6045835528942115,1.1247008383233532,0.11839657078421283,2.893048631143447,0.04816972051648048,4.096791353355852
120.mat,30,Ball,2,1748.0,12000,0.0048813818651758985,0.1476359645566488,0.1477166406316016,0.5295385229540919,1.014407385229541,0.11842694805701098,2.8464746314484803,0.03971200139258351,3.5848264670108243
120.mat,31,Ball,2,1748.0,12000,0.004772721646550649,0.1489108872338112,0.14898735251247433,0.5295385229540919,1.0212296606786428,0.11908398546656687,2.8601678601199776,0.03871812595901788,3.5542515121191576
120.mat,32,Ball,2,1748.0,12000,0.004673579111308633,0.14614941096283085,0.1462241179371313,0.5033864670658682,0.9567429141716566,0.11665269324631986,2.926549630476395,0.031520954438197364,3.442567985141124
120.mat,33,Ball,2,1748.0,12000,0.004689838487088324,0.1454288705434353,0.14550447062744923,0.5033864670658682,0.9567429141716566,0.11664460321544412,2.8518253404118887,0.03119599190338623,3.459594505207629
120.mat,34,Ball,2,1748.0,12000,0.004644153606848802,0.14599176294690872,0.14606561200731127,0.5519545708582835,0.9981638722554891,0.11671098905704216,2.835335176189554,0.032297248732343416,3.778812571097539
120.mat,35,Ball,2,1748.0,12000,0.004545526612790045,0.14667820468046566,0.1467486202336232,0.5519545708582835,1.0428335329341318,0.11740700931145522,2.8567371300463282,0.039046498862542425,3.7612249435774867
120.mat,36,Ball,2,1748.0,12000,0.004585302597929141,0.14609816277232396,0.14617010010724849,0.5102087425149701,1.0010877045908184,0.1179696233704466,2.7545108132419123,0.04142908058736052,3.49051373803957
120.mat,37,Ball,2,1748.0,12000,0.004595454793537923,0.14529299084111189,0.1453656472221511,0.518005628742515,0.954956127744511,0.11678260962450099,2.790785070327823,0.061800048608637255,3.563466600543435
120.mat,38,Ball,2,1748.0,12000,0.004603425853371382,0.1465286277960537,0.1466009218708461,0.518005628742515,0.963077884231537,0.11751876277718001,2.84417545106875,0.0713999083262976,3.533440459527755
120.mat,39,Ball,2,1748.0,12000,0.004493972494464197,0.1506817759936159,0.15074877580057242,0.535548622754491,1.032600119760479,0.12117513947690556,2.875879629082939,0.020706489738357443,3.5525901945829097
120.mat,40,Ball,2,1748.0,12000,0.00437583424946981,0.1552690080022124,0.1553306562510116,0.535548622754491,1.032600119760479,0.12403460847835579,2.970738947883929,0.04220882037347258,3.447797335569444
120.mat,41,Ball,2,1748.0,12000,0.004257814975517714,0.15105065072507415,0.15111064844290123,0.5129701397205588,0.9807833133732535,0.12061197021971681,2.8862754907791603,0.056358716775900694,3.3946657300884397
120.mat,42,Ball,2,1748.0,12000,0.004329157943877869,0.1467664961139466,0.14683033062030523,0.5677107784431138,1.070772375249501,0.11797164587816554,2.7825546022961767,0.04298370574296228,3.866440782668951
120.mat,43,Ball,2,1748.0,12000,0.004359257617577345,0.14593684615777314,0.14600193900580208,0.5677107784431138,1.070772375249501,0.11705862244261477,2.897321377533001,0.05147847255542658,3.8883783483214778
120.mat,44,Ball,2,1748.0,12000,0.004271338017324725,0.14529297598533955,0.14535574704542886,0.5241781636726547,1.0382853493013973,0.11712354097469124,2.8467211715782215,0.023946709849708817,3.606174329721069
120.mat,45,Ball,2,1748.0,12000,0.004279626333270958,0.1444145582857133,0.14447795626465001,0.5241781636726547,1.0382853493013973,0.1169130018868513,2.77277415458889,0.03444329944801053,3.628084015200784
120.mat,46,Ball,2,1748.0,12000,0.0041111236803736285,0.1429368867436324,0.14299599620226197,0.4985134131736527,0.9804584431137725,0.11496612009379678,2.831484514852027,0.034018135661019994,3.4862053932511925
120.mat,47,Ball,2,1748.0,12000,0.003980572789966942,0.14481863605970974,0.14487333194874372,0.5241781636726547,1.0226915768463074,0.11619096663119075,2.89879413886242,0.010443707582921326,3.6181825641872396
120.mat,48,Ball,2,1748.0,12000,0.0039433348537300395,0.14573121153937701,0.14578455304490695,0.5241781636726547,1.0027120558882237,0.11778624933726298,2.823548420676203,0.030266451666200837,3.595567244433563
120.mat,49,Ball,2,1748.0,12000,0.004028835376122754,0.1445844130497382,0.14464053377744843,0.5171934530938124,1.0111586826347305,0.11662517127853667,2.824252509904883,0.03148462650013929,3.5757158770555533
120.mat,50,Ball,2,1748.0,12000,0.004064130118668913,0.14437564139621928,0.14443283207841343,0.5491931736526946,1.066386626746507,0.11619457541947355,2.848559424358444,0.018945839487516433,3.8024122753096363
120.mat,51,Ball,2,1748.0,12000,0.004138605991142715,0.1468670515127984,0.14692535138502444,0.5548784031936127,1.1040715768463074,0.11769313466816367,2.9931564683368355,0.05194957688448171,3.776600824588325
120.mat,52,Ball,2,1748.0,12000,0.004272210471634855,0.1475851415061027,0.14764696331347388,0.5548784031936127,1.0733713373253493,0.1177858924241361,3.011080608180437,0.049609045583892994,3.7581430104697313
120.mat,53,Ball,2,1748.0,12000,0.004215421627448228,0.14555020989793563,0.14561124057170272,0.49234087824351297,0.958692135728543,0.11693588398398516,2.8318207156785133,0.019770523410226937,3.381201041282741
120.mat,54,Ball,2,1748.0,12000,0.004183140817973429,0.14419271165344974,0.14425337694861046,0.49234087824351297,0.9430983632734531,0.11614647146137413,2.776800013110764,0.02886115839791757,3.413028441052766
120.mat,55,Ball,2,1748.0,12000,0.004161408774248379,0.1461631713297476,0.14622239902339018,0.5220665069860279,1.0313006387225547,0.11760775311681325,2.8051925609388126,0.02769731223150651,3.570359332584309
120.mat,56,Ball,2,1748.0,12000,0.004147251220215819,0.14711022345819483,0.1471686703704413,0.5236908582834332,1.0329249900199602,0.11786072520973678,2.8626955967567422,0.01919730600284762,3.558439829382437
120.mat,57,Ball,2,1748.0,12000,0.004077494532419536,0.14843687526691549,0.14849286818116125,0.5236908582834332,0.9954024750499003,0.11936574855172469,2.792934704343077,0.03175441543175324,3.526707138854174
121.mat,0,Ball,3,1722.0,12000,0.003189455015749751,0.15386111600422808,0.15389417026438665,0.6239133333333333,1.1240510978043912,0.12373353242733283,2.8556759209552376,0.05009571247151128,4.0541713325557724
121.mat,1,Ball,3,1722.0,12000,0.0032371624037082084,0.1555737893470365,0.15560746496304115,0.5123203992015969,1.0124581636726546,0.1253656168424869,2.818444883975033,0.02721129722623733,3.292389599196156
121.mat,2,Ball,3,1722.0,12000,0.0034010648429703095,0.15552041805154682,0.15555760242750585,0.5037113373253493,0.9863061077844312,0.12594663175601922,2.729703205386862,0.018666370950218614,3.2381017029372945
121.mat,3,Ball,3,1722.0,12000,0.003674063728012725,0.15552314849265508,0.15556654030139627,0.5366856686626746,1.0403970059880239,0.1256844988928393,2.7497369207331346,0.025606356268652233,3.4498785382955366
121.mat,4,Ball,3,1722.0,12000,0.003802195540559506,0.15424822166309374,0.1542950763218177,0.6096190419161677,1.1688831936127744,0.12402235446099986,2.9170248982408316,0.030804944940532066,3.950994785113348
121.mat,5,Ball,3,1722.0,12000,0.003866915787565494,0.15561785725993743,0.1556658939391747,0.6096190419161677,1.1688831936127744,0.12478012068636164,2.9782574127376304,0.016292394009449044,3.9162017220957326
121.mat,6,Ball,3,1722.0,12000,0.003956104412269212,0.15522636488107927,0.155276769403265,0.5873654291417165,1.0784068263473054,0.12492546364302645,2.8939681276759566,-0.0240497338616843,3.782699958267975
121.mat,7,Ball,3,1722.0,12000,0.003980572789966942,0.15046827208190267,0.15052091503525256,0.500462634730539,1.0006003992015968,0.12177396038976734,2.818110022067627,-0.010995089009784624,3.324871062691379
121.mat,8,Ball,3,1722.0,12000,0.003894239470278194,0.1520647798025082,0.15211463557934585,0.5157315369261477,0.9824076646706588,0.12290057650324351,2.7758204068571275,0.029339388387943467,3.390413650612419
121.mat,9,Ball,3,1722.0,12000,0.004011029376793289,0.15500859550654078,0.15506048186940433,0.5157315369261477,0.96405249500998,0.1246788366723584,2.808601491620465,0.023826084825431068,3.3260024134357407
121.mat,10,Ball,3,1722.0,12000,0.004001670321466443,0.15758067165828724,0.15763147352492343,0.548705868263473,1.0012501397205589,0.12658586316624565,2.8037587173255085,0.026135862305910366,3.480941058238068
121.mat,11,Ball,3,1722.0,12000,0.004038035803393214,0.1560496172997672,0.15610185390492096,0.548705868263473,1.0431584031936127,0.1261594312936627,2.713912368831827,0.011201553651810244,3.515050299131493
121.mat,12,Ball,3,1722.0,12000,0.0038731022817645967,0.15508366289306783,0.15513201931779175,0.49445253493013974,0.9697377245508982,0.12536537890040234,2.715338091932807,0.018854113626826905,3.1873016099741576
121.mat,13,Ball,3,1722.0,12000,0.0038745695912861785,0.1544747987215804,0.15452338246877234,0.5236908582834332,1.0030369261477046,0.12406205113211077,2.819084480619102,0.035589007430113305,3.38907193148756
121.mat,14,Ball,3,1722.0,12000,0.0038083027207304145,0.1520271984401286,0.15207489021915147,0.5236908582834332,1.0257778443113774,0.12199762594927333,2.8677766302678704,0.0007352880836792829,3.443637917665138
121.mat,15,Ball,3,1722.0,12000,0.003878059408526696,0.1534954655589577,0.1535444472846128,0.5124828343313372,1.0145698203592812,0.12357355603246632,2.8343142586915033,-0.006040122421174304,3.3376839305780277
121.mat,16,Ball,3,1722.0,12000,0.0039280669033027685,0.15390190673003393,0.15395202695884483,0.5940252694610779,1.173431377245509,0.1241126138250842,2.820257830191244,0.034842067372419405,3.858508921223074
121.mat,17,Ball,3,1722.0,12000,0.0038593809548871007,0.1532636702965148,0.1533122547421234,0.5940252694610779,1.173431377245509,0.12337586581719373,2.8517892326163485,0.045746421087493716,3.8746104834231896
121.mat,18,Ball,3,1722.0,12000,0.0039409950898983285,0.15397831163898734,0.1540287372456572,0.5459444710578842,1.0696353293413174,0.12417987212099238,2.8762997020291237,0.013080309050198677,3.544432557329668
121.mat,19,Ball,3,1722.0,12000,0.003875005818441243,0.15381732434816714,0.1538661266807032,0.5459444710578842,1.0696353293413174,0.12301355933640531,2.9712056308869452,0.02103005380963664,3.5481784252020994
121.mat,20,Ball,3,1722.0,12000,0.004123496668771831,0.15570897726276808,0.15576356706558372,0.5280766067864271,1.0390975249500998,0.12391559777905127,3.004443451987142,0.037740918340786876,3.390244694152916
121.mat,21,Ball,3,1722.0,12000,0.00405607974480726,0.1541718812757074,0.15422522737537803,0.5280766067864271,1.0390975249500998,0.12321787227303206,2.9247733972369008,0.01485884350840859,3.4240611330149626
121.mat,22,Ball,3,1722.0,12000,0.004062464524076847,0.15519127326118695,0.15524443601764856,0.49575201596806384,0.9660017165668662,0.1246317637966255,2.7673409970429628,0.010842137988017017,3.193364146794321
121.mat,23,Ball,3,1722.0,12000,0.0040920486565930655,0.15863026319871337,0.15868303395354214,0.5074473453093812,0.9908542914171656,0.1274568501668538,2.7813343472593286,0.027488251198111265,3.197867677888912
121.mat,24,Ball,3,1722.0,12000,0.003973950068612776,0.15581941722904785,0.1558700839312917,0.6258625548902196,1.1661217964071855,0.12418514650386728,3.007876458620832,-0.0005285019428113918,4.015283363586965
121.mat,25,Ball,3,1722.0,12000,0.004050170849706837,0.15888672878744653,0.1589383417199494,0.6258625548902196,1.2090046706586826,0.12767210843937127,2.9101415755135824,0.0038886340284391835,3.937769503050399
121.mat,26,Ball,3,1722.0,12000,0.004166326243996382,0.159150010615194,0.15920453559238748,0.583142115768463,1.1159293413173652,0.12861059167797217,2.758341298439995,0.007487808935063135,3.66284863429699
121.mat,27,Ball,3,1722.0,12000,0.004236677787004117,0.15776763637907806,0.15782451180761464,0.5344115768463074,1.0213920958083833,0.12669031974137662,2.809845588312427,0.017460286674858612,3.3861126559209374
121.mat,28,Ball,3,1722.0,12000,0.004216571680857035,0.15625991412461235,0.15631679448789573,0.5344115768463074,1.0213920958083833,0.124836790559506,2.8640801937983587,-0.004906722480267284,3.4187726187520373
121.mat,29,Ball,3,1722.0,12000,0.004316269414296407,0.1566638887830669,0.1567233365848556,0.5534164870259481,1.048843632734531,0.1261716456540045,2.7922990949411766,-0.017628487326763666,3.5311683574724606
121.mat,30,Ball,3,1722.0,12000,0.0043023101453343315,0.1615226148772294,0.16157990280156875,0.5815177644710579,1.1120308982035927,0.13055652170268836,2.8076637855859556,-0.003988380114893745,3.5989485968759474
121.mat,31,Ball,3,1722.0,12000,0.004207212625530189,0.1601567908621939,0.16021204167400444,0.5815177644710579,1.1297363273453094,0.12861404183819858,2.8843585193469465,-0.008919421944898882,3.6296757621647195
121.mat,32,Ball,3,1722.0,12000,0.004172314453125,0.1551498314256588,0.1552059225651718,0.5482185628742515,1.0520923353293412,0.12479626109109905,2.789699687550282,0.029373165247539114,3.5322013091610702
121.mat,33,Ball,3,1722.0,12000,0.004315714216099053,0.15568673032761576,0.15574653572166156,0.5157315369261477,1.009047025948104,0.12550969077470062,2.8185205781315896,0.026711082891749154,3.311351578617608
121.mat,34,Ball,3,1722.0,12000,0.004377341216005489,0.15655091112658853,0.15661209688490338,0.5901268263473054,1.105858363273453,0.12541935209658808,3.0067758849722983,0.02098009311043381,3.7680794656685976
121.mat,35,Ball,3,1722.0,12000,0.004468433377385853,0.15269920139648252,0.15276456723982715,0.720562235528942,1.3920690618762475,0.12035019426966378,3.39860507894927,0.04815140159679515,4.71681521800616
121.mat,36,Ball,3,1722.0,12000,0.004604536249766093,0.15113431313218856,0.15120443895604993,0.720562235528942,1.3920690618762475,0.11913462747356848,3.437757088469579,0.040282911975027605,4.765483344959108
121.mat,37,Ball,3,1722.0,12000,0.004539141833520459,0.15016468384044357,0.15023327221852417,0.6222889820359282,1.2229740918163672,0.11963371099597679,3.100568439914336,0.02143106933016197,4.142151554355868
121.mat,38,Ball,3,1722.0,12000,0.004516695963541667,0.151696925759467,0.15176415198359694,0.6222889820359282,1.1401321756487026,0.12132032380551397,2.9215206564095215,-0.0006904297398070005,4.100368722800802
121.mat,39,Ball,3,1722.0,12000,0.0043417292173465565,0.15009664866255246,0.15015943044752955,0.5526043113772454,1.080843353293413,0.12033944721884357,2.8653963886530063,0.023356581541861307,3.680117257572729
121.mat,40,Ball,3,1722.0,12000,0.004371392663890968,0.15175677716858232,0.15181972365413088,0.5526043113772454,1.0827925748502993,0.12093588871085953,3.017502601699443,0.05498226843663356,3.6398716719848907
121.mat,41,Ball,3,1722.0,12000,0.004436152567911053,0.15846050647154908,0.15852259006471486,0.5566651896207585,1.1016350499001994,0.12590003476445547,3.052208420699861,0.03967085745715469,3.511582730218494
121.mat,42,Ball,3,1722.0,12000,0.00445046875,0.1523855082870226,0.15245048313465248,0.5566651896207585,1.1016350499001994,0.1212702766537238,3.0345457715143245,0.02469903054115173,3.651449166803111
121.mat,43,Ball,3,1722.0,12000,0.004486398004771706,0.14717394827811717,0.14724231327586212,0.5435079441117764,1.0623257485029938,0.11772803284056886,2.9236375509902826,-0.00172019564351603,3.6912483376534624
121.mat,44,Ball,3,1722.0,12000,0.004539062519492265,0.14812545232233199,0.14819498208188867,0.5805431536926148,1.1311982435129742,0.11809073589149825,2.993464209649561,-0.005963495534747618,3.9174278746619224
121.mat,45,Ball,3,1722.0,12000,0.004511976778864146,0.1489475971123166,0.1490159206930118,0.5946750099800399,1.1752181636726546,0.11869197588221993,3.0202267256829027,0.011813170948568139,3.9906810441089164
121.mat,46,Ball,3,1722.0,12000,0.004459312264143587,0.14932227926508604,0.14938885015552358,0.5946750099800399,1.050467984031936,0.12035844292859593,2.808513605346371,0.051802109574438406,3.9807188378580074
121.mat,47,Ball,3,1722.0,12000,0.004447415159914545,0.14865016998418645,0.14871668547251907,0.5051732534930139,0.9616159680638722,0.11996290386999439,2.7597909875491915,0.048796066513786845,3.3968834894882285
121.mat,48,Ball,3,1722.0,12000,0.004317141868606537,0.1479308503477409,0.1479938316232112,0.5383100199600799,1.0230164471057885,0.11803315390702969,2.9381734665414765,0.04111685500692577,3.637381464185646
121.mat,49,Ball,3,1722.0,12000,0.004372820316398454,0.15101403376886366,0.15107733103501333,0.5383100199600799,1.0571278243512974,0.12043422748253493,2.937264025349367,0.037051792900396674,3.5631422416068657
121.mat,50,Ball,3,1722.0,12000,0.004385351932853044,0.1533231871894072,0.1533858893167588,0.5188178043912175,1.0170063473053892,0.12310401698556012,2.8192539443124836,0.019723747517130644,3.382435025165851
121.mat,51,Ball,3,1722.0,12000,0.00454806466169224,0.15152919847988477,0.15159743693124647,0.5565027544910179,1.020092614770459,0.12095456716449912,2.9074825085068654,0.06352443076105205,3.6709245601784612
121.mat,52,Ball,3,1722.0,12000,0.00470689100314995,0.15799530883669,0.15806540556781104,0.5565027544910179,1.1030969660678642,0.12616990074538423,2.916778441785085,0.0638522302252702,3.520711900823073
121.mat,53,Ball,3,1722.0,12000,0.004739330440681137,0.15275475458075172,0.15282825753129445,0.5465942115768464,1.0280519361277447,0.12262170838011477,2.882479978036882,0.035229297567744636,3.576525836296478
121.mat,54,Ball,3,1722.0,12000,0.004859491193394461,0.14257504975776794,0.14265784054193686,0.5335994011976047,0.9957273453093812,0.11461654351453343,2.856819962753212,0.004660561968611158,3.7404141207418844
121.mat,55,Ball,3,1722.0,12000,0.005000947762677769,0.14385402865230412,0.1439409289883283,0.5335994011976047,1.0010877045908182,0.11525664737906999,2.894745657710437,-0.026820975819356378,3.7070720951152993
121.mat,56,Ball,3,1722.0,12000,0.004816185734000749,0.149829574469902,0.1499069612488236,0.4902292215568862,0.9492708982035928,0.12058111706274952,2.793518873257645,0.005031802768293369,3.270223193592574
121.mat,57,Ball,3,1722.0,12000,0.004817494415465943,0.151848361497886,0.1519247614513043,0.4902292215568862,0.9492708982035928,0.12273524641147393,2.7698519900971057,0.028805170688156998,3.2267894770663634
130.mat,0,Outer Race,0,1796.0,12000,0.03421498119483689,0.6791836846142119,0.6800449561494448,3.547583233532934,6.630195908183633,0.41250720436568267,7.702574917769564,0.08870149626712198,5.216689281279408
130.mat,1,Outer Race,0,1796.0,12000,0.03424730166132579,0.6837594236485248,0.6846165547949047,3.325047105788423,6.476694710578842,0.41475139479342094,7.57233400163674,0.07751630179672118,4.856802077747784
130.mat,2,Outer Race,0,1796.0,12000,0.03392330385615488,0.6775590997710941,0.6784077860897031,3.4923552894211576,6.704916067864271,0.4107841071031765,7.624517363801875,0.08003925764012837,5.147870294282527
130.mat,3,Outer Race,0,1796.0,12000,0.03348043415122879,0.6806827666452644,0.6815056626901982,3.4923552894211576,6.704916067864271,0.41549446809505985,7.585627231617028,0.048179094787321464,5.124469950308729
130.mat,4,Outer Race,0,1796.0,12000,0.03284532707046844,0.6738416589863772,0.674641680372536,3.2093120758483034,6.287051696606786,0.41220055650417914,7.399422414032387,0.05493381146669291,4.757061665795874
130.mat,5,Outer Race,0,1796.0,12000,0.032390659403848554,0.6594168951912328,0.660211933003533,3.132155389221557,6.209895009980039,0.4030738912799401,7.519712271771056,0.031225170343568153,4.744166581437412
130.mat,6,Outer Race,0,1796.0,12000,0.03181394727634574,0.6616874714120629,0.662451837543675,3.239362574850299,6.245630738522953,0.4071170230096448,7.407701463173131,0.02917730657437617,4.889959377064495
130.mat,7,Outer Race,0,1796.0,12000,0.03107057654710111,0.6508911046249061,0.6516322665482425,3.366874151696607,6.248473353293413,0.399198112149724,7.3906602441456934,0.06717821922609757,5.166831546772932
130.mat,8,Outer Race,0,1796.0,12000,0.030122674767652194,0.6398487511542612,0.6405574134211744,3.366874151696607,6.137205289421158,0.39014530811424025,7.504343976652993,0.08530685383803772,5.2561629623710955
130.mat,9,Outer Race,0,1796.0,12000,0.029449794380964633,0.6445466407524516,0.6452190810060959,3.1666728542914173,5.934161377245509,0.39173307581614114,7.381529104953571,0.07387056777434625,4.90790329596824
130.mat,10,Outer Race,0,1796.0,12000,0.02900593325068613,0.6407957786473013,0.6414519265665546,3.0623082834331337,5.942689221556886,0.38751347037370565,7.502113987063266,0.03780182874047833,4.774026168764497
130.mat,11,Outer Race,0,1796.0,12000,0.0282158663873425,0.6424801940541223,0.6430994750952693,3.3295140718562872,6.511212175648702,0.3898047535056839,7.6995525849485125,0.014206281057738324,5.177292473085988
130.mat,12,Outer Race,0,1796.0,12000,0.02782395594553081,0.6512702357538765,0.651864320624598,3.3295140718562872,6.511212175648702,0.39649558578156185,7.854681645981567,0.04637507266006356,5.107679568450749
130.mat,13,Outer Race,0,1796.0,12000,0.027298897078889096,0.6590828672177735,0.6596479785777601,3.3144888223552895,6.419436327345309,0.39834657691453035,7.934922965334514,0.08582987707522789,5.0246327283553915
130.mat,14,Outer Race,0,1796.0,12000,0.027021496265281934,0.673629834808455,0.6741715772742729,3.283626147704591,6.53232874251497,0.407079844558929,7.734896072627283,0.0669759677622403,4.87060899390114
130.mat,15,Outer Race,0,1796.0,12000,0.0262986480408324,0.686626175710978,0.687129626824705,3.283626147704591,6.510400000000001,0.41584077297066024,7.677636349598015,0.051455352101630714,4.778757922109336
130.mat,16,Outer Race,0,1796.0,12000,0.026105121812039982,0.6940374417646922,0.6945282196974433,3.4253507984031937,6.532734830339321,0.4181321552451737,7.6537428071655,0.04884202780691544,4.931910181987099
130.mat,17,Outer Race,0,1796.0,12000,0.0251971744742936,0.6977395696482076,0.6981943888734382,3.4253507984031937,6.559942714570859,0.4216479478299261,7.458285132973883,0.05005711805449305,4.906013071703599
130.mat,18,Outer Race,0,1796.0,12000,0.024427134403068863,0.6952693311921198,0.6956983022772752,3.2600730538922154,6.497405189620759,0.4226095312792384,7.5048524997296555,0.04708272565986365,4.686044285605991
130.mat,19,Outer Race,0,1796.0,12000,0.024899548583497067,0.698201959399126,0.6986458069926712,3.2600730538922154,6.497405189620759,0.4249628776382781,7.604285320807795,0.00997030021466908,4.666274414392089
130.mat,20,Outer Race,0,1796.0,12000,0.024526673508451845,0.6967935129378896,0.6972250407047319,3.347788023952096,6.53557744510978,0.4243419479400574,7.573221785453703,0.036009532816585,4.801588911046945
130.mat,21,Outer Race,0,1796.0,12000,0.02433394041994137,0.6878665573078908,0.6882968409915675,3.4635230538922155,6.545323552894212,0.4177015792146176,7.652555064580091,0.052937913531415554,5.0320193957343005
130.mat,22,Outer Race,0,1796.0,12000,0.024331957569236527,0.6921075998683297,0.6925351788571112,3.4635230538922155,6.545323552894212,0.42049878670393587,7.457623085512713,0.04257727162245617,5.001223273030053
130.mat,23,Outer Race,0,1796.0,12000,0.024000325788851983,0.6810464625663942,0.6814692214709114,3.2353016966067867,6.2691838323353295,0.41458443876407347,7.474242920527809,0.06807254051264469,4.747538985874634
130.mat,24,Outer Race,0,1796.0,12000,0.02411067143057635,0.6641241219068968,0.664561640312951,3.3006818363273456,6.367863173652696,0.4024758635073603,7.686935385107488,0.10243367222277541,4.966705322884737
130.mat,25,Outer Race,0,1796.0,12000,0.023795497311041976,0.6698630255624738,0.6702855352071915,3.3006818363273456,6.458420758483034,0.40747254814102263,7.452212353516415,0.09952706760853267,4.924292205272002
130.mat,26,Outer Race,0,1796.0,12000,0.02350907452672779,0.6607026683100765,0.6611207851044756,3.241799101796407,6.399538023952095,0.4049510560422125,7.416464278738092,0.05345169795250136,4.903489914152543
130.mat,27,Outer Race,0,1796.0,12000,0.02366889229353792,0.6555211208887808,0.6559482878959946,3.241799101796407,6.261062075848303,0.40131609413009917,7.417699094729775,0.047153831616368276,4.942156510835224
130.mat,28,Outer Race,0,1796.0,12000,0.023050837728839195,0.6590607549029905,0.6594637365111906,3.278347005988024,6.289894311377245,0.40369313555506176,7.244809450343441,0.05792765944346662,4.971231660639452
130.mat,29,Outer Race,0,1796.0,12000,0.022825090176093125,0.6484673071210445,0.6488688874852653,3.466771756487026,6.524613073852295,0.3969198166898625,7.397429467794836,0.05990186223511369,5.342792393580052
130.mat,30,Outer Race,0,1796.0,12000,0.022391341584409304,0.6459178713458336,0.6463058631189126,3.466771756487026,6.609485429141717,0.39662347965202405,7.635646600349205,0.07029839205160995,5.363980050803255
130.mat,31,Outer Race,0,1796.0,12000,0.02190623715947012,0.6482766708740221,0.6486466875163952,3.3307323353293414,6.473446007984032,0.39536823601332494,7.801557576729504,0.05376038929097707,5.134894541868995
130.mat,32,Outer Race,0,1796.0,12000,0.021457518044964756,0.6450074196517159,0.6453642355185285,3.3307323353293414,6.488065169660679,0.38793829613721775,7.899383045906855,0.0008024617695291901,5.161011645854855
130.mat,33,Outer Race,0,1796.0,12000,0.021199648310800276,0.6549167167165609,0.6552597430968133,3.3408845309381237,6.498217365269461,0.39605122893860717,7.539019755844208,0.022372593293228406,5.098565211939953
130.mat,34,Outer Race,0,1796.0,12000,0.021314752794216258,0.6626051211214894,0.662947860109,3.3408845309381237,6.53842005988024,0.4028382294736699,7.521900674697015,0.06559175193346838,5.0394378381262515
130.mat,35,Outer Race,0,1796.0,12000,0.02032352572686658,0.6653260811902382,0.6656364172804325,3.4087011976047905,6.692733433133732,0.40248349748257395,7.973064806822275,0.04805744127483813,5.120965603912722
130.mat,36,Outer Race,0,1796.0,12000,0.019733330214570858,0.6787106469756963,0.6789974570199254,3.4087011976047905,6.692733433133732,0.41106220191453036,7.626341566173373,0.07232348731718599,5.020197295826928
130.mat,37,Outer Race,0,1796.0,12000,0.019398724158129054,0.6822210863895813,0.6824968287205032,3.5041318363273453,6.67933253493014,0.4120164488162347,7.717542447152929,0.09635846202015647,5.134282957617025
130.mat,38,Outer Race,0,1796.0,12000,0.018628188374228104,0.6868616269647411,0.6871141855607092,3.5041318363273453,6.67933253493014,0.41578921885233444,7.856680711020501,0.07228853112562185,5.099780953391103
130.mat,39,Outer Race,0,1796.0,12000,0.018562952586038857,0.6887398597388378,0.6889899691590476,3.630425149700599,6.756895309381237,0.4159647011397128,7.678840647813991,0.08020074836880316,5.2691988449871685
130.mat,40,Outer Race,0,1796.0,12000,0.018469362032770394,0.6870880162148434,0.6873362054773097,3.630425149700599,6.876285129740519,0.4115373920859453,7.959714197666693,0.08206229604559338,5.28187678863724
130.mat,41,Outer Race,0,1796.0,12000,0.018287336338066052,0.7026347470516552,0.7028726872163158,3.430223852295409,6.67608383233533,0.42500451750307977,7.623480694804365,0.05517677719852763,4.880291857520599
130.mat,42,Outer Race,0,1796.0,12000,0.01810878063209518,0.6992457628794576,0.6994802104712156,3.430223852295409,6.666743812375249,0.4229507798855414,7.518591610624159,0.04014840876773563,4.903961257152059
130.mat,43,Outer Race,0,1796.0,12000,0.018006068965584453,0.6876289016907022,0.6878646123765598,3.346163672654691,6.437710279441118,0.41494759787066493,7.690452970183374,0.01659797196436058,4.864567259963782
130.mat,44,Outer Race,0,1796.0,12000,0.01793994089457803,0.6842174612469099,0.6844526103058323,3.346163672654691,6.46938512974052,0.41665314690443334,7.447461678470708,0.01814247885438681,4.888817169036046
130.mat,45,Outer Race,0,1796.0,12000,0.017676023465763788,0.6710253222449734,0.6712580911240716,3.2214947105788423,6.344716167664671,0.40745014192805795,7.4601092684686865,0.030803639358470376,4.799189392539328
130.mat,46,Outer Race,0,1796.0,12000,0.01767721317618669,0.6674829268959669,0.6677169621653197,3.2214947105788423,6.185935828343313,0.4041554371968953,7.583243250843263,0.010818834972351308,4.824641117595623
130.mat,47,Outer Race,0,1796.0,12000,0.017291449571560005,0.6597257631509876,0.6599523291825242,3.192256387225549,6.245224650698603,0.40043610498729104,7.529488227970727,0.040131371107538186,4.837101478495821
130.mat,48,Outer Race,0,1796.0,12000,0.016755881596182635,0.6453966074773588,0.6456140801681368,3.227586027944112,6.358117065868264,0.3916687323107691,7.665201444312396,0.055847434126869815,4.999249748554979
130.mat,49,Outer Race,0,1796.0,12000,0.016579407883451847,0.6418329185859952,0.6420470170839381,3.227586027944112,6.358117065868264,0.38932520106271834,7.772295374668472,0.06950229926288272,5.027024411083205
130.mat,50,Outer Race,0,1796.0,12000,0.016770653833933696,0.6398500177863671,0.6400697618941484,3.383117664670659,6.5262374251497,0.38671904123881146,7.932817527348976,0.04514844446283234,5.285545210976772
130.mat,51,Outer Race,0,1796.0,12000,0.017007703635697355,0.6419654413188016,0.6421906958455591,3.383117664670659,6.5262374251497,0.38683870627884853,7.949531874319933,0.047270820166992,5.268088881630679
130.mat,52,Outer Race,0,1796.0,12000,0.01760255884714945,0.6491589805065953,0.6493975916573217,3.379462874251497,6.5903993013972055,0.3927105220710922,7.689508121367781,0.09635111117768556,5.203996623434961
130.mat,53,Outer Race,0,1796.0,12000,0.01799754270755364,0.6495067850865093,0.6497560891726395,3.4058585828343313,6.61679500998004,0.3934477459631518,7.7609540418274445,0.06943744469569606,5.241749388099075
130.mat,54,Outer Race,0,1796.0,12000,0.017151757739404003,0.662943644875293,0.663165483928476,3.4058585828343313,6.450705089820359,0.39754917350357877,7.674413419632849,0.08230032030861875,5.135759724192252
130.mat,55,Outer Race,0,1796.0,12000,0.017079581973747815,0.6710572267574163,0.6712745442095599,3.35225499001996,6.471821656686627,0.4029189314973569,7.707445235335283,0.07884553750532845,4.993865801908684
130.mat,56,Outer Race,0,1796.0,12000,0.016935924440182132,0.6628206243929444,0.6630369564792722,3.372559381237525,6.492126047904192,0.398045778462606,7.971227484645319,0.07384315481562273,5.0865330330089344
130.mat,57,Outer Race,0,1796.0,12000,0.015989410656226607,0.67456140753314,0.6747508827606113,3.372559381237525,6.574967964071856,0.4076387110300883,7.773920285433579,0.051054029672200574,4.998228927747908
131.mat,0,Outer Race,1,1773.0,12000,0.0037217116304500393,0.5955002092890613,0.5955118390097514,2.868604391217565,5.720559181636727,0.3697920396268011,7.608577294681091,0.05703083656969566,4.817040070920559
131.mat,1,Outer Race,1,1773.0,12000,0.003952515452493452,0.6084309617821151,0.6084437998973379,2.868604391217565,5.68725998003992,0.37616115437581865,7.563930421843217,0.051552204859745224,4.714657938336428
131.mat,2,Outer Race,1,1773.0,12000,0.003556738451807324,0.5959677807288952,0.5959783939500987,2.9546950099800395,5.773350598802395,0.36939507291569207,7.529096913396406,0.02467341687983223,4.9577216891984115
131.mat,3,Outer Race,1,1773.0,12000,0.0034733595796687874,0.5937059361167526,0.593716096132688,3.010329041916168,5.973145808383234,0.3690715708231973,7.617625125797249,0.02967796764605475,5.0703173815307805
131.mat,4,Outer Race,1,1773.0,12000,0.003745208411302395,0.6056994029983714,0.6057109817219989,3.0712422155688626,6.083195608782436,0.37607856864396205,7.5318159089025585,0.020467592301668492,5.070474711945144
131.mat,5,Outer Race,1,1773.0,12000,0.0034584881993824854,0.5924766017577043,0.5924866958599009,3.0712422155688626,6.083195608782436,0.37019168318636164,7.501342750343726,0.04693874109522776,5.183647560408828
131.mat,6,Outer Race,1,1773.0,12000,0.0033638070782263593,0.5853419485189034,0.5853516138988311,2.966065469061876,5.901268263473053,0.3651404701583162,7.571642088644429,0.04871636987809113,5.067151774479457
131.mat,7,Outer Race,1,1773.0,12000,0.0033461597069532785,0.5936466933596126,0.593656123796922,2.9510402195608783,5.90005,0.36649713661056793,7.590715175529487,0.0355878885180131,4.9709589462103665
131.mat,8,Outer Race,1,1773.0,12000,0.0033457631368123113,0.5882110206132234,0.5882205359402353,3.0111412175648704,5.960150998003992,0.3632155186940572,7.70683061873695,0.0495223340596323,5.119068501666202
131.mat,9,Outer Race,1,1773.0,12000,0.0034247797374001984,0.5818351232683218,0.5818452025968014,3.0111412175648704,5.86878123752495,0.36060182403747193,7.597679399663018,0.038882324760449824,5.175158623163019
131.mat,10,Outer Race,1,1773.0,12000,0.0036745197836748358,0.5960085778345047,0.5960199048252914,2.995709880239521,5.855786427145709,0.3690855499206665,7.436533840780007,0.047189521953613464,5.026190997962794
131.mat,11,Outer Race,1,1773.0,12000,0.003221636682689307,0.5984099169616723,0.5984185890002005,3.0143899201596804,5.874466467065869,0.37120957959569145,7.562160958995911,0.042672216400162034,5.037259830440646
131.mat,12,Outer Race,1,1773.0,12000,0.0027749004188887846,0.584641207267964,0.5846477925281829,3.0143899201596804,5.91873003992016,0.3637506900992936,7.61025861992476,0.011163242517081739,5.155907468879004
131.mat,13,Outer Race,1,1773.0,12000,0.0029060659930139733,0.5858403021905757,0.5858475099292483,2.9043401197604792,5.678732135728543,0.36252637893158995,7.511512720360524,0.010312266758008812,4.957501859334063
131.mat,14,Outer Race,1,1773.0,12000,0.00307559972827782,0.5905048316737594,0.5905128411336571,2.926268862275449,5.734772255489022,0.3656654298824227,7.556686656239269,0.037864479709438896,4.955470327550617
131.mat,15,Outer Race,1,1773.0,12000,0.003161358021262163,0.5793536059474945,0.5793622311722635,2.926268862275449,5.734772255489022,0.3593247690410195,7.617351885343594,0.04042711746873967,5.050845058288539
131.mat,16,Outer Race,1,1773.0,12000,0.0032073601576144565,0.5819597937289033,0.5819686320379891,2.913680139720559,5.70594001996008,0.35972074432677614,7.64590559553412,0.00875895544758358,5.006593103681855
131.mat,17,Outer Race,1,1773.0,12000,0.0034493670861402183,0.5978719226623428,0.5978818729826665,3.0960135728542912,5.9906075848303395,0.37116189203624,7.496995546504437,0.01486071003911966,5.178303127688317
131.mat,18,Outer Race,1,1773.0,12000,0.003608094285062687,0.5919539209053748,0.5919649168824253,3.0960135728542912,5.9906075848303395,0.3695019485686829,7.497798604019863,0.031566034671241014,5.230062600938249
131.mat,19,Outer Race,1,1773.0,12000,0.003803206794418974,0.5867271784918697,0.5867395046892202,2.9965220558882235,5.878527345309381,0.3639132838570905,7.682538781143591,0.036643669145650405,5.107073977361383
131.mat,20,Outer Race,1,1773.0,12000,0.0039523171674229664,0.5947833328900057,0.5947964642587709,2.8820052894211576,5.753452295409181,0.3665633638241096,7.608550023649758,0.059222575993014705,4.845363855705973
131.mat,21,Outer Race,1,1773.0,12000,0.004005754993918413,0.5869301723280711,0.5869438416596008,2.8381478043912174,5.650712075848303,0.3643361267698977,7.457982014330188,0.04904525554648913,4.835467387077905
131.mat,22,Outer Race,1,1773.0,12000,0.00413255829649295,0.5834693958027861,0.5834840305240087,3.063526546906188,5.853755988023952,0.36353396451725456,7.5523094293901165,0.03984382004736807,5.250403415762606
131.mat,23,Outer Race,1,1773.0,12000,0.004196406089188807,0.5945357746575569,0.5945505841992982,3.063526546906188,5.891116067864271,0.3667096982061268,7.756222258556826,0.04673269191474022,5.1526760351803285
131.mat,24,Outer Race,1,1773.0,12000,0.004185500410312186,0.5971338242256559,0.597148492795587,2.8718530938123754,5.699442614770459,0.3680602178211936,7.63733364249602,0.05074894144926743,4.809277974340386
131.mat,25,Outer Race,1,1773.0,12000,0.0042628315878009615,0.5928783553243114,0.5928936801359974,2.9347967065868263,5.806649800399201,0.36869968717350454,7.266817971098063,0.033742802102452715,4.949954443625787
131.mat,26,Outer Race,1,1773.0,12000,0.00461984385720746,0.5988193985856349,0.5988372191837499,2.936421057884232,5.871217764471059,0.37143453400815557,7.258127766540143,0.007338216462683272,4.903537996330197
131.mat,27,Outer Race,1,1773.0,12000,0.004667432274123626,0.5992133579312581,0.5992315355914503,2.948197604790419,5.884618662674651,0.37318439975517714,7.40193339383385,0.017737627585871548,4.919964036739997
131.mat,28,Outer Race,1,1773.0,12000,0.004450508407014095,0.5829669689268734,0.5829839567988702,2.948197604790419,5.873248203592814,0.36487228960048657,7.387750681992028,0.02523698301496676,5.057081880912803
131.mat,29,Outer Race,1,1773.0,12000,0.004596049648749375,0.5861252237514945,0.5861432432350587,2.8673861277445107,5.651118163672654,0.36306432632781316,7.571316030199679,0.042821686477900224,4.891954587617099
131.mat,30,Outer Race,1,1773.0,12000,0.004654345459471682,0.5974273885184944,0.597445518422964,3.080988323353293,5.9199483033932125,0.3696172513371694,7.590347664088897,0.033579728125178336,5.156936035750953
131.mat,31,Outer Race,1,1773.0,12000,0.004723249521464882,0.5928018142513635,0.592820630600648,3.080988323353293,5.9199483033932125,0.36770627897037955,7.552495509585355,0.023522143271795352,5.197167851988593
131.mat,32,Outer Race,1,1773.0,12000,0.004224661711732784,0.5981492133525667,0.5981641323256293,2.961192415169661,5.722183532934132,0.3699602845091068,7.483199531045269,0.030275484841555005,4.950468032338729
131.mat,33,Outer Race,1,1773.0,12000,0.004139002561283682,0.6009589626898052,0.6009732158585847,2.940888023952096,5.664925149700599,0.3712610345714821,7.325033245884868,0.04718458506740126,4.89354258450699
131.mat,34,Outer Race,1,1773.0,12000,0.0046322366741127115,0.5925841912421114,0.5926022960862304,2.8738835329341317,5.704721756487026,0.36856782760163265,7.285820219949776,0.06467299753749925,4.849599051360998
131.mat,35,Outer Race,1,1773.0,12000,0.004450210979408371,0.589426713321669,0.5894435127770481,2.895000099800399,5.725838323353294,0.36619594158850266,7.509677725044119,0.04637227197218851,4.911412267752632
131.mat,36,Outer Race,1,1773.0,12000,0.004385768331501062,0.5969789465698044,0.5969950566055392,2.895000099800399,5.675483433133732,0.3674451375325521,7.6334548890895,0.024158378861397406,4.849286552322748
131.mat,37,Outer Race,1,1773.0,12000,0.0043003074661224425,0.5923393198705236,0.592354929505088,2.938045409181637,5.71852874251497,0.3660032084999922,7.540238791308268,0.01760220823075745,4.959940844311655
131.mat,38,Outer Race,1,1773.0,12000,0.004335205638527632,0.5871678618032541,0.5871838655332191,2.938045409181637,5.63690508982036,0.3644805774437453,7.476180301383716,0.03604190604444999,5.0036208105166695
131.mat,39,Outer Race,1,1773.0,12000,0.0042769098278053275,0.6017684297371756,0.6017836280475078,2.9388575848303393,5.725026147704591,0.37302567255625463,7.50505946363748,0.032997262696738895,4.883578495422828
131.mat,40,Outer Race,1,1773.0,12000,0.004377142930935003,0.5978155396790739,0.5978315639559526,2.9388575848303393,5.725026147704591,0.37113492526665415,7.516304571393649,0.013852403258345605,4.915862196006215
131.mat,41,Outer Race,1,1773.0,12000,0.004431274755177144,0.5879643574075264,0.5879810556281565,2.9035279441117763,5.588986726546906,0.36431312570172153,7.540639112106421,0.008472181264400549,4.938131792375278
131.mat,42,Outer Race,1,1773.0,12000,0.004316071129225923,0.599530662046319,0.5995461977226526,3.011953393213573,5.772944510978045,0.3688598023679204,7.595978478889456,0.0020944768162239704,5.023721949458329
131.mat,43,Outer Race,1,1773.0,12000,0.004488083427870817,0.5988049906767761,0.5988218096832058,3.011953393213573,5.8529438123752495,0.3685912252399498,7.524438089768062,0.01544813656928166,5.029799089660719
131.mat,44,Outer Race,1,1773.0,12000,0.004414519666721243,0.5827029903893052,0.5827197122052131,2.952258483033932,5.844415968063872,0.3594258944269664,7.591255053886882,0.029779589816748088,5.066343940659848
131.mat,45,Outer Race,1,1773.0,12000,0.004570768302262662,0.5937445239028557,0.5937621170026779,2.952258483033932,5.849289021956087,0.36313818751656846,7.638515054688102,0.03615046598523252,4.972123344508719
131.mat,46,Outer Race,1,1773.0,12000,0.0044891739957584826,0.606346443942884,0.6063630618411259,3.112257085828343,6.030404191616766,0.3741476686275886,7.418501082705957,0.0563827726497264,5.132662725823808
131.mat,47,Outer Race,1,1773.0,12000,0.004648991762568612,0.5903807107516074,0.5903990148636611,3.112257085828343,6.058424251497005,0.36607250913212636,7.706480402179514,0.04078801777932655,5.271446949394125
131.mat,48,Outer Race,1,1773.0,12000,0.004726422082592626,0.585560248493121,0.5855793231331077,2.9461671656686623,5.7924367265469066,0.3607357656025839,7.9667633943524985,0.04789641652213696,5.0312008113697875
131.mat,49,Outer Race,1,1773.0,12000,0.004394988587278567,0.5937604394930974,0.5937767050261559,2.86698003992016,5.6966,0.36691224640562625,7.609193481732913,0.035080995113850696,4.828380796437391
131.mat,50,Outer Race,1,1773.0,12000,0.004420765646441491,0.5871345020998968,0.5871511447021069,3.098450099800399,5.965430139720559,0.36167712397470686,7.683261709561191,0.015838036052714236,5.277091133616725
131.mat,51,Outer Race,1,1773.0,12000,0.004347201885291915,0.5845808479344063,0.584597011569458,3.098450099800399,6.060454690618762,0.3601882013804422,7.859457621384711,0.038361491401047554,5.300147004655465
131.mat,52,Outer Race,1,1773.0,12000,0.004630650393548839,0.5973736303707251,0.5973915777656787,3.0947953093812375,6.056799900199601,0.3688644620670768,7.726865628439214,0.03093340691291,5.180513794580381
131.mat,53,Outer Race,1,1773.0,12000,0.004035398611955778,0.5978457445837682,0.5978593636959093,3.0907344311377245,5.913856986027945,0.369538433021652,7.720711081657261,0.024257059561947958,5.1696680169582025
131.mat,54,Outer Race,1,1773.0,12000,0.004268284427239272,0.5878648868504643,0.5878803819176661,2.968908083832335,5.930912674650699,0.36418622325661176,7.81356187166098,0.017782440473124377,5.050190778858371
131.mat,55,Outer Race,1,1773.0,12000,0.004764294531055077,0.5930065117224766,0.5930256499070158,3.0387551896207587,6.000759780439122,0.3668475063301132,7.872455316878737,0.010229731633302583,5.124154731076513
131.mat,56,Outer Race,1,1773.0,12000,0.004253413046952969,0.5933101570490839,0.5933254031138028,3.0387551896207587,5.823299401197605,0.36604593893268156,7.774771547435026,0.012839856882765538,5.121565963084022
131.mat,57,Outer Race,1,1773.0,12000,0.004243003080752558,0.5801582114825927,0.5801737269351518,3.001395109780439,5.817614171656686,0.3590703692955885,7.878372727413151,0.038735388813804436,5.17326960949391
132.mat,0,Outer Race,2,1750.0,12000,0.004185202982706461,0.5637362633058769,0.563751798657955,2.7329710578842312,5.453759481037924,0.3474364884976141,7.716343724885045,0.034962288646305184,4.847826764172164
132.mat,1,Outer Race,2,1750.0,12000,0.004026971496460204,0.5696671619502496,0.569681395083151,2.7329710578842312,5.35873493013972,0.35174899049557135,7.866267714163474,0.021559501745139785,4.797367583832232
132.mat,2,Outer Race,2,1750.0,12000,0.0042487533477965946,0.5583893013725806,0.5584054654033832,2.752869361277445,5.413556786427145,0.34262500211978386,7.949920369517249,-0.0017086607656273366,4.929875389541211
132.mat,3,Outer Race,2,1750.0,12000,0.004151891090865146,0.5480431280946084,0.5480588549155591,2.928705389221557,5.589392814371258,0.33848669355624683,7.828525382320085,0.07982341866486024,5.343778980950487
132.mat,4,Outer Race,2,1750.0,12000,0.004386561471782998,0.5578192074487138,0.5578364546354576,2.928705389221557,5.508581337325349,0.34335290661353074,8.016021721111434,0.012929013263191689,5.250114733242822
132.mat,5,Outer Race,2,1750.0,12000,0.004793442436416231,0.5680694265883401,0.5680896500683644,2.851954790419162,5.677513872255489,0.34782601951858005,8.019673121847994,-0.0008835802520738643,5.020254796185699
132.mat,6,Outer Race,2,1750.0,12000,0.0045087050752011595,0.5702034249896116,0.5702212502979337,2.851954790419162,5.677513872255489,0.35039817345289886,7.891863668291385,0.04972225099818417,5.001488087175022
132.mat,7,Outer Race,2,1750.0,12000,0.004534581276899326,0.5620291993429992,0.5620474920693888,2.8763200598802396,5.662488622754491,0.34471403447986837,7.772682265332868,0.017449562923228523,5.1175747609690205
132.mat,8,Outer Race,2,1750.0,12000,0.004413032528692614,0.5599135842289971,0.5599309749069625,2.985557684630739,5.861877744510979,0.3442546079715569,7.754061438943582,0.05239948072085668,5.332010227022742
132.mat,9,Outer Race,2,1750.0,12000,0.0041150100677551146,0.5626264040265436,0.562641452272846,2.985557684630739,5.632844211576847,0.34671750683203906,7.8167893931485795,0.03418939291454485,5.306323721031008
132.mat,10,Outer Race,2,1750.0,12000,0.004067619935909432,0.5690933393686406,0.5691078759301208,2.6708396207584832,5.325029640718563,0.34925396945367077,7.696734567819902,0.004118775705120435,4.693028745022022
132.mat,11,Outer Race,2,1750.0,12000,0.0037911114051194495,0.5651408111695152,0.5651535269066483,2.8133764471057883,5.502896107784431,0.34654668424381707,7.754141664887746,0.046238288951478745,4.9780746525722375
132.mat,12,Outer Race,2,1750.0,12000,0.0037937882535709834,0.5601095159889076,0.5601223640693535,2.8133764471057883,5.507769161676647,0.3442429091523983,7.914770786563229,0.040533751286116,5.022788996793994
132.mat,13,Outer Race,2,1750.0,12000,0.003623758805630927,0.5668115340155153,0.5668231176662637,3.0822065868263473,5.887867365269461,0.34793368831185284,8.008523927000404,-0.010075757722018026,5.437686803453738
132.mat,14,Outer Race,2,1750.0,12000,0.003591041769001061,0.5682988714559307,0.5683102171165597,3.0822065868263473,6.020658083832336,0.3473495404942069,7.878624027948467,0.02390055050009033,5.423457988252551
132.mat,15,Outer Race,2,1750.0,12000,0.0036520144281748986,0.5720515386033087,0.5720631958339887,2.938451497005988,5.532134431137725,0.3514011984819424,7.635429692791336,0.10747744909015737,5.136585465390994
132.mat,16,Outer Race,2,1750.0,12000,0.0034118912078187373,0.5692336486843378,0.5692438737448987,2.7585545908183633,5.396907185628743,0.35147773651914915,7.7307577917539225,0.031872811951098916,4.845997854435556
132.mat,17,Outer Race,2,1750.0,12000,0.003631392780844562,0.5701434636878581,0.570155028215587,2.736625848303393,5.465536027944111,0.34944491797654686,7.851779854711384,-0.053873482739990576,4.799792535142951
132.mat,18,Outer Race,2,1750.0,12000,0.003633772201690369,0.576591960323732,0.5766034105087985,2.778452894211577,5.515078742514969,0.35389245210750375,7.696058306691955,-0.011097809282607788,4.818654977707906
132.mat,19,Outer Race,2,1750.0,12000,0.0036346644845075475,0.5777845109921625,0.5777959431567232,2.8080973053892215,5.504520459081837,0.3572657768691133,7.641000205014493,0.04966642504498192,4.860015613899082
132.mat,20,Outer Race,2,1750.0,12000,0.00378268428962388,0.5725715092681405,0.5725840042526784,2.8600765469061877,5.556499700598803,0.3528576023246476,7.7989771145806746,0.05851799432982231,4.9950339612422185
132.mat,21,Outer Race,2,1750.0,12000,0.0039013579043085714,0.569636919503212,0.5696502792543916,2.8600765469061877,5.559342315369262,0.3493829538920206,7.817376280486275,0.007365032773084511,5.020758614653376
132.mat,22,Outer Race,2,1750.0,12000,0.0039330835155860135,0.5777410182107537,0.5777544056683074,2.815406886227545,5.519545708582834,0.3531172566244464,7.861403206978276,-0.027483318837661357,4.873016732725511
132.mat,23,Outer Race,2,1750.0,12000,0.0037738606039873354,0.5709235971118904,0.5709360697687952,2.9116497005988027,5.615788522954093,0.34882874712001777,8.046594522072951,-0.020187848743492175,5.099782365787289
132.mat,24,Outer Race,2,1750.0,12000,0.004135136002409242,0.5612051277922367,0.5612203620771962,2.9116497005988027,5.649087724550899,0.34301304600272114,8.107513694964045,0.02933207473326114,5.188068533048527
132.mat,25,Outer Race,2,1750.0,12000,0.0037876414163859774,0.5581837245667207,0.5581965752301565,2.884847904191617,5.688884331337325,0.3419198012666074,7.961581190923202,-0.00010757460446848664,5.168157656650135
132.mat,26,Outer Race,2,1750.0,12000,0.003470881016287737,0.5640640867798303,0.564074765443193,2.998146407185629,5.8021828343313375,0.3459097925974223,7.984923582619713,-0.023703298497918083,5.315157831657277
132.mat,27,Outer Race,2,1750.0,12000,0.003865468306550962,0.5753387346994652,0.5753517198121603,2.998146407185629,5.76238622754491,0.35265089013866796,7.855129493972051,0.018974090149196026,5.210980177767537
132.mat,28,Outer Race,2,1750.0,12000,0.0038599163245774093,0.569993733746968,0.5700068029987381,2.7642398203592813,5.438734231536927,0.35057841458196887,7.680469467454282,0.022952979288543503,4.8494856654638925
132.mat,29,Outer Race,2,1750.0,12000,0.003926143538119075,0.5636782104717607,0.5636918835354368,3.0095168662674654,5.853349900199601,0.3469547549188732,7.883512529195121,0.03615905697296557,5.338939506086166
132.mat,30,Outer Race,2,1750.0,12000,0.0038342384079497254,0.5683018967039687,0.5683148310412964,3.0095168662674654,5.853349900199601,0.34926784940860467,7.775496222829822,0.03738381388881052,5.295509991800266
132.mat,31,Outer Race,2,1750.0,12000,0.0038922367910663043,0.5790372599739154,0.579050341460341,2.794696407185629,5.556499700598803,0.3565414415066352,7.571300349674535,0.0032339090289227766,4.8263444593392695
132.mat,32,Outer Race,2,1750.0,12000,0.003937842357277632,0.5751788787032112,0.5751923583538937,2.9189592814371257,5.7136556886227545,0.3531077389410632,7.80507519544128,0.018902863686251742,5.074753235231965
132.mat,33,Outer Race,2,1750.0,12000,0.00409260385479042,0.5667477003062945,0.5667624768884983,2.9189592814371257,5.622692015968064,0.3456027481657778,7.973520372553918,0.03767263441472675,5.150233828926161
132.mat,34,Outer Race,2,1750.0,12000,0.004058498822667166,0.565590579945404,0.5656051410088774,2.786980738522954,5.532946606786427,0.3459745326729353,8.035483472770258,0.029148772167193287,4.927431765474727
132.mat,35,Outer Race,2,1750.0,12000,0.00414128283959425,0.5631688807388704,0.5631841070699968,2.805660778443114,5.566651896207585,0.3443889461068098,8.071317781118383,0.03772734415443158,4.981782588006173
132.mat,36,Outer Race,2,1750.0,12000,0.0036793777679016964,0.5692547899430184,0.5692666806461001,2.805660778443114,5.566651896207585,0.346687169216255,7.8597326715551965,0.017551926137446425,4.928552599036317
132.mat,37,Outer Race,2,1750.0,12000,0.003455513923325223,0.5688355338213295,0.5688460293561618,2.8158129740518962,5.547565768463073,0.3471818904671127,7.855131002966909,0.0008744003065388648,4.950044174939436
132.mat,38,Outer Race,2,1750.0,12000,0.0037981505251216325,0.5679608580471315,0.567973557677684,3.005455988023952,5.823705489021956,0.347538407023843,8.091325672953303,-0.0071056849165490555,5.291542092756193
132.mat,39,Outer Race,2,1750.0,12000,0.0036812614760712956,0.5742408795312114,0.5742526790628272,3.005455988023952,5.823705489021956,0.35212741755259014,7.958229143049257,0.013238408550633855,5.233682136109172
132.mat,40,Outer Race,2,1750.0,12000,0.003722901340872941,0.5791611898266067,0.5791731552789413,2.7796711576846307,5.545535329341318,0.3559027652946061,7.685546550482202,0.017524388359827035,4.799378445546023
132.mat,41,Outer Race,2,1750.0,12000,0.0036324833487322216,0.5774164726789773,0.5774278984049099,2.9977403193612773,5.763604491017964,0.3551790247873394,7.887671927737171,0.02070817938795516,5.191540498202896
132.mat,42,Outer Race,2,1750.0,12000,0.0037987453803330832,0.5732132064664961,0.5732257936747669,2.9977403193612773,5.662894710578842,0.35197483719085265,7.901467541352407,0.031701200110258544,5.229597747414199
132.mat,43,Outer Race,2,1750.0,12000,0.004118975769164795,0.5740378023169803,0.5740525798655517,2.780889421157685,5.557311876247505,0.35100185234998754,7.563079202105698,0.025806584477195662,4.844311337837719
132.mat,44,Outer Race,2,1750.0,12000,0.004002979002931636,0.5721859267279286,0.5721999288591325,2.933984530938124,5.863908183632734,0.35122294020357725,7.681539890771402,0.04297889396542338,5.127551373150256
132.mat,45,Outer Race,2,1750.0,12000,0.00423140340412924,0.5771628280725903,0.5771783388897395,3.1012927145708584,6.031216367265469,0.3554593007344685,7.884820828673478,0.07171852596194386,5.373196645834815
132.mat,46,Outer Race,2,1750.0,12000,0.00420384177933196,0.5717753027101344,0.5717907563741927,3.1012927145708584,5.858629041916168,0.3517311448392278,8.094670201289386,0.047854222956875254,5.423824502229803
132.mat,47,Outer Race,2,1750.0,12000,0.0037940856811767096,0.5741898381515026,0.5742023731426098,3.010329041916168,5.848476846307385,0.3535568546257095,8.072399792810074,0.008405795734356104,5.242627308279197
132.mat,48,Outer Race,2,1750.0,12000,0.0037307336011570616,0.5814927680634581,0.5815047357359228,2.9043401197604792,5.742487924151696,0.35714155127245506,7.699054223621071,0.0028288973647927116,4.994525308697433
132.mat,49,Outer Race,2,1750.0,12000,0.003845441514432074,0.5788331012398055,0.5788458745739938,2.9023096806387225,5.782690618762475,0.355308703223436,7.676392713267916,-0.016336662083203814,5.013959342415112
132.mat,50,Outer Race,2,1750.0,12000,0.0039926681792664676,0.580182274320011,0.5801960124253959,2.91408622754491,5.794467165668663,0.35742430578296536,7.8700200431049385,0.024373766142310696,5.022589202850849
132.mat,51,Outer Race,2,1750.0,12000,0.003885594241205088,0.5726955315525196,0.5727087127876005,2.91408622754491,5.647463373253493,0.35277987457701787,7.862474249596511,0.04706830275385377,5.088251955101043
132.mat,52,Outer Race,2,1750.0,12000,0.003956778581508856,0.5772670995334611,0.5772806599051435,3.0302273453093815,5.902486526946108,0.35378220560831464,7.754488823055287,-0.009421271477514922,5.2491405927357695
132.mat,53,Outer Race,2,1750.0,12000,0.003879149976414358,0.5801797423130789,0.580192710394581,3.0302273453093815,5.902486526946108,0.3557139979075053,7.808943605601964,-0.016473533256321476,5.222794583628199
132.mat,54,Outer Race,2,1750.0,12000,0.00390978501980414,0.5800252878462092,0.5800384650693253,2.936421057884232,5.782690618762476,0.3560670444755021,7.841255614180525,0.024223380465766785,5.0624591897250735
132.mat,55,Outer Race,2,1750.0,12000,0.003839889532458519,0.5754514753289555,0.5754642866502603,2.936421057884232,5.615382435129741,0.35332406795296123,7.8572932717514306,0.040857042548375466,5.102699031032743
132.mat,56,Outer Race,2,1750.0,12000,0.003890353082896707,0.5697326651579999,0.5697459474144132,2.891751397205589,5.570712774451097,0.3496814720656344,7.87271501881,0.021260870153260152,5.075510252119846
132.mat,57,Outer Race,2,1750.0,12000,0.003675610351562499,0.5728666994125392,0.5728784909623271,2.872665269461078,5.643808582834332,0.3504204805233283,7.8741401277104845,-0.035361702497521075,5.0144407841801595
133.mat,0,Outer Race,3,1725.0,12000,0.0045430083923949,0.562573339778844,0.5625916827995026,2.9599741516966067,5.847664670658682,0.34027988459116926,8.084978749305044,-0.00011143771299430952,5.261318718697602
133.mat,1,Outer Race,3,1725.0,12000,0.004575824571560007,0.5713551317307868,0.5713734546910754,2.9599741516966067,5.847664670658682,0.34735023449195357,7.919729857024655,0.0017293889713899206,5.180454442527395
133.mat,2,Outer Race,3,1725.0,12000,0.0044997822470293795,0.5734936891237407,0.5735113420892636,2.9705324351297406,5.9317248502994016,0.3480486936527336,7.977847344649928,-0.02219409891102807,5.1795530744139935
133.mat,3,Outer Race,3,1725.0,12000,0.00458782081832429,0.5663282706196885,0.5663468532648065,2.9705324351297406,5.9317248502994016,0.3445612558330604,8.162484853021631,-0.037911388098340874,5.245076260255675
133.mat,4,Outer Race,3,1725.0,12000,0.004805339540645273,0.5711502586738166,0.5711704730387143,3.0862674650698603,5.9625875249501,0.34870343095547185,7.978071042548742,0.025575033911487837,5.40340863324122
133.mat,5,Outer Race,3,1725.0,12000,0.00495375591590257,0.5753574138809019,0.5753787390974695,3.0862674650698603,5.818020259481038,0.3502977420646987,7.838397653738178,0.04229925533565996,5.363888609980503
133.mat,6,Outer Race,3,1725.0,12000,0.004772523361480164,0.5754331224653494,0.5754529132860983,2.9388575848303393,5.759949700598803,0.3520363055627027,8.129907573429128,-0.05346025725099065,5.1070339848453
133.mat,7,Outer Race,3,1725.0,12000,0.004568785451557825,0.5762598425517812,0.5762779537153109,3.1630180638722556,6.101875648702595,0.35130850021149107,8.101910553368729,-0.03640717588763104,5.4887021852563
133.mat,8,Outer Race,3,1725.0,12000,0.004769747370493392,0.565534575068645,0.5655546888569233,3.1630180638722556,5.997917165668663,0.34534002044738643,7.991294623592351,0.053659008768375704,5.5927713556141185
133.mat,9,Outer Race,3,1725.0,12000,0.004939479390827721,0.5652864366529393,0.5653080168549088,2.933172355289421,5.768071457085828,0.3478251272357628,8.063562291940602,0.013396173925321378,5.188626850912402
133.mat,10,Outer Race,3,1725.0,12000,0.005116647101305202,0.5797263243193501,0.5797489035663488,3.1841346307385225,5.998729341317365,0.3555490247288626,7.948311485925575,0.015703365927650297,5.492265032587712
133.mat,11,Outer Race,3,1725.0,12000,0.005099297157637848,0.576371323649043,0.5763938805681855,3.1841346307385225,6.027967664670658,0.3525066377498908,8.089168808717263,-0.008649472007984535,5.524233927674133
133.mat,12,Outer Race,3,1725.0,12000,0.005190012577384294,0.5769950845748003,0.5770184259224608,2.8438330339321354,5.642996407185628,0.35437914281300675,8.168569090322368,-0.06570624548286519,4.928496051726236
133.mat,13,Outer Race,3,1725.0,12000,0.005249696383599988,0.585637375033843,0.5856609038929012,2.9782481037924153,5.753452295409182,0.35898133929894116,7.959306639351379,-0.024127024902323876,5.085277306366079
133.mat,14,Outer Race,3,1725.0,12000,0.005213608500771894,0.5815066206716581,0.5815299920026232,2.9879942115768463,5.966242315369262,0.35429665622368545,7.778706879644282,0.00623953031760852,5.138160116707047
133.mat,15,Outer Race,3,1725.0,12000,0.0053849268016700974,0.5819448200120597,0.5819697337280761,3.134998003992016,6.122992215568862,0.3549874814092518,7.977574386639541,0.012469956892243858,5.386874647087465
133.mat,16,Outer Race,3,1725.0,12000,0.005209047944150761,0.5883301814484267,0.5883532413300901,3.134998003992016,5.918323952095808,0.3606909531766545,7.918372245680406,0.013930195494965273,5.328428202256056
133.mat,17,Outer Race,3,1725.0,12000,0.005190210862454778,0.5784577597156885,0.578481043824333,2.9741872255489024,5.742487924151696,0.35411264767827627,7.8093574677441655,-0.019976160116055013,5.141373701524561
133.mat,18,Outer Race,3,1725.0,12000,0.005343980934615144,0.5779963351080496,0.5780210390033967,3.1301249500998,6.104312175648703,0.3554043757699445,8.055596007385988,-0.03253540603145003,5.415243977099259
133.mat,19,Outer Race,3,1725.0,12000,0.0051756369097742,0.5855029409797405,0.5855258159238987,3.1301249500998,5.954059680638722,0.3595626119830651,8.178292052319621,0.039029506218589416,5.3458359392075465
133.mat,20,Outer Race,3,1725.0,12000,0.0052554466506440235,0.5776476654351202,0.5776715720044932,3.0444404191616767,5.786345409181637,0.3536579800116564,8.088097761163837,0.030939022206490936,5.270192556988068
133.mat,21,Outer Race,3,1725.0,12000,0.005250687808952409,0.583357054416771,0.5833806841679613,3.0334760479041916,6.002790219560878,0.3585324218993653,7.920440604570486,-0.0152615432865772,5.199822569083934
133.mat,22,Outer Race,3,1725.0,12000,0.004948203933929021,0.5887586945280168,0.588779487673022,3.0334760479041916,6.002790219560878,0.36060122918226045,7.904998580899838,0.007034994818877307,5.152142884415207
133.mat,23,Outer Race,3,1725.0,12000,0.0048254654752994015,0.5790376495913605,0.5790577559806452,3.003019461077844,5.9085778443113774,0.3565149704497255,7.895990818139224,-0.03090885312624607,5.186044794430176
133.mat,24,Outer Race,3,1725.0,12000,0.004689045346806387,0.5829404973867622,0.5829593559072451,3.236113872255489,6.239133333333333,0.3616537263363897,7.9382819665448165,-0.028521616050787936,5.551182667304834
133.mat,25,Outer Race,3,1725.0,12000,0.004270663848085081,0.5863750973620933,0.5863906491206248,3.236113872255489,6.152636626746507,0.3611506771125717,7.911649051255687,0.06334601860191492,5.518699653735094
133.mat,26,Outer Race,3,1725.0,12000,0.004274034694283309,0.5852173757636381,0.5852329828950579,2.943730638722555,5.709594810379242,0.3583499004919848,7.856117884168948,0.016403028761447547,5.030014925270224
133.mat,27,Outer Race,3,1725.0,12000,0.004340361050360217,0.5899398169724946,0.5899557834139674,3.156926746506986,6.05639381237525,0.3622526463917867,7.957307717416401,-0.07777574299696978,5.3511243304344305
133.mat,28,Outer Race,3,1725.0,12000,0.0037747528868045167,0.5790145689030917,0.5790268730908692,3.156926746506986,6.105936526946108,0.3565219104271925,7.987504276045977,0.00047884311791941193,5.452124751404337
133.mat,29,Outer Race,3,1725.0,12000,0.0038578343313373257,0.5756967527280331,0.5757096785597148,3.019262974051896,5.968272754491018,0.35574562437624746,7.751284720898384,0.028157181371029977,5.244419342758586
133.mat,30,Outer Race,3,1725.0,12000,0.0041631933398827365,0.586989026006005,0.5870037894513661,3.019262974051896,5.871217764471058,0.36131684000163733,7.729171855215855,-0.01278082817795701,5.143515303152988
133.mat,31,Outer Race,3,1725.0,12000,0.0039806719325021864,0.5786030120599657,0.5786167050076406,3.1276884231536926,6.026749401197605,0.3540228245413469,8.21417988592435,-0.009175597073333404,5.405458217996647
133.mat,32,Outer Race,3,1725.0,12000,0.003937644072207149,0.5746530928137186,0.5746665834387898,3.1276884231536926,6.026749401197605,0.3521573585982332,8.403593343801044,-0.03894131090989151,5.442614053592061
133.mat,33,Outer Race,3,1725.0,12000,0.004108169232823415,0.5882027817492935,0.5882171278635573,3.0452525948103792,5.845228143712575,0.36019880963171313,7.843689949137895,-0.03555278648535867,5.1770892933208765
133.mat,34,Outer Race,3,1725.0,12000,0.0041536756564995,0.580047146833931,0.5800620187287246,2.609114271457086,5.167061477045909,0.35337730749438623,7.824374430525777,0.016326340143010556,4.497991916752751
133.mat,35,Outer Race,3,1725.0,12000,0.004087745870563559,0.5780194797990112,0.5780339338597882,2.8625130738522957,5.420460279441118,0.3536181247124891,7.853575319256784,-0.007080147213119692,4.952154027944398
133.mat,36,Outer Race,3,1725.0,12000,0.004429787617148516,0.5921689230542618,0.5921854915899049,2.8625130738522957,5.529291816367266,0.36409887868306356,7.607600626242257,-0.01681090136588181,4.833811558211255
133.mat,37,Outer Race,3,1725.0,12000,0.004470138628992016,0.589638658982414,0.5896556031328304,3.144744111776447,6.110403493013973,0.3628184528404129,7.8751754804210155,0.030450370199783024,5.333187872833691
133.mat,38,Outer Race,3,1725.0,12000,0.004373078086990081,0.5845667321444714,0.5845830891687007,3.159769361277445,6.12542874251497,0.3596358783166089,8.256968073526687,-0.029298522706973765,5.4051672376817415
133.mat,39,Outer Race,3,1725.0,12000,0.004652362608766839,0.5825413543892604,0.5825599317250691,3.159769361277445,6.0036023952095805,0.3558582502962824,8.312536852682229,-0.032919936308467374,5.423938704333434
133.mat,40,Outer Race,3,1725.0,12000,0.004282759237384606,0.5734288140683064,0.5734448071353246,3.003831636726547,5.752640119760479,0.3510119648885822,8.014898973560511,0.016613467734738187,5.238222753698572
133.mat,41,Outer Race,3,1725.0,12000,0.004026079213643026,0.5753542023280926,0.575368288533901,2.7833259481037924,5.468378642714571,0.35456890162546006,7.593963495531509,-0.026772647848445102,4.837468459021265
133.mat,42,Outer Race,3,1725.0,12000,0.0044832254436439605,0.5856768948803499,0.5856940536722794,2.88281746506986,5.755076646706586,0.357801047416885,7.691299328204551,-0.008370355302321674,4.922053497034338
133.mat,43,Outer Race,3,1725.0,12000,0.004319441975424151,0.5817199757042953,0.5817360120470324,2.9648472055888226,5.847664670658682,0.35472802539452347,7.999512179199576,0.008238340137188481,5.096550916894448
133.mat,44,Outer Race,3,1725.0,12000,0.0041959103765126,0.5798286489695343,0.5798438305524369,2.9648472055888226,5.833857684630739,0.35605019024451096,7.90488678794118,-0.012753087644370746,5.113182290417942
133.mat,45,Outer Race,3,1725.0,12000,0.004040851451394087,0.5759873221200406,0.5760014962857888,2.9774359281437124,5.9495927145708585,0.3516191137744043,7.96435707697661,0.03788770797767576,5.169146169485693
133.mat,46,Outer Race,3,1725.0,12000,0.004318252265001248,0.5713031952440837,0.571319514981524,2.9774359281437124,5.9495927145708585,0.3482792000471713,8.102755697464305,0.04695231287006909,5.211507484108958
133.mat,47,Outer Race,3,1725.0,12000,0.004825068905158433,0.5834185456906567,0.5834384978262407,2.913680139720559,5.824111576846308,0.3574080464071856,7.947156715461046,-0.007055049556081086,4.993979914894662
133.mat,48,Outer Race,3,1725.0,12000,0.004512769919146084,0.5859992147850858,0.5860165909094044,2.9741872255489024,5.850913373253493,0.35779291772899513,7.955298200787527,0.020390498911095893,5.075261130292297
133.mat,49,Outer Race,3,1725.0,12000,0.004137416280719813,0.5821867020022238,0.5822014034693715,2.988806387225549,5.8545681636726545,0.35397474041175464,8.041510575593122,-0.013524073769550131,5.133629650177894
133.mat,50,Outer Race,3,1725.0,12000,0.004013686396737775,0.5901031609358932,0.5901168106612656,2.988806387225549,5.91263872255489,0.360464214198556,7.8747078603504805,-0.018971378775978806,5.064770793220396
133.mat,51,Outer Race,3,1725.0,12000,0.00412660974437843,0.582000546400313,0.5820151758487447,3.013577744510978,5.937410079840319,0.3566623953996304,7.872491840455845,0.06478003587456649,5.177833619400592
133.mat,52,Outer Race,3,1725.0,12000,0.004129782305506174,0.5771533439444128,0.577168118946385,3.013577744510978,5.817208083832336,0.355034673256027,7.855289265597507,0.027390905338952696,5.221317057519109
133.mat,53,Outer Race,3,1725.0,12000,0.004083978454224363,0.5889991924925562,0.5890133509835731,3.110632734530938,6.06289121756487,0.36225879322897175,7.936497868710275,-0.028910591581194692,5.281090368047854
133.mat,54,Outer Race,3,1725.0,12000,0.004081599033378556,0.5890346611979551,0.5890488023443041,3.110632734530938,6.06289121756487,0.35866904031292884,8.1706491321399,0.003985712787407148,5.280772530478292
133.mat,55,Outer Race,3,1725.0,12000,0.004278793535974927,0.5838969756183687,0.5839126528945929,3.0992622754491017,5.980861477045908,0.3584218779725705,7.845512457526172,0.001043926025703428,5.307749815122736
133.mat,56,Outer Race,3,1725.0,12000,0.0042335845399045675,0.5872434637912144,0.5872587240761604,2.957131536926148,5.838730738522955,0.3611441337052458,7.853744680776983,-0.037658590073073796,5.035483366514693
133.mat,57,Outer Race,3,1725.0,12000,0.00410430267394898,0.5896038492949177,0.5896181343919329,3.147586726546906,6.036495508982036,0.3575165083407404,8.038783734711995,0.013915597113521166,5.338347894935389
97.mat,0,Normal,0,1796.0,12000,0.012397590594951923,0.07518523654450335,0.07620052523974466,0.27286892307692306,0.49587876923076923,0.061042358924278846,2.8915037971305475,-0.094576204217928,3.5809323127158725
97.mat,1,Normal,0,1796.0,12000,0.012374518629807693,0.07571782063512318,0.07672233751035056,0.22676492307692306,0.4497747692307692,0.061405042067307694,2.808523265066979,-0.021254927291333544,2.955657119366708
97.mat,2,Normal,0,1796.0,12000,0.011121756760817308,0.07317337775807244,0.0740137601123761,0.2492953846153846,0.4967132307692308,0.05928501878004808,2.8578329576946166,-0.059872180864705506,3.36823023498436
97.mat,3,Normal,0,1796.0,12000,0.010650538611778846,0.07212219971141914,0.0729043597045802,0.2492953846153846,0.4967132307692308,0.058637577674278844,2.8682377266256753,-0.11700584962627174,3.419485276677119
97.mat,4,Normal,0,1796.0,12000,0.011424646334134616,0.0714823136328198,0.07238952760006707,0.22467876923076924,0.4282873846153846,0.05807340955528846,2.846908615447348,-0.11244544848764083,3.1037468633869225
97.mat,5,Normal,0,1796.0,12000,0.011385887469951922,0.07126438535425142,0.07216821359433565,0.23677846153846152,0.4526953846153846,0.05783805513822115,2.8556617935044626,-0.12201507227202842,3.2809245198920354
97.mat,6,Normal,0,1796.0,12000,0.011496306941105768,0.07113076957470744,0.07205380943138427,0.23677846153846152,0.45645046153846147,0.05801173152043269,2.7587767231218816,-0.07398862296162738,3.2861338409031933
97.mat,7,Normal,0,1796.0,12000,0.01194878230168269,0.07237538176296378,0.07335509037434113,0.21967199999999998,0.430164923076923,0.059234800330528845,2.6599328784438208,-0.05248115152615279,2.994638802555944
97.mat,8,Normal,0,1796.0,12000,0.011613500300480768,0.07185250335937432,0.07278499590051624,0.2482523076923077,0.45874523076923074,0.058886174278846154,2.6815698557002174,-0.07322478197670226,3.4107621305855833
97.mat,9,Normal,0,1796.0,12000,0.01227948046875,0.07190920763923858,0.07295011846382116,0.2482523076923077,0.4864910769230769,0.05882638070913461,2.7958012143677955,-0.07637764432351482,3.403041871898067
97.mat,10,Normal,0,1796.0,12000,0.012587615985576922,0.07323492171583942,0.07430882743608246,0.23823876923076923,0.45791076923076923,0.06006900721153846,2.7511976259960442,-0.06299400935791546,3.2060628252503767
97.mat,11,Normal,0,1796.0,12000,0.011677470252403847,0.07352077260061785,0.07444237580362101,0.21842030769230766,0.4270356923076923,0.06044712259615384,2.7014241381333246,-0.11056968938095074,2.9340856647093108
97.mat,12,Normal,0,1796.0,12000,0.010599658052884615,0.07463364536331592,0.07538258267700362,0.21842030769230766,0.42745292307692306,0.06144731520432692,2.6312338318238604,-0.14414979598101413,2.897490374244493
97.mat,13,Normal,0,1796.0,12000,0.009214321514423076,0.07281107282107034,0.07339179822246059,0.28663753846153844,0.5182006153846154,0.05948013731971154,2.748296318891381,-0.10779872846203702,3.905579988552683
97.mat,14,Normal,0,1796.0,12000,0.009410509615384616,0.0711655281566231,0.07178502691392097,0.28663753846153844,0.5182006153846154,0.05818423647836538,2.809518900910555,-0.10246597505621104,3.9929989690642858
97.mat,15,Normal,0,1796.0,12000,0.010484654747596155,0.07147551695912052,0.07224041465654675,0.2207150769230769,0.4410129230769231,0.05870903455528846,2.698365889585208,-0.08626961964368493,3.0552852994051123
97.mat,16,Normal,0,1796.0,12000,0.011283566105769232,0.07148004061549439,0.07236515093921929,0.22780799999999998,0.4364233846153846,0.05847699068509615,2.7294080959891023,-0.06181835810175162,3.148034613944767
97.mat,17,Normal,0,1796.0,12000,0.01285296905048077,0.07218669147647264,0.07332201060890287,0.24011630769230768,0.46792430769230764,0.059097539963942305,2.749883988575652,-0.08206040178897721,3.2748189213342767
97.mat,18,Normal,0,1796.0,12000,0.013267704176682691,0.07124934369398722,0.0724741398772271,0.24011630769230768,0.4652123076923077,0.0582414325420673,2.7653503312771153,-0.030873727243566098,3.3131308367242487
97.mat,19,Normal,0,1796.0,12000,0.012545291917067308,0.07154971445701781,0.07264121411544013,0.2526332307692308,0.46124861538461537,0.0585883778545673,2.7537815624317736,0.031372088247661065,3.4778222507095014
97.mat,20,Normal,0,1796.0,12000,0.013200474609374999,0.07257856874878238,0.07376924272035389,0.2526332307692308,0.4743913846153846,0.05913792863581731,2.8841901630631392,0.0032914944931746537,3.4246417809508842
97.mat,21,Normal,0,1796.0,12000,0.013582664513221153,0.07317117664701638,0.07442116545168849,0.25367630769230765,0.4754344615384615,0.05946684420072115,2.9407748428893807,0.02739935879935713,3.4086580901099306
97.mat,22,Normal,0,1796.0,12000,0.013010398287259615,0.0739908771713623,0.07512602989763767,0.25367630769230765,0.47439138461538455,0.06054618434495193,2.8108332303215877,0.012007451533392492,3.3766766064698497
97.mat,23,Normal,0,1796.0,12000,0.013459614032451923,0.07388058917832867,0.07509662220925487,0.31125415384615385,0.5319692307692307,0.060495049128605774,2.8475568924829395,0.015809148187261174,4.144715763364855
97.mat,24,Normal,0,1796.0,12000,0.013385203125,0.0718120224811448,0.07304882090444688,0.31125415384615385,0.5317606153846154,0.05864353665865385,2.9755071750767805,0.011695335824124669,4.26090592554939
97.mat,25,Normal,0,1796.0,12000,0.01317342998798077,0.07014889786729896,0.07137511561913557,0.2526332307692308,0.47313969230769226,0.05759210697115384,2.822900634146979,-0.05205090320951208,3.5395141370741285
97.mat,26,Normal,0,1796.0,12000,0.013310231971153847,0.07032400526375426,0.07157253657278372,0.22864246153846152,0.4451852307692308,0.05780561177884615,2.713112026808205,0.026761695063187128,3.1945557959364748
97.mat,27,Normal,0,1796.0,12000,0.012524460937499999,0.07101599003292894,0.0721119474298956,0.27140861538461536,0.4948356923076923,0.05753139663461539,2.9347321947982183,0.12073314783682242,3.763712187199883
97.mat,28,Normal,0,1796.0,12000,0.012672722506009614,0.07160573214795324,0.07271848989190263,0.27140861538461536,0.535932923076923,0.05777999323918269,3.0358552340715996,0.04566359963181444,3.732319191282289
97.mat,29,Normal,0,1796.0,12000,0.013136912109375,0.07152653354175037,0.07272292252287846,0.26452430769230767,0.49754769230769225,0.058056245643028845,2.8969772723244627,-0.022519326400875266,3.637426804582681
97.mat,30,Normal,0,1796.0,12000,0.012204254657451922,0.07086065431775312,0.07190393704161158,0.2330233846153846,0.4282873846153846,0.05758085111177884,2.783822245515276,0.029055441180685964,3.2407597442200067
97.mat,31,Normal,0,1796.0,12000,0.011702783203124999,0.07190500799115272,0.07285111741701071,0.2261390769230769,0.4466455384615384,0.058480199368990377,2.800552689203122,-0.03228411583411585,3.1041264010903626
97.mat,32,Normal,0,1796.0,12000,0.011346364633413462,0.07175770667939596,0.07264921512501427,0.2261390769230769,0.4389267692307692,0.0584235635516827,2.7551651400473056,-0.03565757189276314,3.1127532008974677
97.mat,33,Normal,0,1796.0,12000,0.011829500751201923,0.07131194756313931,0.07228645068939696,0.2369870769230769,0.4545729230769231,0.05777622430889423,2.8387183840422923,0.016534368697058616,3.27844394990939
97.mat,34,Normal,0,1796.0,12000,0.012736285006009615,0.07132191206929385,0.07245017665247194,0.2369870769230769,0.46729846153846155,0.058058079176682695,2.8550984754365856,0.0004111152704495515,3.2710351840804117
97.mat,35,Normal,0,1796.0,12000,0.012292977313701922,0.07078766299500562,0.07184713302233901,0.2303113846153846,0.45624184615384616,0.058070302734374996,2.7290616601076056,0.006397544998177647,3.205575155570581
97.mat,36,Normal,0,1796.0,12000,0.012290074218749999,0.07155231162455378,0.0726001323905104,0.22780799999999998,0.45373846153846153,0.05853759915865384,2.777686079327199,-0.02663658407729106,3.1378455176174977
97.mat,37,Normal,0,1796.0,12000,0.012129487229567307,0.07041788431555891,0.07145490110504439,0.24616615384615384,0.4660467692307692,0.05726568704927884,2.880611541437262,-0.08258955349797036,3.4450562528142052
97.mat,38,Normal,0,1796.0,12000,0.011649356069711538,0.07048587158771771,0.07144204357602851,0.24616615384615384,0.49212369230769226,0.05736128545673076,2.8192617363036403,-0.05812549509024551,3.4456762646239842
97.mat,39,Normal,0,1796.0,12000,0.012332245492788461,0.07071231156698181,0.07177963002161762,0.24595753846153845,0.46208307692307693,0.05824362259615384,2.63930477282753,-0.049902324442825545,3.4265645892499625
97.mat,40,Normal,0,1796.0,12000,0.013221050931490383,0.07088737192556334,0.07210974751201261,0.22572184615384616,0.43830092307692303,0.058421933743990385,2.6439446509324624,-0.04770768005253034,3.1302542851955435
97.mat,41,Normal,0,1796.0,12000,0.013704543569711538,0.07317553618935431,0.07444779117645885,0.23281476923076924,0.45853661538461543,0.060387125300480765,2.617286985079959,0.0002705519393704893,3.1272219840470923
97.mat,42,Normal,0,1796.0,12000,0.013909288161057692,0.07276998167557712,0.07408737092252073,0.23281476923076924,0.44038707692307694,0.06030807962740384,2.583472586755115,-0.012684213104942759,3.142435294056295
97.mat,43,Normal,0,1796.0,12000,0.013308398437499999,0.0719551178182077,0.07317549076844926,0.254928,0.46250030769230766,0.05941300961538461,2.613743623567043,-0.035528272205654646,3.4837894125872557
97.mat,44,Normal,0,1796.0,12000,0.01213040399639423,0.07217368633769412,0.07318598021949008,0.2628553846153846,0.46104,0.059266785306490384,2.6778983271802685,-0.02627172419653857,3.591608445047292
97.mat,45,Normal,0,1796.0,12000,0.012334129957932692,0.07387754641226231,0.07490008428376528,0.2628553846153846,0.46104,0.06060923753004807,2.6767103561393757,-0.010406584801071045,3.509413736031789
97.mat,46,Normal,0,1796.0,12000,0.013125045072115383,0.07433913766474612,0.07548890115032234,0.24574892307692306,0.46208307692307693,0.06104332662259615,2.6591897617395532,0.004998956304530007,3.2554311869973978
97.mat,47,Normal,0,1796.0,12000,0.013423554537259614,0.07120869382727248,0.07246288631431277,0.2641070769230769,0.48044123076923073,0.05848447761418269,2.774016925902362,-0.01778290194126283,3.6447220136594365
97.mat,48,Normal,0,1796.0,12000,0.013786899789663461,0.07026466689296078,0.0716044832352623,0.2641070769230769,0.4716793846153846,0.05790976667668269,2.7478217131673826,-0.06741251405611924,3.688415375547531
97.mat,49,Normal,0,1796.0,12000,0.013352097656249999,0.06977654039458674,0.07104255134255406,0.21007569230769232,0.40387938461538464,0.05763713040865384,2.640292831298323,-0.07086209811115929,2.957040369999469
97.mat,50,Normal,0,1796.0,12000,0.01318229206730769,0.06947086188662456,0.0707104905612899,0.2127876923076923,0.42286338461538464,0.057589356670673074,2.6094584182773666,-0.030116545138531854,3.0092803856770556
97.mat,51,Normal,0,1796.0,12000,0.01241113837139423,0.06955783384239721,0.07065641233830397,0.21800307692307694,0.4307907692307692,0.05751219546274038,2.6347048102905486,-0.026700611968111024,3.085396918814317
97.mat,52,Normal,0,1796.0,12000,0.01124338115985577,0.0705524893123835,0.07144275588245312,0.23761292307692305,0.43809230769230767,0.05786708608774038,2.676761006770828,0.007938135119852493,3.325920453962815
97.mat,53,Normal,0,1796.0,12000,0.012089862530048076,0.07056226095407128,0.07159048433238815,0.23761292307692305,0.43809230769230767,0.057894792818509615,2.7120057095313106,-0.018805126533652433,3.319057348092628
97.mat,54,Normal,0,1796.0,12000,0.012492883413461537,0.06958210981473392,0.07069471085061481,0.2355267692307692,0.42745292307692306,0.05708554236778846,2.7874180071042143,-0.024960408775538456,3.331603827172608
97.mat,55,Normal,0,1796.0,12000,0.012083037710336537,0.07064476798801109,0.07167065678776308,0.24866953846153847,0.4839876923076923,0.05748734089543269,2.909897608088135,0.06540775940424068,3.4696143387930536
97.mat,56,Normal,0,1796.0,12000,0.011645841796874999,0.0721709279475679,0.07310450377350822,0.24866953846153847,0.4839876923076923,0.05868453650841346,2.9104690953890926,0.012561733867055856,3.4015624978724213
97.mat,57,Normal,0,1796.0,12000,0.011197593749999998,0.07391454967843203,0.07475792105158781,0.24199384615384617,0.46437784615384614,0.060359214843749995,2.8232621691753135,-0.08992306405445806,3.2370328488248723
97.mat,58,Normal,0,1796.0,12000,0.012233947716346153,0.07246471874525559,0.0734901689993654,0.235944,0.46437784615384614,0.0592432040264423,2.841409144584029,-0.09471902904656322,3.210551876701187
97.mat,59,Normal,0,1796.0,12000,0.01382652448918269,0.07060441184633046,0.07194550543026448,0.2371956923076923,0.46562953846153843,0.05771062454927885,2.8567052946811735,-0.03709306994408936,3.2968799216735216
97.mat,60,Normal,0,1796.0,12000,0.014224350360576923,0.0721379379709079,0.07352696265911574,0.2371956923076923,0.4577021538461538,0.058930484675480774,2.8142657229835044,-0.0333261414110794,3.22596886542661
97.mat,61,Normal,0,1796.0,12000,0.01437439453125,0.07263067305921081,0.07403943467621833,0.21132738461538458,0.42161169230769224,0.06030471814903846,2.603948644454535,-0.06503516172673583,2.8542544326484913
97.mat,62,Normal,0,1796.0,12000,0.014559887019230769,0.07273379485702124,0.07417678359376344,0.20527753846153846,0.4080516923076923,0.06075067427884615,2.497432898216311,-0.02827716337547576,2.7674095386200808
97.mat,63,Normal,0,1796.0,12000,0.013979115234374999,0.0726037151664454,0.07393723769999977,0.24595753846153845,0.4504006153846154,0.05986085021033654,2.638302403870546,0.015232078019151636,3.3265719157579405
97.mat,64,Normal,0,1796.0,12000,0.013690893930288462,0.07288528189755233,0.07415999523932078,0.24595753846153845,0.4504006153846154,0.06021456941105769,2.61830242769637,-0.027477448935612644,3.3165797498747405
97.mat,65,Normal,0,1796.0,12000,0.013180254807692308,0.07288123747797749,0.07406344505298851,0.19839323076923077,0.39303138461538456,0.06053085396634615,2.525928945478189,-0.07216551150604428,2.678692985821694
97.mat,66,Normal,0,1796.0,12000,0.012810848707932691,0.07304609988679077,0.07416097729458905,0.2507556923076923,0.4775206153846153,0.060417022085336544,2.6212183129686553,-0.08721745318521798,3.3812350033039276
97.mat,67,Normal,0,1796.0,12000,0.01271107391826923,0.07454034412197019,0.07561636266032268,0.2561796923076923,0.5069353846153846,0.06133699759615384,2.700301059161632,-0.054364485648171305,3.387887003484691
97.mat,68,Normal,0,1796.0,12000,0.013591170072115383,0.07384995553839141,0.07509018469115357,0.2561796923076923,0.4725138461538461,0.061226578125,2.6433023055285996,-0.06165225780881935,3.411626877219187
97.mat,69,Normal,0,1796.0,12000,0.014853710787259614,0.07521961171344942,0.07667217689927455,0.26535876923076923,0.4746,0.06262836553485578,2.6257243971334314,-0.04831947284415442,3.4609525901341662
97.mat,70,Normal,0,1796.0,12000,0.01484230213341346,0.07649866787082828,0.0779252213255171,0.26535876923076923,0.4746,0.06359942533052884,2.640737603916795,-0.041581540427366864,3.4053001674808954
97.mat,71,Normal,0,1796.0,12000,0.013628910306490383,0.07553042222166209,0.07675019138168261,0.238656,0.4739741538461538,0.06252212244591346,2.640798818441389,-0.09842432472367472,3.109516676162429
97.mat,72,Normal,0,1796.0,12000,0.013247535306490383,0.07483680420541045,0.07600029246901388,0.24574892307692306,0.4810670769230769,0.06157041661658654,2.6830887376068078,-0.09796202285216518,3.233526018036279
97.mat,73,Normal,0,1796.0,12000,0.01383049714543269,0.07338847697111839,0.07468032674962125,0.24574892307692306,0.4566590769230769,0.060511143479567306,2.681759281423401,-0.05579831437178536,3.290678198300323
97.mat,74,Normal,0,1796.0,12000,0.013491955528846154,0.07371962427650952,0.07494408493978756,0.23844738461538462,0.4539470769230769,0.06061132572115384,2.717253223324984,-0.037979839739793984,3.1816705055103514
97.mat,75,Normal,0,1796.0,12000,0.012776317157451922,0.07393036525278394,0.0750262166613634,0.23844738461538462,0.4539470769230769,0.060548629056490375,2.7284095865537936,-0.009499758733596738,3.1781875086629414
97.mat,76,Normal,0,1796.0,12000,0.01288093043870192,0.07343859122784588,0.07455967442590745,0.23677846153846152,0.44956615384615384,0.059858609224759614,2.79919427064157,0.020061732191574286,3.1756906580078557
97.mat,77,Normal,0,1796.0,12000,0.01273547010216346,0.07353702101822604,0.0746316665964128,0.24428861538461538,0.45707630769230767,0.05978659209735577,2.9336036994850705,-0.04879338342216408,3.2732568697100115
97.mat,78,Normal,0,1796.0,12000,0.011393221604567308,0.07418019443613537,0.0750500282818976,0.25847446153846154,0.4892030769230769,0.060114896484375,2.958412666909182,-0.10083107293019739,3.4440288359066047
97.mat,79,Normal,0,1796.0,12000,0.011156186448317307,0.07475450168265037,0.07558237901714258,0.25847446153846154,0.4892030769230769,0.06013832496995192,2.9481971164105607,-0.0570435656408923,3.4197714454031387
97.mat,80,Normal,0,1796.0,12000,0.011609018329326922,0.07417545362174141,0.07507840719249284,0.2453316923076923,0.4650036923076923,0.06004007812499999,2.81973131142657,-0.05092729415629772,3.267673109775606
97.mat,81,Normal,0,1796.0,12000,0.01198010516826923,0.0729941259199222,0.07397070594942466,0.22426153846153846,0.43934399999999996,0.059695577524038465,2.7285517782438857,-0.07093737025914434,3.0317615004900835
97.mat,82,Normal,0,1796.0,12000,0.012483053635817308,0.07440724724133906,0.07544710113787309,0.2436627692307692,0.46792430769230764,0.06067117022235577,2.793396920732613,-0.04110995949243637,3.229584245861169
97.mat,83,Normal,0,1796.0,12000,0.012776775540865384,0.07371201943040102,0.07481114757661103,0.2436627692307692,0.4622916923076923,0.060439686598557696,2.7616444392117265,-0.014872188530307272,3.2570382506329576
97.mat,84,Normal,0,1796.0,12000,0.013101514723557691,0.07097038778719045,0.07216956166359742,0.25951753846153847,0.49045476923076925,0.05804926802884615,2.8829617926948377,-0.025522832508620922,3.5959417305487116
97.mat,85,Normal,0,1796.0,12000,0.01306285772235577,0.07201598273376192,0.0731911198232682,0.25951753846153847,0.49045476923076925,0.058701853215144234,2.918093075250813,-0.03455621600564418,3.545751712614666
97.mat,86,Normal,0,1796.0,12000,0.011321102614182692,0.0743043839683662,0.07516188423209764,0.233232,0.45019200000000004,0.06090270477764423,2.7364006196442547,-0.06706215779846543,3.1030621755009036
97.mat,87,Normal,0,1796.0,12000,0.00922318359375,0.07367374723575455,0.07424882589887784,0.25534523076923077,0.48857723076923076,0.05984735336538461,2.7856962105562344,-0.11235858386582882,3.4390473879949925
97.mat,88,Normal,0,1796.0,12000,0.008491552734375,0.0717602378378653,0.07226090369202191,0.25534523076923077,0.4668812307692307,0.058259666015624996,2.7744265875274112,-0.11233329459759367,3.533656759366304
97.mat,89,Normal,0,1796.0,12000,0.009318272686298078,0.07456614245821343,0.07514612303342595,0.27328615384615385,0.513611076923077,0.06044900706129808,2.8606392123880755,-0.10987786737273984,3.6367299178507544
97.mat,90,Normal,0,1796.0,12000,0.010177537860576923,0.07468564048157283,0.07537590577264215,0.27328615384615385,0.513611076923077,0.06069515895432692,2.854938791729732,-0.15193459478741594,3.625643380929608
97.mat,91,Normal,0,1796.0,12000,0.010326054086538462,0.07370522817172219,0.07442504990152005,0.25847446153846154,0.48982892307692305,0.05996867217548077,2.8181497205880364,-0.11814768019245041,3.4729497915080674
97.mat,92,Normal,0,1796.0,12000,0.010793554236778847,0.07414142536390829,0.07492297223184803,0.25847446153846154,0.48982892307692305,0.060071197265625,2.8324815160576735,-0.051867758677516584,3.449869296944282
97.mat,93,Normal,0,1796.0,12000,0.011430248798076924,0.07327434647076356,0.07416050457152674,0.23093723076923076,0.449148923076923,0.06001257512019231,2.6808672321506304,-0.0351661613818202,3.11401914136783
97.mat,94,Normal,0,1796.0,12000,0.011917561298076924,0.07412581413296732,0.07507772364802118,0.23093723076923076,0.449148923076923,0.06108610907451923,2.671607624572782,-0.07455498514165637,3.075975396535848
97.mat,95,Normal,0,1796.0,12000,0.012589602313701924,0.07498937683900551,0.07603883695270164,0.2572227692307692,0.481692923076923,0.06177699474158654,2.7246919154623956,-0.06603711887249349,3.382781477717357
97.mat,96,Normal,0,1796.0,12000,0.013650810847355768,0.075329376891528,0.07655625160400786,0.2572227692307692,0.4683415384615385,0.06218403921274038,2.634884159035172,0.01142617729865096,3.3599185414833332
97.mat,97,Normal,0,1796.0,12000,0.013805897235576924,0.07494417561696201,0.07620519836195792,0.2561796923076923,0.46855015384615384,0.06181300330528845,2.615124932371642,0.01046517246470781,3.361708883571106
97.mat,98,Normal,0,1796.0,12000,0.013608996093749999,0.07402653769062156,0.07526707817592442,0.25972615384615383,0.47209661538461534,0.06096112319711538,2.702044679529061,0.006158727709262713,3.4507271989366544
97.mat,99,Normal,0,1796.0,12000,0.013799327073317307,0.07592758466002222,0.07717136476686953,0.25972615384615383,0.48190153846153844,0.062424537710336535,2.7118381737743955,0.004733732755303675,3.365576786555121
97.mat,100,Normal,0,1796.0,12000,0.014355448016826923,0.07570620150114106,0.07705522586752434,0.24512307692307692,0.46729846153846155,0.06226099669471154,2.69780527681305,-0.01238237010470078,3.181135012756953
97.mat,101,Normal,0,1796.0,12000,0.014821573016826923,0.07343311390465736,0.07491395894242617,0.24053353846153847,0.452904,0.06054338311298077,2.6481448705901807,0.03257426855478322,3.210797318112588
97.mat,102,Normal,0,1796.0,12000,0.01458020868389423,0.07331373112753764,0.07474948599894708,0.24866953846153847,0.4424732307692308,0.060396955078125,2.7038039152684625,0.052294077642483,3.3267056641037134
97.mat,103,Normal,0,1796.0,12000,0.014207390174278845,0.07269690104777854,0.07407219017630504,0.24866953846153847,0.4698018461538461,0.05973229912860577,2.7856002472345254,0.004399439183675927,3.357124149693165
97.mat,104,Normal,0,1796.0,12000,0.014080061448317307,0.07266108987442262,0.0740127158813086,0.23677846153846152,0.45791076923076923,0.05940267052283653,2.796816786010975,0.005523856256873585,3.199159208238949
97.mat,105,Normal,0,1796.0,12000,0.01344591346153846,0.07299645565613118,0.0742244914241432,0.24011630769230768,0.4604141538461538,0.05964271063701923,2.7671503712143126,0.03700645639992329,3.235001049993108
97.mat,106,Normal,0,1796.0,12000,0.01396123828125,0.07289606654018324,0.07422097204548499,0.24011630769230768,0.4451852307692308,0.05984409375,2.7142309157021707,0.03938516466214866,3.2351544459045445
97.mat,107,Normal,0,1796.0,12000,0.014256437199519231,0.07284769125295573,0.0742295906125704,0.2605606153846154,0.4919150769230769,0.05943236358173076,2.8258876691810513,0.015976601303611733,3.510198739267879
97.mat,108,Normal,0,1796.0,12000,0.01347713446514423,0.07356419307832662,0.07478852623669553,0.2605606153846154,0.4919150769230769,0.0597219091045673,2.8630466225516322,0.023208894926829347,3.483965101277386
97.mat,109,Normal,0,1796.0,12000,0.013304680438701923,0.07239932322968383,0.07361166025632226,0.24741784615384615,0.47084492307692305,0.05876836974158653,2.8324829822411126,0.03677976871095729,3.361123024427319
97.mat,110,Normal,0,1796.0,12000,0.013357088942307693,0.07108647095642132,0.07233047890101967,0.24741784615384615,0.47543446153846153,0.05784584765624999,2.878885618452401,-0.02898139818325421,3.4206582054077654
97.mat,111,Normal,0,1796.0,12000,0.013705511268028846,0.07185200323424945,0.07314746344127497,0.22989415384615383,0.45603323076923075,0.05863156775841346,2.8635888844170445,-0.041135726507347425,3.1428862058999476
97.mat,112,Normal,0,1796.0,12000,0.013793419020432691,0.07087088595420257,0.07220069864071138,0.2438713846153846,0.47606030769230767,0.05780169005408654,2.8664615401303184,0.028285064465151652,3.377687324453039
97.mat,113,Normal,0,1796.0,12000,0.013113992938701923,0.07065643144099581,0.07186312068629128,0.2438713846153846,0.47606030769230767,0.05788593073918269,2.802445785187191,0.0254217118649137,3.3935540550760677
97.mat,114,Normal,0,1796.0,12000,0.012516872145432692,0.07259694809163011,0.07366810001977753,0.24303692307692307,0.45832799999999996,0.059541815354567304,2.7250136733230597,-0.027023248195951678,3.2990795610539085
97.mat,115,Normal,0,1796.0,12000,0.012387760817307691,0.07298560398259167,0.07402941987325393,0.24303692307692307,0.4551987692307692,0.059578333233173075,2.7486645997970482,-0.022286081282081,3.282977544509029
97.mat,116,Normal,0,1796.0,12000,0.011574996093750001,0.07273312788949236,0.07364841089364778,0.22467876923076924,0.44122153846153844,0.05932673167067308,2.6965371418883777,-0.045091214341722016,3.0506940544204997
97.mat,117,Normal,0,1796.0,12000,0.011279593449519232,0.07342306978220055,0.0742844290859688,0.21654276923076923,0.41994276923076923,0.060289948016826925,2.537801747151214,-0.0096195578178655,2.915049249152416
98.mat,0,Normal,1,,12000,0.00879887334735577,0.06474406804925487,0.06533922650100285,0.20444307692307692,0.40325353846153844,0.05259771409254808,2.902601793225119,-0.2775863628428556,3.1289485332358358
98.mat,1,Normal,1,,12000,0.01020575390625,0.06302245795103881,0.06384346183428176,0.21132738461538458,0.4086775384615384,0.05163240955528846,2.8961763657098336,-0.24133202212708588,3.3100865545782323
98.mat,2,Normal,1,,12000,0.011116969200721154,0.06366598245050882,0.06462928380848948,0.21132738461538458,0.4080516923076922,0.05189862845552884,2.9640469867821624,-0.1516558861126626,3.2698394932178614
98.mat,3,Normal,1,,12000,0.011863828575721155,0.06394236872663885,0.06503366010649823,0.22780799999999998,0.43934399999999996,0.051935095402644224,3.037093682958579,-0.16032489014271084,3.502924479830056
98.mat,4,Normal,1,,12000,0.01258725946514423,0.06471521135054686,0.06592797343304899,0.22780799999999998,0.43934399999999996,0.05296727298677884,2.9267613634522243,-0.12577264366839158,3.4554072897651404
98.mat,5,Normal,1,,12000,0.012163916917067306,0.0638527809707685,0.0650010654717771,0.21237046153846154,0.4159790769230769,0.05209878921274038,3.0102437173981205,-0.15679271964906796,3.26718431455052
98.mat,6,Normal,1,,12000,0.010873975060096153,0.06429611915979794,0.06520915788919933,0.21153599999999997,0.41159815384615384,0.05235706280048077,2.9839268040019205,-0.19321083323938137,3.2439615361914824
98.mat,7,Normal,1,,12000,0.010479561598557691,0.06610957117418488,0.0669350178317193,0.21049292307692305,0.4105550769230769,0.054372829326923076,2.7515692531299782,-0.12727547688503071,3.1447354448477376
98.mat,8,Normal,1,,12000,0.010488678335336538,0.06638210991417041,0.06720563138516861,0.22342707692307692,0.4201513846153846,0.054821994140625,2.7805900422530856,-0.19967532091088502,3.324529095524342
98.mat,9,Normal,1,,12000,0.01061284930889423,0.06510140345601526,0.0659607860959538,0.22342707692307692,0.4201513846153846,0.053524259765625,2.805064036972876,-0.2120132283227022,3.3872712887025846
98.mat,10,Normal,1,,12000,0.010301963491586536,0.06415467875936541,0.06497655930025345,0.22113230769230768,0.424740923076923,0.05258946319110577,2.7843799927886774,-0.19053088733190013,3.4032628085224745
98.mat,11,Normal,1,,12000,0.009311651592548077,0.06508403953158483,0.0657467798232727,0.23844738461538462,0.442056,0.05300414738581731,2.974253616702793,-0.23716346750073794,3.6267538160246175
98.mat,12,Normal,1,,12000,0.009549145132211539,0.06625881815182864,0.06694338769163939,0.23844738461538462,0.46145723076923073,0.05379251592548077,2.9527225194463376,-0.1926010445955241,3.5619258725558116
98.mat,13,Normal,1,,12000,0.009753125751201923,0.06655987072958025,0.0672706462987921,0.22300984615384614,0.4082603076923077,0.054449888671874995,2.7487815878436015,-0.12844798665629398,3.315113774339499
98.mat,14,Normal,1,,12000,0.00967774714543269,0.0647111246744414,0.0654307912717096,0.20193969230769232,0.39261415384615383,0.05322671799879807,2.7232238276036322,-0.15500127929184473,3.0863097997563917
98.mat,15,Normal,1,,12000,0.010179676983173076,0.06341305869546875,0.06422493158109792,0.25138153846153843,0.45332123076923075,0.05180751201923077,3.0216860703260626,-0.2736360255175849,3.914080284291384
98.mat,16,Normal,1,,12000,0.009821424879807692,0.06296197782421126,0.06372339474797444,0.25138153846153843,0.4785636923076923,0.05110017548076923,3.148890941406633,-0.23047745880877005,3.944886167093743
98.mat,17,Normal,1,,12000,0.009606239332932691,0.06608088165647207,0.06677546521454006,0.22718215384615387,0.43162523076923076,0.053598925330528846,2.972036890989777,-0.07138407584927556,3.4021800239990836
98.mat,18,Normal,1,,12000,0.010239215895432691,0.0666272278252683,0.06740941351052898,0.23218892307692307,0.45937107692307694,0.054321439453124995,2.903520285349049,-0.13309054937189985,3.4444584366641378
98.mat,19,Normal,1,,12000,0.010867812349759615,0.06422390107891388,0.06513692359225834,0.23218892307692307,0.42223753846153844,0.052393988131009615,2.889249825410187,-0.18989621531708414,3.5646283286323213
98.mat,20,Normal,1,,12000,0.011367450270432691,0.06536185870217992,0.06634298379372526,0.23239753846153846,0.4314166153846154,0.05356093043870192,2.8715135995144756,-0.2391195792917986,3.502970851960968
98.mat,21,Normal,1,,12000,0.012083750751201924,0.06672778574250904,0.06781308444773299,0.23239753846153846,0.4314166153846154,0.055099061448317305,2.8225474709155858,-0.2863549496262323,3.4270309388545677
98.mat,22,Normal,1,,12000,0.01245305498798077,0.06525192423078892,0.06642960329818544,0.21216184615384615,0.404088,0.05397067427884615,2.809012979950096,-0.23298065913095042,3.193784632455294
98.mat,23,Normal,1,,12000,0.013583683143028845,0.06489432581845557,0.06630075392604577,0.20423446153846153,0.40450523076923073,0.05385113807091346,2.8290599018000795,-0.2385987957023104,3.0804244212105334
98.mat,24,Normal,1,,12000,0.014157630108173076,0.06452841701895805,0.0660632658385309,0.20673784615384616,0.409512,0.053432430288461535,2.8648836453884794,-0.22800428894738062,3.129391856877713
98.mat,25,Normal,1,,12000,0.012222997445913462,0.06290877701818699,0.0640852236672915,0.20673784615384616,0.4111809230769231,0.05141885381610577,2.9119079483522676,-0.11816312749060123,3.2259830632277757
98.mat,26,Normal,1,,12000,0.011330219350961538,0.06342507888974849,0.06442914327159506,0.2056947692307692,0.41013784615384613,0.051566300480769225,2.936833024658894,-0.10438250873896332,3.192573403679792
98.mat,27,Normal,1,,12000,0.010520561448317308,0.06489215489405738,0.06573944006441002,0.22154953846153846,0.4207772307692308,0.05270039197716346,2.968091495703554,-0.2038952906631024,3.3701159949715
98.mat,28,Normal,1,,12000,0.008966234224759617,0.06421757765505096,0.06484050150990313,0.22154953846153846,0.4124326153846154,0.05236546649639423,2.8018065820274485,-0.18445894891460343,3.4168387551367267
98.mat,29,Normal,1,,12000,0.010387375600961538,0.06181924254486563,0.06268585423120894,0.20006215384615383,0.37926276923076924,0.05104547506009615,2.6545988707607147,-0.13195572841857373,3.191503989213413
98.mat,30,Normal,1,,12000,0.010314390775240385,0.06405138062270647,0.06487654442661987,0.20402584615384614,0.38656430769230765,0.052847889573317305,2.7643137092250467,-0.20277000383042476,3.1448322033337384
98.mat,31,Normal,1,,12000,0.008047379206730768,0.06685909167914755,0.06734165465933831,0.2059033846153846,0.3974123076923077,0.05465794381009615,2.789313935903273,-0.2168282162914499,3.0575931888960772
98.mat,32,Normal,1,,12000,0.00823134375,0.06702949789583194,0.06753301865086443,0.26911384615384615,0.490872,0.05460120612980769,2.997845699139139,-0.27467287158232445,3.984922509463472
98.mat,33,Normal,1,,12000,0.008957474008413461,0.06591495767185193,0.06652080866536,0.26911384615384615,0.490872,0.05389310561899038,3.0775737388027093,-0.3225938138727763,4.045558849226442
98.mat,34,Normal,1,,12000,0.009798098257211538,0.06544850077089595,0.06617785870376842,0.24053353846153847,0.4504006153846154,0.05335246784855768,2.8843830788093214,-0.19396609648296406,3.634652785280306
98.mat,35,Normal,1,,12000,0.010736256310096153,0.06756332173174631,0.0684110345118647,0.24449723076923074,0.44956615384615384,0.05459112169471153,3.0216536527315614,-0.16007278316832813,3.57394435727802
98.mat,36,Normal,1,,12000,0.0106228828125,0.06644953286209783,0.06729328389103274,0.24449723076923074,0.4397612307692308,0.05426882722355769,2.9589124596651217,-0.20240435348058894,3.6333080603577375
98.mat,37,Normal,1,,12000,0.010717258864182691,0.06423645994108426,0.0651243612124098,0.25138153846153843,0.46479507692307687,0.05291298001802885,2.797328266747982,-0.14980599340546683,3.8600230970655005
98.mat,38,Normal,1,,12000,0.010619062950721153,0.06567033804731763,0.06652336279233298,0.25138153846153843,0.46479507692307687,0.053613695462740384,2.8606241227128213,-0.1154890182729047,3.7788459258483384
98.mat,39,Normal,1,,12000,0.010115248647836538,0.06654358776957296,0.06730800345021697,0.21445661538461538,0.4276615384615384,0.054223752854567306,2.8198388433721457,-0.08652259348252204,3.1861978426270507
98.mat,40,Normal,1,,12000,0.010278178485576921,0.06586457670991978,0.06666170878516604,0.24324553846153843,0.4577021538461538,0.05357931670673077,3.004863179310666,-0.1367179093792695,3.6489544431790333
98.mat,41,Normal,1,,12000,0.009467094501201923,0.06385950673381682,0.06455743550189307,0.24324553846153843,0.44080430769230766,0.052055701171874996,2.931687052478204,-0.16543683492994649,3.7678934513191056
98.mat,42,Normal,1,,12000,0.008996131009615384,0.062417761253772235,0.06306272506857813,0.2090326153846154,0.39011076923076926,0.05126967548076923,2.7034299275900615,-0.1359164894658565,3.3146778093921725
98.mat,43,Normal,1,,12000,0.009782869741586538,0.0638636862543153,0.06460862916337468,0.2090326153846154,0.4078430769230769,0.052427195462740384,2.821379702908133,-0.20332631422495556,3.235366824701363
98.mat,44,Normal,1,,12000,0.009906582331730768,0.06564021741782979,0.06638357113138253,0.2157083076923077,0.42870461538461535,0.053543664663461533,2.9211878209204305,-0.20664230232756106,3.2494230728472
98.mat,45,Normal,1,,12000,0.009978090144230768,0.06589897582116216,0.06665011100669309,0.2157083076923077,0.42870461538461535,0.05371112740384615,2.8668313859625436,-0.18173034621524514,3.2364283334898873
98.mat,46,Normal,1,,12000,0.010725000450721153,0.06745209351763395,0.06829941840586641,0.20944984615384615,0.4105550769230769,0.05540801186899038,2.7464909179481336,-0.20221723944431869,3.066641723201789
98.mat,47,Normal,1,,12000,0.010297939903846153,0.06757335194652624,0.06835353289737356,0.2415766153846154,0.45102646153846154,0.055458688701923074,2.812621066381385,-0.11160925385745216,3.5342228140178227
98.mat,48,Normal,1,,12000,0.010452109525240384,0.0641696918731994,0.06501535163812448,0.2415766153846154,0.46312615384615385,0.05223090549879808,3.048252762510825,-0.14336424708990514,3.7156857464869386
98.mat,49,Normal,1,,12000,0.011507613731971154,0.06248437320948224,0.06353520338510071,0.22154953846153846,0.41952553846153845,0.050887129056490385,2.9849880197556162,-0.1827523415069673,3.4870359526305195
98.mat,50,Normal,1,,12000,0.011784324519230768,0.06472228985196278,0.06578635958962943,0.20548615384615385,0.40095876923076923,0.053169114483173074,2.7644951817738583,-0.12374434891970611,3.123537388722551
98.mat,51,Normal,1,,12000,0.012853987680288462,0.06606032054726954,0.06729926411256672,0.22968553846153844,0.4251581538461538,0.05477518810096153,2.763169251735864,-0.13844606364361134,3.412898216499956
98.mat,52,Normal,1,,12000,0.013953038311298077,0.06482383715296078,0.06630849976699917,0.22968553846153844,0.4228633846153846,0.053707307542067304,2.8355371493863384,-0.11202748414494001,3.463892853384232
98.mat,53,Normal,1,,12000,0.013173735576923078,0.06636996783399043,0.06766476142968077,0.21967199999999998,0.4255753846153846,0.05470337469951923,2.8239911953377277,-0.1566816943018809,3.24647564490846
98.mat,54,Normal,1,,12000,0.012617359975961539,0.06520399551045407,0.06641354382421036,0.208824,0.4147273846153846,0.053738732271634615,2.8644275040899494,-0.18320742858371344,3.1442984062518198
98.mat,55,Normal,1,,12000,0.01263182451923077,0.06326186794588273,0.06451067296724586,0.2290596923076923,0.4418473846153846,0.05226070042067308,2.9069105070575216,-0.2122501866764543,3.5507255121023658
98.mat,56,Normal,1,,12000,0.01186179131610577,0.065725931835463,0.06678772498645819,0.2290596923076923,0.4418473846153846,0.05413523392427885,2.816502435655009,-0.23400855258675451,3.4296675377718917
98.mat,57,Normal,1,,12000,0.01154795147235577,0.06605146551183512,0.06705334651953643,0.19693292307692306,0.39324,0.054040705078125,2.759213924326483,-0.1403491355639112,2.9369589036029002
98.mat,58,Normal,1,,12000,0.010563700420673078,0.06427235992501407,0.06513469134730189,0.22572184615384616,0.4226547692307692,0.05212237049278846,2.928182279405241,-0.14685134866170713,3.4654627431990797
98.mat,59,Normal,1,,12000,0.011007619290865384,0.06502958606292507,0.06595464158016484,0.22572184615384616,0.43287692307692305,0.05309679176682692,2.9454992692702993,-0.20469405632372645,3.4223799985250714
98.mat,60,Normal,1,,12000,0.012350478966346154,0.0674875141784314,0.068608300523203,0.235944,0.44309907692307693,0.054966894230769225,2.9359484086939527,-0.20188298094979384,3.4390007943747976
98.mat,61,Normal,1,,12000,0.011791811448317306,0.06597760272929185,0.06702306229304154,0.235944,0.42891323076923077,0.053381040414663454,2.9707787418725267,-0.16355445724946308,3.5203404906865337
98.mat,62,Normal,1,,12000,0.011490195162259614,0.06300517042890294,0.06404432906699796,0.21111876923076925,0.41222400000000003,0.05145908969350961,2.8199774800895456,-0.07881430952141481,3.2964475123146966
98.mat,63,Normal,1,,12000,0.011914403545673077,0.06741506536348246,0.06845979878594269,0.25534523076923077,0.471888,0.05474391616586538,2.9372176164098054,-0.10129497857794323,3.7298565771078853
98.mat,64,Normal,1,,12000,0.011784324519230768,0.06753767562512754,0.06855806249610245,0.25534523076923077,0.471888,0.05476826141826922,2.960070200501846,-0.11051154644087512,3.7245106041867393
98.mat,65,Normal,1,,12000,0.012231401141826923,0.06274873144940778,0.06392973073932176,0.21028430769230766,0.4076344615384615,0.051436323317307686,2.865323578985224,-0.13129119655186366,3.2893038225009517
98.mat,66,Normal,1,,12000,0.012169162860576923,0.061945686668813005,0.06312968098761472,0.21028430769230766,0.41848246153846147,0.051145708233173076,2.8456771955595688,-0.20422337264318313,3.330989550439244
98.mat,67,Normal,1,,12000,0.01121934149639423,0.06352356967509487,0.06450672467176849,0.20819815384615384,0.3988726153846154,0.05246865369591346,2.7294449600005244,-0.17787009035670368,3.2275418556055167
98.mat,68,Normal,1,,12000,0.011791302133413461,0.06495789460276745,0.06601941288155844,0.19067446153846154,0.3732129230769231,0.05363773512620192,2.702243783844852,-0.1419473795628543,2.8881574860494355
98.mat,69,Normal,1,,12000,0.011526356520432691,0.06444745006826899,0.06547007495748074,0.23239753846153846,0.4243236923076923,0.052520909405048076,2.953370169499491,-0.18982800050672058,3.549675765797856
98.mat,70,Normal,1,,12000,0.010457813852163461,0.06263265913769156,0.06349973119017717,0.23239753846153846,0.4243236923076923,0.05083120628004808,2.9874651867228237,-0.20593028539750205,3.659819248140191
98.mat,71,Normal,1,,12000,0.010458883413461538,0.06339210075086267,0.06424909866966155,0.23239753846153846,0.4599969230769231,0.05219489693509615,2.7874293074556613,-0.17547316417731432,3.617133053592185
98.mat,72,Normal,1,,12000,0.010013232872596154,0.06602633490290669,0.06678129778067834,0.23239753846153846,0.4599969230769231,0.05429755258413461,2.789796235883349,-0.16473279509008276,3.4799793682472795
98.mat,73,Normal,1,,12000,0.00955235381610577,0.06672350836538578,0.06740381318600436,0.2342750769230769,0.43767507692307683,0.05433936733774038,2.863759723077939,-0.10989833412204465,3.4756947099800204
98.mat,74,Normal,1,,12000,0.009851321664663461,0.06653996465367938,0.06726526172292477,0.2342750769230769,0.44163876923076917,0.053917450871394226,2.9342509459464576,-0.02757365573521594,3.4828538672471003
98.mat,75,Normal,1,,12000,0.010231525240384615,0.06757955503507362,0.06834969178777014,0.3079163076923077,0.540731076923077,0.05472822926682692,3.121949475685008,-0.16259445016332522,4.505013843345573
98.mat,76,Normal,1,,12000,0.011054578124999999,0.06730605566290053,0.0682078355207024,0.3079163076923077,0.5269624615384616,0.05462025450721154,3.2443746062998273,-0.3004628167084108,4.514383213331101
98.mat,77,Normal,1,,12000,0.011807803936298076,0.06382103094092235,0.06490414643272203,0.2559710769230769,0.47501723076923075,0.05219535531850962,3.059641511755037,-0.26584746679846216,3.943832420451133
98.mat,78,Normal,1,,12000,0.011652106370192308,0.06526832025080224,0.0663002655441406,0.23135446153846154,0.4364233846153846,0.053582678185096155,2.948805185044685,-0.2471102795812254,3.4894952477141
98.mat,79,Normal,1,,12000,0.012624235727163462,0.06808721624201089,0.06924767391964398,0.2572227692307692,0.48857723076923076,0.05586588596754807,3.009988445401827,-0.152140454006859,3.714532989646039
98.mat,80,Normal,1,,12000,0.013517421274038462,0.06586878959952812,0.06724149106918087,0.2572227692307692,0.481692923076923,0.054168288461538455,2.950525789298202,-0.09918017745576223,3.825357902401772
98.mat,81,Normal,1,,12000,0.014009877854567306,0.06605243762993271,0.06752185716015256,0.20798953846153845,0.41451876923076925,0.05474468013822115,2.8169748310055733,-0.20589083448079787,3.0803290550527342
98.mat,82,Normal,1,,12000,0.014685025691105767,0.06851763928972066,0.07007365320421584,0.20798953846153845,0.41451876923076925,0.056821564453125,2.8036134395750807,-0.2326298034420767,2.968156060814954
98.mat,83,Normal,1,,12000,0.012881643479567308,0.0661408744430634,0.06738361826755636,0.23093723076923076,0.4470627692307692,0.05436401817908654,2.8861049549092255,-0.20143514047236907,3.4272013985990073
98.mat,84,Normal,1,,12000,0.010705952073317308,0.06453124913930086,0.06541329777097839,0.23093723076923076,0.4470627692307692,0.05294252028245192,2.9006148622525423,-0.18619056938632883,3.5304324753320966
98.mat,85,Normal,1,,12000,0.011729573167067308,0.06732655148192238,0.06834067179308036,0.2292683076923077,0.45186092307692305,0.054958592397836535,2.999416875204616,-0.171358008449057,3.3547856887693284
98.mat,86,Normal,1,,12000,0.012683978365384613,0.06866964273229774,0.06983124759128219,0.29039261538461536,0.519660923076923,0.05602861207932692,3.1805388876051732,-0.23209877056071532,4.158491010847532
98.mat,87,Normal,1,,12000,0.012795009014423077,0.06558358934517854,0.06682005273176746,0.29039261538461536,0.49817353846153845,0.05409759555288461,3.077337117442063,-0.2891430076298435,4.345890245706997
98.mat,88,Normal,1,,12000,0.01368967157451923,0.06359335433689801,0.06505014852893469,0.21028430769230766,0.40325353846153844,0.05269351622596154,2.835102918951663,-0.2447844605938714,3.2326491552709054
98.mat,89,Normal,1,,12000,0.012995424429086537,0.0628995677216096,0.06422800538439172,0.2154996923076923,0.4034621538461538,0.05165405543870192,2.894999294588624,-0.12523497814151593,3.3552294052722003
98.mat,90,Normal,1,,12000,0.012355215594951924,0.06364178006071712,0.06482998936984669,0.24908676923076922,0.4946270769230769,0.05130802689302884,3.316415175621138,-0.09971102089641791,3.8421534794608942
98.mat,91,Normal,1,,12000,0.012932269381009616,0.06522097839735382,0.0664907483372769,0.24908676923076922,0.4946270769230769,0.052232025991586536,3.4085110785713657,-0.12971258839382796,3.7461868825308886
98.mat,92,Normal,1,,12000,0.014020115084134616,0.06518368355782081,0.06667440460280466,0.23364923076923078,0.4378836923076923,0.05301825540865385,3.0582725426133157,-0.08525905682685035,3.504331717112961
98.mat,93,Normal,1,,12000,0.015113155799278846,0.06402442291042074,0.06578399658903132,0.22321846153846153,0.4105550769230769,0.0530240106670673,2.855838445672389,-0.1237206503734058,3.393203105809483
98.mat,94,Normal,1,,12000,0.015830220252403847,0.06310417054109187,0.0650594513727162,0.20173107692307693,0.39928984615384616,0.05326140234375,2.666284331974112,-0.16270575087337177,3.100718998802937
98.mat,95,Normal,1,,12000,0.015810764423076922,0.06478562156931277,0.06668700798329641,0.22968553846153844,0.4272443076923077,0.05445503275240385,2.715216363985589,-0.16708913642024015,3.4442321736652137
98.mat,96,Normal,1,,12000,0.016962834735576922,0.06663023847644714,0.06875555571511811,0.22968553846153844,0.4172307692307692,0.055528261117788455,2.8258897441190847,-0.1729725814559225,3.3406106033557186
98.mat,97,Normal,1,,12000,0.017280341646634615,0.06561343346681905,0.06785081325031488,0.20506892307692307,0.39261415384615383,0.05481695192307692,2.8347035809154577,-0.1390918886184003,3.0223502601270797
98.mat,98,Normal,1,,12000,0.015557125600961537,0.0642243398173606,0.06608169173031138,0.23156307692307693,0.43850953846153845,0.053148130709134614,3.0412584496980433,-0.1653626870214037,3.5041941400065575
98.mat,99,Normal,1,,12000,0.01628203350360577,0.06553538820723036,0.06752771077479919,0.23156307692307693,0.45603323076923075,0.05453677779447115,3.0006424910075404,-0.15408516138013018,3.4291563310257285
98.mat,100,Normal,1,,12000,0.016361995943509615,0.06842736901349446,0.07035637669297906,0.2424110769230769,0.44414215384615385,0.056512308443509615,2.9255900481868404,-0.0544349739397544,3.4454741463010468
98.mat,101,Normal,1,,12000,0.015096501201923077,0.06740127844125116,0.06907124353922357,0.2424110769230769,0.44414215384615385,0.05511591977163462,3.0194453557247494,-0.11456872415715573,3.509580318840193
98.mat,102,Normal,1,,12000,0.015608871995192307,0.06337254794282535,0.06526650532798578,0.19860184615384616,0.39595199999999997,0.052594709134615385,2.982623094448908,-0.2458057892424481,3.0429367277412234
98.mat,103,Normal,1,,12000,0.014818618990384615,0.0632588793033045,0.06497135737763399,0.20486030769230767,0.3988726153846154,0.05218308082932692,2.913563109141606,-0.11187210313358731,3.1530864670349286
98.mat,104,Normal,1,,12000,0.014025157301682693,0.06564548776867643,0.06712700724540302,0.20527753846153846,0.41013784615384613,0.054165079777644225,2.8192971581290736,-0.10663541034292916,3.058046930516126
98.mat,105,Normal,1,,12000,0.01489954912860577,0.0645378625234069,0.06623543057402062,0.20861538461538462,0.41389292307692305,0.053742755859375,2.8552971139275245,-0.22409238801280632,3.1496041138020376
98.mat,106,Normal,1,,12000,0.014857938100961539,0.06346321788331911,0.06517927852253076,0.22697353846153845,0.42745292307692306,0.052644621995192306,2.9388129787347497,-0.13685522054883015,3.4822959628661687
98.mat,107,Normal,1,,12000,0.01559124969951923,0.06644353947923301,0.06824830405014584,0.2641070769230769,0.4752258461538461,0.05498064573317307,2.908558315222361,-0.06362693183128129,3.8697969216791477
98.mat,108,Normal,1,,12000,0.016843349459134616,0.06775621882708321,0.06981836155873407,0.2641070769230769,0.4752258461538461,0.05649290354567307,2.895820970255438,-0.11601079585337848,3.782773915439124
98.mat,109,Normal,1,,12000,0.01743685411658654,0.06567668260053196,0.06795197214867378,0.26306399999999996,0.4781464615384615,0.054683562349759615,3.0898850438664267,-0.2002239829473756,3.8713225191527307
98.mat,110,Normal,1,,12000,0.01825359149639423,0.06454402704997783,0.06707551736919744,0.22342707692307692,0.43850953846153845,0.054079107421874995,3.02244430030777,-0.18012616117944735,3.3309780630283976
98.mat,111,Normal,1,,12000,0.01845940564903846,0.0661608888334769,0.06868779271567432,0.22342707692307692,0.4170221538461538,0.05579605889423077,2.8514309196927403,-0.15736263182046267,3.2527916255502505
98.mat,112,Normal,1,,12000,0.018218448768028847,0.06634980480710785,0.06880558460949666,0.2705741538461538,0.5013027692307692,0.055487770582932694,3.092119408361941,-0.20293337732872563,3.932444661022598
98.mat,113,Normal,1,,12000,0.018287817457932693,0.06359742440425041,0.0661745922407461,0.2705741538461538,0.5013027692307692,0.05294863206129808,3.1432248866585546,-0.1385002081091018,4.088792158503872
98.mat,114,Normal,1,,12000,0.016893415114182693,0.06300700023953942,0.06523242716169174,0.22321846153846153,0.401376,0.05240712845552885,2.822635569985846,-0.07830934293817775,3.4218941598657597
98.mat,115,Normal,1,,12000,0.015548314453124998,0.06394431176256524,0.06580748505391612,0.22321846153846153,0.4324596923076923,0.053234052133413465,2.8510735714880653,-0.16348418001827056,3.391991980176396
98.mat,116,Normal,1,,12000,0.016079733623798075,0.06258626179498773,0.06461886720519823,0.21654276923076923,0.425784,0.05224995387620192,2.918640640765134,-0.2083371369505282,3.3510765291371367
98.mat,117,Normal,1,,12000,0.016229115685096152,0.06408395978248949,0.06610702003058347,0.20673784615384616,0.4011673846153846,0.0531991640625,2.924949589116845,-0.1973138475686227,3.1273206091910035
98.mat,118,Normal,1,,12000,0.016347735126201923,0.06542092895781243,0.06743253212997119,0.22405292307692307,0.4270356923076923,0.054460991736778847,2.9004513771204503,-0.19849776359706903,3.322623606141287
98.mat,119,Normal,1,,12000,0.015747864032451923,0.0666496614015107,0.06848483471923268,0.23615261538461538,0.46020553846153844,0.05541544786658654,2.9488969258905255,-0.1719196495896013,3.448246846951889
98.mat,120,Normal,1,,12000,0.013953089242788461,0.06617886658306038,0.06763380132474978,0.23615261538461538,0.45832799999999996,0.054271679387019225,2.9771307091596384,-0.11417757988179013,3.4916359979636122
98.mat,121,Normal,1,,12000,0.013849698317307691,0.06610499640239832,0.0675402449865377,0.21633415384615384,0.4297476923076923,0.05412805258413461,2.967096293446591,-0.13797111239749796,3.2030407039428734
98.mat,122,Normal,1,,12000,0.01330962079326923,0.06574479307352042,0.06707849000939603,0.21633415384615384,0.4297476923076923,0.053700024338942304,3.052577220813286,-0.17058566438961148,3.2250897987693343
98.mat,123,Normal,1,,12000,0.010996821814903846,0.06447772707081335,0.06540877141673769,0.21633415384615384,0.43016492307692306,0.05274475330528846,2.9904282146062227,-0.17538900531648685,3.3074180902715336
98.mat,124,Normal,1,,12000,0.009536463191105769,0.06589128328216483,0.06657781419336181,0.21633415384615384,0.4297476923076923,0.053784112229567305,2.8399638651753794,-0.1561298759034307,3.2493429901116158
98.mat,125,Normal,1,,12000,0.009129418719951923,0.06651281070454955,0.06713643030414598,0.23823876923076923,0.4364233846153846,0.05373593103966346,2.856049010158146,-0.11457460461626522,3.5485766543065203
98.mat,126,Normal,1,,12000,0.009169654597355768,0.06407362464011382,0.06472643926524159,0.23823876923076923,0.4364233846153846,0.05198297100360577,2.8880943028949653,-0.09020297615941729,3.6807025372505637
98.mat,127,Normal,1,,12000,0.008927271634615385,0.06333798020717488,0.06396402047684842,0.22843384615384613,0.4551987692307692,0.05133721063701923,2.9359589180972665,-0.15482105352033965,3.571286552203626
98.mat,128,Normal,1,,12000,0.007083093299278846,0.06499515520719217,0.06537996949443528,0.22843384615384613,0.4551987692307692,0.05226105694110577,2.9083235268826706,-0.1857803780874144,3.493942378992528
98.mat,129,Normal,1,,12000,0.006347133263221153,0.0644153943872558,0.06472734456724448,0.20339999999999997,0.3896935384615384,0.052322785907451916,2.7688874516419344,-0.16165645261307818,3.1424122426139403
98.mat,130,Normal,1,,12000,0.007563988431490384,0.06392281399034903,0.06436878179239128,0.22697353846153845,0.4508178461538461,0.051881922926682686,2.9320083813826563,-0.14449501323143568,3.526143141773236
98.mat,131,Normal,1,,12000,0.007952188251201923,0.06417854993246255,0.06466934025808631,0.22697353846153845,0.45311261538461534,0.051589983623798075,3.1011223958967276,-0.17308807207652027,3.5097549713004454
98.mat,132,Normal,1,,12000,0.008432726862980768,0.06699266686176235,0.06752131734198251,0.22676492307692306,0.43934399999999996,0.05383988221153846,3.105142087724175,-0.1845538655615233,3.3584197110432883
98.mat,133,Normal,1,,12000,0.009823156550480768,0.06753616290985782,0.06824681461579074,0.22676492307692306,0.43934399999999996,0.05469247536057692,2.9750358111277886,-0.14184854599298113,3.3227180543669634
98.mat,134,Normal,1,,12000,0.009841542818509614,0.06479407353446531,0.06553722553052012,0.22467876923076924,0.41451876923076925,0.05249187845552884,2.8484669946766066,-0.1313685297332407,3.428261837635136
98.mat,135,Normal,1,,12000,0.010725509765624999,0.0645301504953741,0.06541541777507918,0.23010276923076922,0.4278701538461538,0.05221827448918269,2.9100755215139213,-0.09790551567992223,3.5175617164433937
98.mat,136,Normal,1,,12000,0.012161115685096154,0.06537128665584711,0.06649284062022937,0.23010276923076922,0.4278701538461538,0.05348448227163462,2.8373192301929264,-0.10005426849112103,3.460564582358423
98.mat,137,Normal,1,,12000,0.011012508713942309,0.06522851888140785,0.06615160635719161,0.21195323076923075,0.4228633846153846,0.05360101352163461,2.752476752757064,-0.10138721357371193,3.2040526669113674
98.mat,138,Normal,1,,12000,0.010298703876201923,0.06546263068805418,0.06626778491944837,0.21195323076923075,0.4228633846153846,0.054178118239182685,2.70714400672345,-0.12395812684356754,3.198435424193972
98.mat,139,Normal,1,,12000,0.010169337890624998,0.06490387758528504,0.0656957286186809,0.23844738461538462,0.4372578461538461,0.053272658203124997,2.8418870419320816,-0.1706001389871387,3.629572114184315
98.mat,140,Normal,1,,12000,0.009818827373798076,0.06546111823178571,0.06619340881955146,0.23844738461538462,0.4401784615384615,0.05316346108774038,2.956504406911946,-0.1958586704730979,3.6022828989727858
98.mat,141,Normal,1,,12000,0.009790662259615383,0.06367184918742659,0.06442019439918087,0.20944984615384615,0.412224,0.0519454344951923,2.950737797434317,-0.22529205923170648,3.251307266413797
98.mat,142,Normal,1,,12000,0.010108474759615384,0.06272624464250788,0.06353552572315373,0.21320492307692307,0.40137599999999996,0.05114193930288461,2.936054422777904,-0.16290677921628205,3.3556804740379533
98.mat,143,Normal,1,,12000,0.010853958984374999,0.06410997034067856,0.06502227866444837,0.21320492307692307,0.4051310769230769,0.052063646484375,2.923388039767157,-0.15006005076664244,3.27895188320269
98.mat,144,Normal,1,,12000,0.011854355318509615,0.06644961438678872,0.06749871844835571,0.21362215384615382,0.42453230769230765,0.05410131355168269,3.006994995787755,-0.17282798331050986,3.164832736929655
98.mat,145,Normal,1,,12000,0.011422914663461538,0.0658847651533372,0.06686766975690957,0.21362215384615382,0.42453230769230765,0.053770513521634616,2.9302065996466395,-0.1624091111243164,3.1947001386881713
98.mat,146,Normal,1,,12000,0.011248015925480769,0.06615974530754437,0.06710908851578158,0.23093723076923076,0.4362147692307692,0.05400815985576923,2.83326982755593,-0.15011481775811564,3.44122138858916
98.mat,147,Normal,1,,12000,0.011836733022836539,0.06796878912817503,0.06899177156881996,0.23093723076923076,0.4362147692307692,0.055488076171875,2.889238596358739,-0.15907715252040613,3.347315564130262
98.mat,148,Normal,1,,12000,0.010949659254807693,0.06540590729607418,0.06631611981275025,0.2225926153846154,0.41305846153846154,0.05319233924278846,2.915341144352906,-0.186755306950646,3.3565385914182917
98.mat,149,Normal,1,,12000,0.010671318659855768,0.06439908901623619,0.06527725260809693,0.21842030769230766,0.4124326153846154,0.05251540880408653,2.942528157912317,-0.24466695104700178,3.346040143626005
98.mat,150,Normal,1,,12000,0.01124638611778846,0.06776418339640702,0.06869108932090297,0.22405292307692307,0.44247323076923073,0.055289596153846154,2.9713396107371173,-0.2167176679197423,3.2617465422657506
98.mat,151,Normal,1,,12000,0.010915840745192307,0.06590498060018421,0.06680285957266395,0.22405292307692307,0.44247323076923073,0.053661927584134614,2.995355326543893,-0.20638718512069046,3.353942099338014
98.mat,152,Normal,1,,12000,0.010886809795673077,0.06420489604009089,0.0651213582708933,0.24282830769230768,0.4516523076923077,0.05219316526442307,3.052075756615319,-0.14650254650859318,3.7288581525309255
98.mat,153,Normal,1,,12000,0.011144472205528846,0.06730812748915171,0.06822450649756072,0.24282830769230768,0.45248676923076925,0.05453474053485577,3.051611872663823,-0.10245449197844134,3.5592534143283205
98.mat,154,Normal,1,,12000,0.011138818810096153,0.06535084808169093,0.06629333774581272,0.21883753846153844,0.428496,0.05336550631009615,2.9155145327625442,-0.15728839161671282,3.30104873133139
98.mat,155,Normal,1,,12000,0.01135904657451923,0.06296940318044654,0.0639857302527972,0.18858830769230767,0.37696799999999997,0.05152402734375,2.842858114911671,-0.14435614475216202,2.9473494628759562
98.mat,156,Normal,1,,12000,0.010634240534855769,0.06420825966827173,0.06508292926245236,0.2209236923076923,0.43517169230769226,0.05225738987379808,3.013285046418236,-0.2009751637564039,3.39449522034878
98.mat,157,Normal,1,,12000,0.010747614032451922,0.06538452405019833,0.06626195886526084,0.22488738461538463,0.4458110769230769,0.053380632962740385,3.0187529933865176,-0.2797966085044742,3.3939139208467672
98.mat,158,Normal,1,,12000,0.012651738731971153,0.06478364600208436,0.0660074789873499,0.22488738461538463,0.4297476923076923,0.05338562424879807,2.7970742181311006,-0.1379190899990996,3.4069985411574875
98.mat,159,Normal,1,,12000,0.013182954176682693,0.0636666680935463,0.06501718931912008,0.20486030769230767,0.39720369230769226,0.05287152178485577,2.674671106840092,-0.08742948723987251,3.150863792139703
98.mat,160,Normal,1,,12000,0.013473110877403847,0.06350456840882909,0.0649180631681697,0.2415766153846154,0.4504006153846154,0.05262312890625,2.8940978450763253,-0.18819069883593642,3.7212542025293205
98.mat,161,Normal,1,,12000,0.014385395733173077,0.06557851670543564,0.06713777970476158,0.2415766153846154,0.4504006153846154,0.054476423978365385,2.830281198572966,-0.15937818038437795,3.598221693463035
98.mat,162,Normal,1,,12000,0.013833196514423076,0.06613152594327958,0.06756283038323146,0.2238443076923077,0.41952553846153845,0.054404203124999995,2.9352377443362307,-0.2162191078549778,3.3131280383402055
98.mat,163,Normal,1,,12000,0.013524144230769228,0.06444813289291233,0.06585183604545235,0.23281476923076924,0.45665907692307695,0.052383343449519226,3.2492153684371767,-0.18914148177121098,3.5354332272539146
98.mat,164,Normal,1,,12000,0.014003918870192308,0.06458174485119214,0.06608261126610698,0.23281476923076924,0.4510264615384615,0.052727742187499996,3.232080066622716,-0.11646977072103327,3.5230867057182604
98.mat,165,Normal,1,,12000,0.01320424353966346,0.06712763011342107,0.06841396620646269,0.23156307692307693,0.4497747692307692,0.05467194996995192,3.036864667371726,-0.14857704477158992,3.384733991656845
98.mat,166,Normal,1,,12000,0.013603037109375,0.06569892142541754,0.0670924056437256,0.22780799999999998,0.43412861538461534,0.053919284405048076,3.005182272104786,-0.23585232266314363,3.3954364553524448
98.mat,167,Normal,1,,12000,0.014931381310096154,0.06348250029518214,0.06521482953711746,0.22113230769230768,0.4255753846153846,0.05259216256009615,3.037989699787351,-0.21581642640528584,3.3908285778229126
98.mat,168,Normal,1,,12000,0.015299157602163462,0.0667268089882119,0.06845824465384101,0.22280123076923075,0.44247323076923073,0.05478817563100961,2.9891150660047345,-0.13800295571633103,3.25455658256832
98.mat,169,Normal,1,,12000,0.01630887439903846,0.06792539177937987,0.06985583892951153,0.24282830769230768,0.45561599999999997,0.05605774489182692,2.9971236522350195,-0.22168178901767624,3.4761347285133186
98.mat,170,Normal,1,,12000,0.01590401998197115,0.06383246314004795,0.0657838977418678,0.24282830769230768,0.4566590769230769,0.05312791090745192,3.005911120072886,-0.25134883420639875,3.691303130823167
98.mat,171,Normal,1,,12000,0.014702749849759614,0.06176976004377891,0.0634954652633606,0.2138307692307692,0.4163963076923076,0.05111876547475962,2.968656159148059,-0.19403494825729076,3.3676541835525073
98.mat,172,Normal,1,,12000,0.015000087890625,0.06483903928628894,0.0665515112698081,0.22447015384615385,0.4270356923076923,0.0535266026141827,2.9369436388157193,-0.14090346798905123,3.372878384926887
98.mat,173,Normal,1,,12000,0.014041862830528846,0.06644905968265427,0.06791650347640356,0.2438713846153846,0.4683415384615385,0.05469680453725961,2.918387366799275,-0.1646998647679012,3.590752941221622
98.mat,174,Normal,1,,12000,0.013719670222355769,0.06365923241842654,0.06512086626507238,0.2438713846153846,0.4414301538461538,0.05217192683293269,3.173831200557912,-0.2787718563230968,3.744903878009147
98.mat,175,Normal,1,,12000,0.014543283353365384,0.06365161221174752,0.06529192008090251,0.2261390769230769,0.4349630769230769,0.052289935096153844,3.0960751518835408,-0.18852576202436946,3.463507837460905
98.mat,176,Normal,1,,12000,0.014058873948317306,0.0644505067609588,0.06596605004423921,0.208824,0.3886504615384615,0.05315245988581731,2.774699632913663,-0.11566008083845898,3.1656283779300884
98.mat,177,Normal,1,,12000,0.013724712439903846,0.06483548602863663,0.06627222631032995,0.22488738461538463,0.4368406153846154,0.05356403725961538,2.8435850231161734,-0.15764306909715328,3.393388107445111
98.mat,178,Normal,1,,12000,0.014311086688701923,0.06588418207890187,0.06742056548574357,0.235944,0.46083138461538464,0.05443674834735576,2.8910123762794786,-0.13970678615205187,3.499585004962493
98.mat,179,Normal,1,,12000,0.014640511568509616,0.06723427079653935,0.06880982305259946,0.2438713846153846,0.4798153846153846,0.055684773587740384,2.898736354452196,-0.1481569321666188,3.544136197370613
98.mat,180,Normal,1,,12000,0.014780369441105768,0.06529464470160289,0.06694662013518032,0.2438713846153846,0.462708923076923,0.054298520282451926,2.88961074201548,-0.12307917935280491,3.642773662403767
98.mat,181,Normal,1,,12000,0.0148656796875,0.06266874076178147,0.06440775963530108,0.20444307692307692,0.39741230769230773,0.05235359945913462,2.795762293418635,-0.10583460647427191,3.17419947659574
98.mat,182,Normal,1,,12000,0.014445698617788461,0.0646848010527066,0.06627821433762537,0.20444307692307692,0.4036707692307692,0.053642268028846155,2.8628088601382227,-0.1985541374357333,3.0846195686810614
98.mat,183,Normal,1,,12000,0.015065280198317306,0.06549351082654592,0.06720388848750271,0.21174461538461536,0.41097230769230764,0.054463538311298076,2.8569175646294256,-0.24273752498317414,3.150779220520723
98.mat,184,Normal,1,,12000,0.015429796874999999,0.06716810667419457,0.06891758255916802,0.22697353846153845,0.4508178461538461,0.05580013341346154,2.9015809370245655,-0.1996119422937708,3.29340539863937
98.mat,185,Normal,1,,12000,0.015639736478365383,0.06666847065758362,0.06847836400596762,0.24011630769230768,0.46708984615384613,0.05551980649038461,2.9637887009787263,-0.25694362262489934,3.506455085162118
98.mat,186,Normal,1,,12000,0.01638746168870192,0.0658912792796855,0.067898524179191,0.24011630769230768,0.4766861538461538,0.05488769576322115,3.0498442022477366,-0.2539330044117677,3.5363995108143547
98.mat,187,Normal,1,,12000,0.015346778545673076,0.0650709865546082,0.06685624056825162,0.23656984615384613,0.4710535384615384,0.05415637049278846,2.9258522005556014,-0.15215345202370173,3.5384856244248244
98.mat,188,Normal,1,,12000,0.01409223407451923,0.06514752827863814,0.06665426844566667,0.21842030769230766,0.41806523076923074,0.05415657421875,2.867402255163617,-0.2315180658993074,3.2769140339504785
98.mat,189,Normal,1,,12000,0.014690322566105769,0.06794218582247563,0.06951220174496017,0.23615261538461538,0.4516523076923077,0.056190115835336535,2.9241781003793825,-0.226034582642976,3.397282915178803
98.mat,190,Normal,1,,12000,0.014842454927884616,0.06550550301966987,0.06716598390663435,0.23615261538461538,0.4314166153846154,0.05419477283653845,2.8366200923544445,-0.09520563283878054,3.515955572286187
98.mat,191,Normal,1,,12000,0.014725923677884615,0.06312469217686019,0.06481959264443303,0.1990190769230769,0.39115384615384613,0.05244894320913461,2.7973630468221122,-0.10131975002534382,3.070353712569489
98.mat,192,Normal,1,,12000,0.014617235877403845,0.06449561663834988,0.06613129478738985,0.2238443076923077,0.43225107692307696,0.053734861478365384,2.885710438554991,-0.1904222425714984,3.3848468930172997
98.mat,193,Normal,1,,12000,0.014399401893028844,0.0646345565535357,0.06621909600522471,0.2238443076923077,0.43225107692307696,0.05345692833533654,2.9481232485023487,-0.15339984155882183,3.3803588571285585
98.mat,194,Normal,1,,12000,0.015448998046874999,0.06400858357080608,0.06584656643586827,0.21508246153846153,0.41743938461538455,0.053038475210336535,2.9356052327560214,-0.09193338465744294,3.2664187850697215
98.mat,195,Normal,1,,12000,0.01603883563701923,0.06345071803225724,0.06544645038044716,0.21737723076923077,0.4324596923076923,0.05295968419471153,2.967832209765487,-0.17939784250409574,3.321451805339997
98.mat,196,Normal,1,,12000,0.015381462890625,0.06368713407500315,0.06551824514853175,0.21737723076923077,0.4249495384615385,0.053145940655048074,2.867267480462724,-0.19725462010786615,3.3178121647860124
98.mat,197,Normal,1,,12000,0.015523918269230769,0.0636361289880907,0.06550228202909175,0.2075723076923077,0.40095876923076923,0.05328136748798076,2.744959059423644,-0.16240643579261732,3.1689324594846617
98.mat,198,Normal,1,,12000,0.015147178034855768,0.06231254371578474,0.06412714017287222,0.21612553846153845,0.4214030769230769,0.05209074203725961,2.7705599891985737,-0.1532736700444714,3.370266284741734
98.mat,199,Normal,1,,12000,0.01434791015625,0.06204067073058509,0.0636781544216908,0.21612553846153845,0.4166049230769231,0.051450176682692306,2.8922265798441553,-0.15925310667841439,3.394029560440892
98.mat,200,Normal,1,,12000,0.0153688828125,0.06419728467501289,0.06601131659457339,0.23218892307692307,0.44643692307692306,0.052989020733173076,3.066840422878738,-0.17574881556469696,3.5174108782434237
98.mat,201,Normal,1,,12000,0.015728713792067306,0.06630365982304263,0.06814372857044532,0.23218892307692307,0.44643692307692306,0.05441321799879807,2.9631734461163806,-0.1088299188011476,3.4073410414707768
98.mat,202,Normal,1,,12000,0.015621299278846154,0.06437168646284874,0.06624001063730729,0.2056947692307692,0.404088,0.05322024969951923,2.782763070101595,-0.0808989038863188,3.105294930537331
98.mat,203,Normal,1,,12000,0.016039243088942307,0.06071969342039598,0.062802376451318,0.18754523076923074,0.3713353846153846,0.051056170673076925,2.7049093597103715,-0.14456505066530645,2.9862760195803837
98.mat,204,Normal,1,,12000,0.015408813100961538,0.06227129307347073,0.06414939954685818,0.2275993846153846,0.4241150769230769,0.05226314513221153,2.7867459568451967,-0.22279783832284675,3.5479581449415396
98.mat,205,Normal,1,,12000,0.014698980919471152,0.06615330465079228,0.0677666566704564,0.25847446153846154,0.5073526153846154,0.054726752253605765,3.0234393421810766,-0.17215161243755364,3.814183467769427
98.mat,206,Normal,1,,12000,0.014765446514423075,0.0671988041754814,0.06880187274620499,0.25847446153846154,0.5073526153846154,0.05561117758413461,3.0995847885287473,-0.22735349753047662,3.7567939828021415
98.mat,207,Normal,1,,12000,0.014304669320913461,0.0658344765489023,0.06737063059559892,0.21111876923076925,0.4193169230769231,0.054835236328124995,2.9414035494943653,-0.28428772722614093,3.1336914522596273
98.mat,208,Normal,1,,12000,0.014225267127403846,0.06526892521695943,0.0668011289112919,0.2075723076923077,0.4097206153846154,0.05378691346153846,2.8900962591382418,-0.20167333950852293,3.107317362374997
98.mat,209,Normal,1,,12000,0.013994292818509616,0.06519433853155249,0.06667939717826535,0.20298276923076922,0.3972036923076923,0.053576311748798074,2.8052438201555057,-0.14207166795299433,3.044160232704278
98.mat,210,Normal,1,,12000,0.013384133563701923,0.06262784961051204,0.06404203758538547,0.20298276923076922,0.3972036923076923,0.05180603500600961,2.775158758642837,-0.1573538079958501,3.16952390779475
98.mat,211,Normal,1,,12000,0.014062337289663463,0.06616896595038309,0.06764673964790334,0.26076923076923075,0.47376553846153846,0.054097544621394225,3.130110955916281,-0.2268578535222589,3.854867686550997
98.mat,212,Normal,1,,12000,0.011991157301682693,0.0691580834981536,0.07018994491072979,0.26076923076923075,0.47376553846153846,0.05617687364783654,2.983787940609734,-0.19380984420585254,3.7151935523084805
98.mat,213,Normal,1,,12000,0.009509469501201923,0.0661050986303829,0.0667855828388653,0.2154996923076923,0.4211944615384615,0.05396573392427884,2.7836764119621247,-0.13477346854303007,3.2267397115876344
98.mat,214,Normal,1,,12000,0.010481649789663462,0.06559408418492042,0.06642626635881005,0.2154996923076923,0.42682707692307686,0.053637735126201916,2.865221830581763,-0.16539516574290652,3.24419396302726
98.mat,215,Normal,1,,12000,0.01043891826923077,0.06570329519217152,0.06652739295764797,0.21132738461538458,0.4195255384615384,0.053377831730769223,2.87484606244303,-0.1897090486493889,3.176546911283865
98.mat,216,Normal,1,,12000,0.010583818359375,0.06299693616718734,0.0638798182332802,0.2236356923076923,0.4022104615384615,0.051357837890624994,2.8844472187608003,-0.19569925788917406,3.5008817885330528
98.mat,217,Normal,1,,12000,0.011041998046875,0.06176212045902552,0.06274141570336432,0.2236356923076923,0.41952553846153845,0.05083365099158654,2.868290901301746,-0.2331255213274693,3.564403031085901
98.mat,218,Normal,1,,12000,0.010304815655048077,0.0628752278549602,0.06371407618021066,0.21716861538461538,0.4249495384615385,0.05155820237379807,2.8270268453855283,-0.1798508739311558,3.408487235542263
98.mat,219,Normal,1,,12000,0.011135559194711538,0.06406794009500562,0.06502846781676586,0.20778092307692309,0.39970707692307694,0.052486123197115375,2.7811398227332322,-0.12289885950934376,3.1952301823010556
98.mat,220,Normal,1,,12000,0.011906305438701923,0.06279014867627843,0.06390902033350856,0.19735015384615384,0.3892763076923077,0.051601290414663464,2.82519543283808,-0.15207882401196102,3.087985902714266
98.mat,221,Normal,1,,12000,0.01167685907451923,0.06213035263441133,0.06321811256532803,0.2154996923076923,0.41681353846153846,0.05083665594951923,2.961071791713206,-0.22138782554029227,3.4088283177546668
98.mat,222,Normal,1,,12000,0.01180816045673077,0.06415857025667633,0.06523614635118151,0.22718215384615387,0.4426818461538462,0.05221476021634615,3.0142214442795785,-0.20057427406324058,3.4824582160812954
98.mat,223,Normal,1,,12000,0.01132925165264423,0.0643237700942891,0.06531385260533866,0.22718215384615387,0.4226547692307692,0.052609937650240385,2.949554061625121,-0.20419536871300809,3.478315009511234
98.mat,224,Normal,1,,12000,0.010741655048076922,0.0640932479217689,0.064987133975374,0.214248,0.41264123076923076,0.05248714182692307,2.8926858326339246,-0.23138459167915834,3.2967756368696977
98.mat,225,Normal,1,,12000,0.011952500300480768,0.06641004415897493,0.06747707928348702,0.21967199999999998,0.428496,0.054506881009615385,2.801104791461009,-0.12574865356695863,3.2555054595221353
98.mat,226,Normal,1,,12000,0.012853682091346153,0.06787932777554505,0.06908560112328237,0.21967199999999998,0.43579753846153846,0.055747877704326924,2.81659963500939,-0.1062740360961841,3.1797074416128783
98.mat,227,Normal,1,,12000,0.012589551382211538,0.06695476943668423,0.06812809959425617,0.22405292307692307,0.43830092307692303,0.054931649639423076,2.9785633667757416,-0.2404374783819381,3.2887006156239944
98.mat,228,Normal,1,,12000,0.01240838807091346,0.06503711279731263,0.0662102268197954,0.24720923076923076,0.46145723076923073,0.05343217563100961,3.1261306320833073,-0.3384657403572123,3.733701614435803
98.mat,229,Normal,1,,12000,0.01230367292668269,0.06444388209623979,0.06560788296478434,0.24720923076923076,0.46729846153846155,0.052763954477163456,3.0481831696599038,-0.1939584018837539,3.7679806083961385
98.mat,230,Normal,1,,12000,0.013606449519230769,0.0667481822580574,0.06812088742283252,0.24679199999999998,0.4668812307692307,0.05457390685096153,2.974793888248555,-0.17242170772500356,3.622853567190628
98.mat,231,Normal,1,,12000,0.01565588176081731,0.06435639315311444,0.06623331467914713,0.24679199999999998,0.45832799999999996,0.05326746319110577,3.0281310452413006,-0.23461410747716221,3.7261006971420665
98.mat,232,Normal,1,,12000,0.016378956129807692,0.061458898975245736,0.06360398153536953,0.21153599999999997,0.4090947692307692,0.051730605468749996,2.8043503615715974,-0.19613963208169308,3.3258295297499094
98.mat,233,Normal,1,,12000,0.016353032001201924,0.0688682825485567,0.07078320420000901,0.34588430769230766,0.663396923076923,0.05673630513822115,3.4586344965804035,-0.23251572558490363,4.886530803479276
98.mat,234,Normal,1,,12000,0.016026204627403846,0.07065355112651969,0.07244835071654256,0.34588430769230766,0.663396923076923,0.05818321784855769,3.352942182340695,-0.21795055341424563,4.774219209566214
99.mat,0,Normal,2,,12000,0.013660233173076922,0.06242798589859378,0.0639050498293981,0.21508246153846153,0.41431015384615383,0.051463724459134615,2.927972357194796,-0.23709625328295506,3.365656737811002
99.mat,1,Normal,2,,12000,0.013362946063701923,0.06428628587938223,0.06566045141230044,0.21508246153846153,0.42035999999999996,0.05304713356370192,2.9763192344892335,-0.23316940143192477,3.2756774726981126
99.mat,2,Normal,2,,12000,0.014423339693509615,0.06417545127809504,0.06577629721002483,0.2369870769230769,0.46145723076923073,0.05311853951322115,2.976381538666287,-0.19601529974741985,3.602925171758653
99.mat,3,Normal,2,,12000,0.013391773287259615,0.06359460307223871,0.06498933090664155,0.2369870769230769,0.46145723076923073,0.05258314768629807,2.8848442836386217,-0.15361238696179305,3.6465535745169233
99.mat,4,Normal,2,,12000,0.012549722956730769,0.0623294331728253,0.06358029400636954,0.21237046153846154,0.4147273846153846,0.05183674669471154,2.82109257075482,-0.2169949141491335,3.340193134639894
99.mat,5,Normal,2,,12000,0.014039570913461539,0.0630008484481695,0.06454623503058358,0.21237046153846154,0.4147273846153846,0.052103118389423074,2.8796145385261536,-0.17438010204515014,3.290206801958863
99.mat,6,Normal,2,,12000,0.01447977178485577,0.06212833575980504,0.06379336874021135,0.19693292307692306,0.39365723076923076,0.05114962995793269,2.92558787208772,-0.13421302602647922,3.087043794142648
99.mat,7,Normal,2,,12000,0.013390449068509615,0.061295978769771955,0.0627415423750539,0.19672430769230767,0.3924055384615384,0.05078811823918269,2.8768581027128635,-0.20822661201831058,3.135471335982417
99.mat,8,Normal,2,,12000,0.01307390985576923,0.06350594891149212,0.06483774106233058,0.20444307692307692,0.40012430769230767,0.052458823918269226,2.859294178155835,-0.18154438454092625,3.1531492857923493
99.mat,9,Normal,2,,12000,0.01257060486778846,0.06503702428863592,0.06624073244660482,0.206112,0.39678646153846153,0.053610283052884615,2.837120839711344,-0.1613391175972374,3.1115597969292126
99.mat,10,Normal,2,,12000,0.012454582932692306,0.06574174876544414,0.06691109150780673,0.2369870769230769,0.4641692307692308,0.05406489753605769,2.9402743742764974,-0.19483548092031172,3.541820520076658
99.mat,11,Normal,2,,12000,0.012198193810096153,0.06516991068070152,0.06630168316384798,0.2369870769230769,0.4662553846153846,0.05331457481971154,3.045268815711144,-0.19292087858358195,3.574374972312887
99.mat,12,Normal,2,,12000,0.01182074053485577,0.06367362356378259,0.06476156456212798,0.2292683076923077,0.43350276923076925,0.05211987484975961,2.999010471146868,-0.1578085375988599,3.54019099511351
99.mat,13,Normal,2,,12000,0.014111027794471154,0.0643569916344903,0.06588583669999336,0.2292683076923077,0.4526953846153846,0.05297277358774038,3.0313068588655043,-0.1631815910363865,3.4797813790582217
99.mat,14,Normal,2,,12000,0.014769113581730768,0.06316561325717131,0.06486926401728788,0.2292683076923077,0.4526953846153846,0.052234114182692304,3.0073551175349276,-0.17995443470778907,3.534313378847753
99.mat,15,Normal,2,,12000,0.014066972055288462,0.0612851653952656,0.06287886131546377,0.21174461538461536,0.40429661538461537,0.05064148647836539,2.868778874391155,-0.1689431798821461,3.3675007936656303
99.mat,16,Normal,2,,12000,0.014451963191105768,0.06199570205781524,0.06365788492966501,0.23615261538461538,0.436632,0.05123784329927884,2.874939751074118,-0.15706222784613244,3.7097150752893873
99.mat,17,Normal,2,,12000,0.014457565655048077,0.06308091676825417,0.06471648371932327,0.23615261538461538,0.4535298461538462,0.05244227118389423,2.8647057560500224,-0.19963231168934573,3.64903347358633
99.mat,18,Normal,2,,12000,0.014173826322115383,0.06276815159626378,0.06434856802929684,0.21737723076923077,0.4132670769230769,0.05228402704326923,2.792493015351902,-0.19460829811782118,3.3781207170027856
99.mat,19,Normal,2,,12000,0.01466913506610577,0.06396056896600699,0.065621169648544,0.27599815384615384,0.47793784615384616,0.05301545417668269,2.9666035159031026,-0.2165195522246149,4.205931642553062
99.mat,20,Normal,2,,12000,0.014544709435096153,0.06335415608446514,0.06500228969602645,0.27599815384615384,0.47793784615384616,0.05254703725961538,2.940460104625052,-0.20590418312637732,4.245975874647158
99.mat,21,Normal,2,,12000,0.01453773182091346,0.06303181921533031,0.06468659737604757,0.19735015384615384,0.37738523076923075,0.05257927689302884,2.713214499706547,-0.14620256636295373,3.050866204924693
99.mat,22,Normal,2,,12000,0.014132673677884615,0.06323165657080015,0.06479178079026064,0.26160369230769226,0.4589538461538461,0.05228056370192308,2.9427017679708096,-0.25509903566783654,4.037606145670501
99.mat,23,Normal,2,,12000,0.01279149474158654,0.06395172907993503,0.06521844823389655,0.26160369230769226,0.4658381538461538,0.05236638326322115,3.1103105119302787,-0.26351325397097203,4.011191608998245
99.mat,24,Normal,2,,12000,0.01170685772235577,0.06322921053785148,0.06430383801120607,0.24303692307692307,0.4472713846153846,0.05194650405649038,2.9340277051721273,-0.15033607058297127,3.7795088223905022
99.mat,25,Normal,2,,12000,0.010715985576923076,0.06315740713218133,0.06406005325118715,0.2478350769230769,0.4326683076923077,0.05184204356971153,2.8561478834450975,-0.18829254653221772,3.868792864584203
99.mat,26,Normal,2,,12000,0.011338317457932692,0.06479158779705115,0.06577619092072638,0.2478350769230769,0.425784,0.053336322566105765,2.885593805924321,-0.2455369663091869,3.7678538914144224
99.mat,27,Normal,2,,12000,0.012147771634615384,0.0628899265251396,0.06405240990020768,0.222384,0.442056,0.05210525751201923,2.821335786760332,-0.2428400641177054,3.471906839203547
99.mat,28,Normal,2,,12000,0.011898971304086538,0.06232619510695633,0.063451872427895,0.21967199999999998,0.40826030769230764,0.05130711012620192,2.873983197815981,-0.21217737590359292,3.4620254941984463
99.mat,29,Normal,2,,12000,0.010434436298076923,0.06269583825416108,0.06355820635646159,0.21174461538461536,0.4051310769230769,0.05137153846153846,2.8886576767023615,-0.1773727789528101,3.3315070944113976
99.mat,30,Normal,2,,12000,0.009589482872596153,0.06268509586250379,0.06341434715468657,0.22467876923076924,0.4491489230769231,0.05113908713942308,2.896419140015834,-0.1358517457439277,3.543027395404868
99.mat,31,Normal,2,,12000,0.009696642728365384,0.06479709055527726,0.06551860670550284,0.23531815384615382,0.4599969230769231,0.05276757061298076,2.8563660512527003,-0.10086011844278281,3.5916232911343284
99.mat,32,Normal,2,,12000,0.009743958082932692,0.06626052710182975,0.06697314514739668,0.23531815384615382,0.46604676923076915,0.053819967998798075,2.9498432364258838,-0.14705899725972477,3.51361957585026
99.mat,33,Normal,2,,12000,0.010502684495192307,0.06534339289172178,0.06618206234477338,0.2666104615384615,0.4927495384615384,0.052865970252403846,3.1584530665397454,-0.16854744243578867,4.0284399139688745
99.mat,34,Normal,2,,12000,0.010984241736778845,0.06304922194985998,0.06399889026393114,0.2666104615384615,0.49045476923076925,0.05127950525841346,3.010611676866259,-0.13673548700714905,4.165860696005214
99.mat,35,Normal,2,,12000,0.01086832166466346,0.06085288915029993,0.06181581135717046,0.21508246153846153,0.4015846153846153,0.049815734224759614,2.823602030574373,-0.1578030965601415,3.4794085334530287
99.mat,36,Normal,2,,12000,0.01029401817908654,0.06118316180484969,0.062043098719436814,0.2722430769230769,0.4873255384615385,0.04980310321514422,3.043577598917267,-0.22301484249486708,4.387967115475308
99.mat,37,Normal,2,,12000,0.009873273137019231,0.06321310507223474,0.06397951371581043,0.2722430769230769,0.490872,0.05116699759615384,3.1658855190313933,-0.2273325963328667,4.255160145985934
99.mat,38,Normal,2,,12000,0.011197542818509616,0.06399035102174087,0.06496268151067942,0.2424110769230769,0.46103999999999995,0.052296708984374995,3.0540196555056744,-0.17423759608675585,3.7315435768030323
99.mat,39,Normal,2,,12000,0.010687260216346153,0.06291789123333431,0.06381910817444555,0.2157083076923077,0.42244615384615386,0.05158820102163461,2.9333950903701784,-0.2089552338039891,3.3799956449200526
99.mat,40,Normal,2,,12000,0.009495055889423076,0.06328887421877351,0.06399716936101942,0.22008923076923076,0.42891323076923077,0.05141625631009615,2.973436916716753,-0.24884315112464941,3.4390463354350604
99.mat,41,Normal,2,,12000,0.011001864032451923,0.06364373444502652,0.06458766094462327,0.22008923076923076,0.4374664615384615,0.05183241751802885,2.9823972339693956,-0.18371474103901017,3.407604913234631
99.mat,42,Normal,2,,12000,0.010906418419471153,0.061848806579584616,0.06280306392254639,0.21737723076923077,0.4118067692307692,0.05072832466947115,2.884565429695615,-0.1307168464697568,3.461252002566582
99.mat,43,Normal,2,,12000,0.009738457481971153,0.06194351647779661,0.06270436019738357,0.20715507692307691,0.4070086153846154,0.05058734630408654,2.8827514157622107,-0.1435098869902698,3.303678982944487
99.mat,44,Normal,2,,12000,0.01079645733173077,0.0641481271583857,0.06505033211940046,0.2073636923076923,0.3999156923076923,0.052646455528846156,2.831154838290722,-0.1787792987929137,3.1877422535994806
99.mat,45,Normal,2,,12000,0.011267420823317307,0.06449717041163877,0.06547396248217834,0.22530461538461538,0.43579753846153846,0.05279288356370192,2.9145759519234167,-0.21052493951447,3.4411330373649234
99.mat,46,Normal,2,,12000,0.010818561598557692,0.06418940044144186,0.06509470334899427,0.22530461538461538,0.43579753846153846,0.05246198167067308,2.966340063663498,-0.24080489818987452,3.461181997814518
99.mat,47,Normal,2,,12000,0.010126606370192307,0.0641999544446403,0.06499370975156527,0.24595753846153845,0.463752,0.05245505498798077,2.9854557241633004,-0.15558510206601545,3.7843283511850156
99.mat,48,Normal,2,,12000,0.00926168780048077,0.06369857298194871,0.0643683700341264,0.24595753846153845,0.45478153846153846,0.05143448978365385,3.0739499873887786,-0.0561686613694238,3.8210931600588656
99.mat,49,Normal,2,,12000,0.009803700721153847,0.06322365947318558,0.06397924401719107,0.24554030769230767,0.45060923076923076,0.051246246995192306,3.0234538833342084,-0.12766011895106344,3.837811957051752
99.mat,50,Normal,2,,12000,0.00941728350360577,0.06430859484869601,0.06499446591826889,0.24554030769230767,0.4460196923076923,0.05261391030649038,2.8673721497043565,-0.23193411377008716,3.777864841617081
99.mat,51,Normal,2,,12000,0.00840226983173077,0.062941202012879,0.06349955156653674,0.21216184615384615,0.409512,0.05141849729567308,2.773313738767969,-0.19072599311519753,3.3411550305443747
99.mat,52,Normal,2,,12000,0.009480489483173076,0.06164256917518321,0.062367347349056,0.19755876923076923,0.39490892307692305,0.05044264993990384,2.8397250862403527,-0.157519359591811,3.1676634910424726
99.mat,53,Normal,2,,12000,0.009557039513221153,0.061676919964179344,0.06241297509753125,0.19839323076923077,0.39595199999999997,0.05031720567908654,2.9218692151867662,-0.2016914897536957,3.1787177339200134
99.mat,54,Normal,2,,12000,0.009490166466346154,0.062096731175302254,0.06281773063567894,0.21508246153846153,0.4134756923076923,0.050347102463942306,3.0111883760902036,-0.2430967814257231,3.423913270376882
99.mat,55,Normal,2,,12000,0.010539100510817308,0.06279934499802325,0.06367754998237495,0.21508246153846153,0.42035999999999996,0.05122816631610577,2.901387045620752,-0.19479057899085092,3.377681170176826
99.mat,56,Normal,2,,12000,0.010663729867788461,0.0632947104757617,0.06418672377449763,0.24178523076923078,0.43538030769230773,0.0516339375,2.9059171598383378,-0.09067907269387754,3.766904065997769
99.mat,57,Normal,2,,12000,0.01102620928485577,0.06664462479782823,0.0675505981145744,0.35923569230769226,0.5778646153846153,0.05409051607572116,3.277286195069785,-0.05799199610159558,5.318023856700467
99.mat,58,Normal,2,,12000,0.011193111778846153,0.06626923317476979,0.06720786424865585,0.35923569230769226,0.5778646153846153,0.05417613191105769,3.1687645846566133,-0.07156771324407592,5.345143701912487
99.mat,59,Normal,2,,12000,0.010826099459134614,0.06309502343808106,0.06401707906606699,0.20798953846153845,0.41577046153846153,0.05193596123798076,2.8128613722113442,-0.15955074602625743,3.2489695171329016
99.mat,60,Normal,2,,12000,0.01118027704326923,0.06485776122860762,0.06581434331778546,0.22154953846153846,0.4295390769230769,0.053186227463942304,2.8605676510016327,-0.18351819484298534,3.36628046855658
99.mat,61,Normal,2,,12000,0.011242566256009615,0.06446021797987342,0.06543328662105825,0.23177169230769232,0.4533212307692308,0.05249055423677884,2.947496270791422,-0.1444006143348479,3.542106843110976
99.mat,62,Normal,2,,12000,0.010885587439903845,0.061899841171261266,0.06284971241731471,0.23177169230769232,0.4514436923076923,0.05045100270432692,2.9467906810730797,-0.12001319908154869,3.6877128533024224
99.mat,63,Normal,2,,12000,0.011969053034855768,0.06124480310257032,0.06240339844610867,0.21967199999999998,0.41118092307692305,0.05035805273437499,2.906191122480381,-0.1754698697408877,3.5201928976625827
99.mat,64,Normal,2,,12000,0.011950921424278844,0.06134788661539633,0.06250110171080836,0.23052,0.4220289230769231,0.05070021048677885,2.8192367956389246,-0.12747677601093482,3.6882549857538915
99.mat,65,Normal,2,,12000,0.009912795973557691,0.061683706598207266,0.06247514052570911,0.23052,0.4270356923076923,0.05062437349759615,2.782931367537461,-0.11622483719010998,3.6897876188872094
99.mat,66,Normal,2,,12000,0.009544001051682693,0.06232597181454975,0.06305247591254899,0.20047938461538461,0.3969950769230769,0.05087755393629807,2.776617628699086,-0.16154581283077082,3.179564033194203
99.mat,67,Normal,2,,12000,0.009960620643028845,0.06350704408005121,0.06428342407946157,0.2008966153846154,0.3876073846153846,0.05201852118389423,2.746169432064751,-0.1795569848661552,3.1251697970581733
99.mat,68,Normal,2,,12000,0.009996934795673077,0.06439637911252497,0.06516772474249029,0.2008966153846154,0.38343507692307693,0.052593486778846156,2.8272866279132423,-0.19456402097632258,3.082762459153771
99.mat,69,Normal,2,,12000,0.010631133713942307,0.06203003384170167,0.06293445878409042,0.21362215384615382,0.39616061538461533,0.05077757542067307,2.9003083504822653,-0.1892635460892854,3.3943591153938177
99.mat,70,Normal,2,,12000,0.010319280198317307,0.06242107453318108,0.06326830240877601,0.22029784615384615,0.42807876923076926,0.0509555809795673,3.052686784914996,-0.24071190267759007,3.481962337641106
99.mat,71,Normal,2,,12000,0.010267177283653846,0.06419181450931458,0.0650077224595065,0.26139507692307695,0.46917600000000004,0.052294315204326924,3.0433011585668246,-0.22848987023052172,4.020985000449765
99.mat,72,Normal,2,,12000,0.010384829026442308,0.06475787368549042,0.06558526418468077,0.26139507692307695,0.46875876923076926,0.052632602163461537,2.9435078499186167,-0.10805367239300491,3.9855763359741547
99.mat,73,Normal,2,,12000,0.010428018930288462,0.06457189240789131,0.06540850761137075,0.21174461538461536,0.41910830769230767,0.0527743954326923,2.843053590912341,-0.11797226044540311,3.2372641284328165
99.mat,74,Normal,2,,12000,0.011247099158653845,0.0636492900280103,0.0646353568919857,0.22321846153846153,0.4134756923076923,0.052450165564903846,2.833827282177474,-0.22491649977798306,3.453503968601726
99.mat,75,Normal,2,,12000,0.01032040069110577,0.06228330774549094,0.06313256761881705,0.22321846153846153,0.4134756923076923,0.05101130003004807,2.933007288825195,-0.2578821651441675,3.5357101723822475
99.mat,76,Normal,2,,12000,0.009203625901442308,0.06196553291337204,0.06264530308787637,0.2261390769230769,0.44163876923076917,0.05005129236778846,3.078989102796082,-0.23334725254621416,3.6098329128659152
99.mat,77,Normal,2,,12000,0.010591814603365383,0.06287543529625853,0.06376132762330203,0.2261390769230769,0.44163876923076917,0.050917433293269226,3.068989022945543,-0.18269356205909348,3.5466494402232738
99.mat,78,Normal,2,,12000,0.011424900991586537,0.062369044613229147,0.06340682998411545,0.21654276923076923,0.42223753846153844,0.05143474444110577,2.8184384924458814,-0.16014314067543667,3.4151331849426487
99.mat,79,Normal,2,,12000,0.01150878515625,0.06372565676390882,0.06475655538834843,0.23844738461538462,0.4549901538461538,0.052686589543269234,2.823254775475887,-0.17994327567822985,3.682212297819167
99.mat,80,Normal,2,,12000,0.011822777794471153,0.06398558163143359,0.0650686770381133,0.23844738461538462,0.44894030769230764,0.052763241436298076,2.9589565848985426,-0.26102699710311755,3.6645494494335047
99.mat,81,Normal,2,,12000,0.011146611328125,0.0632833768029881,0.0642575499353131,0.21049292307692305,0.4070086153846153,0.051742472506009614,2.948767410411944,-0.24890699858014437,3.2757695132917832
99.mat,82,Normal,2,,12000,0.01167013611778846,0.0635674192965802,0.06462978317335552,0.2157083076923077,0.42390646153846157,0.05174048617788461,3.040772266717915,-0.2205074373036681,3.3375991238237095
99.mat,83,Normal,2,,12000,0.012682552283653847,0.06434884675491684,0.06558674569694234,0.2157083076923077,0.4243236923076923,0.05261202584134615,3.0605510976218233,-0.1866778623643853,3.2889009113065972
99.mat,84,Normal,2,,12000,0.013153668569711539,0.06395375060609665,0.06529242845406061,0.20861538461538462,0.3938658461538461,0.0527171484375,2.8697599658455957,-0.12794788455424486,3.1950930537399946
99.mat,85,Normal,2,,12000,0.013396968299278847,0.0618149036735046,0.06324998874131547,0.222384,0.4270356923076923,0.05122083218149038,2.8867679918136413,-0.1742232391288107,3.5159531950198866
99.mat,86,Normal,2,,12000,0.013066677584134614,0.061558862145359654,0.06293037082140164,0.222384,0.44080430769230766,0.05077859405048077,2.980844877895315,-0.10696509834423787,3.5338104177255327
99.mat,87,Normal,2,,12000,0.013998927584134617,0.06287407111114994,0.0644136537668512,0.21842030769230766,0.4088861538461538,0.05200838581730769,2.9322097083978296,-0.12501263239477675,3.3909007627931205
99.mat,88,Normal,2,,12000,0.015092732271634615,0.063579249568996,0.06534609049652412,0.2154996923076923,0.41994276923076923,0.05297863070913461,2.8263607542356652,-0.19160631767145753,3.297820736791517
99.mat,89,Normal,2,,12000,0.01355490685096154,0.06273809611609879,0.06418570093105702,0.2154996923076923,0.41994276923076923,0.05203639813701923,2.772046316324832,-0.13170105148525704,3.3574408190877945
99.mat,90,Normal,2,,12000,0.013024964693509616,0.06109289860775517,0.06246592643645515,0.192552,0.38301784615384615,0.050481816256009615,2.8303578482235974,-0.1557383856518406,3.08251251497691
99.mat,91,Normal,2,,12000,0.013908371394230769,0.06342295829774011,0.06493007341807598,0.2290596923076923,0.44768861538461535,0.052369286358173076,2.968669433517761,-0.21435008587065554,3.5277904405375895
99.mat,92,Normal,2,,12000,0.01278787860576923,0.06513501761547595,0.06637846306599945,0.2290596923076923,0.44768861538461535,0.053266902944711536,3.046285980217812,-0.258091376539632,3.45081343748409
99.mat,93,Normal,2,,12000,0.012415009164663461,0.06370466313744887,0.06490313211251453,0.2557624615384615,0.45352984615384606,0.051821518179086534,3.0835003924825575,-0.19935856903457308,3.9406797979345245
99.mat,94,Normal,2,,12000,0.013976976111778845,0.06458616062707531,0.06608122279267847,0.2557624615384615,0.45352984615384606,0.05308808248197115,2.988487050402464,-0.13411391152774457,3.8704256781216664
99.mat,95,Normal,2,,12000,0.014299066856971153,0.06622859381814948,0.06775463048463595,0.21633415384615384,0.4324596923076923,0.05460278500600961,2.9035735264915528,-0.13384338033099633,3.192905817635738
99.mat,96,Normal,2,,12000,0.013934397385817306,0.06421182330100124,0.06570635952588515,0.2225926153846154,0.4234892307692308,0.053161423828125,2.8787562470676495,-0.16532805281089888,3.3876875387826746
99.mat,97,Normal,2,,12000,0.013184583984375,0.061944225163266906,0.06333182680073697,0.2225926153846154,0.444768,0.05113261884014423,2.936074844427015,-0.19196275533635668,3.514703848429415
99.mat,98,Normal,2,,12000,0.012028388221153846,0.06309668791728072,0.06423296777613122,0.2330233846153846,0.4551987692307692,0.05155927193509615,3.0508314789236124,-0.21298588201265561,3.627784807134124
99.mat,99,Normal,2,,12000,0.011503590144230767,0.06356536110349523,0.06459789252308613,0.2330233846153846,0.4401784615384615,0.05231591015625,2.904260733537876,-0.2728111384794978,3.6072908188468564
99.mat,100,Normal,2,,12000,0.01086786328125,0.06177663399449874,0.06272529760782486,0.19025723076923076,0.36820615384615385,0.050771972956730776,2.744971212343266,-0.18404004138784574,3.0331817946687036
99.mat,101,Normal,2,,12000,0.010421245042067307,0.06209946236793693,0.06296781379890545,0.2154996923076923,0.39073661538461535,0.05099316841947116,2.751322997731781,-0.043112282117473325,3.422378502704794
99.mat,102,Normal,2,,12000,0.011293701472355769,0.06196027218116025,0.06298113226760974,0.2154996923076923,0.39261415384615383,0.051349179537259614,2.7300137246155636,-0.08383142124235377,3.421654780546405
99.mat,103,Normal,2,,12000,0.012025281400240385,0.06288549837826414,0.06402494278824175,0.19818461538461538,0.3821833846153846,0.05232675856370192,2.6958392491416463,-0.21390344843286654,3.0954282308396253
99.mat,104,Normal,2,,12000,0.011906560096153845,0.06251557119393422,0.06363931815338048,0.20861538461538462,0.4022104615384615,0.05168140564903846,2.835865955395621,-0.2682119993120976,3.2780895626912545
99.mat,105,Normal,2,,12000,0.012207667067307693,0.06140827538037858,0.06260993068530454,0.21508246153846153,0.42369784615384615,0.050277937499999995,3.0223686351050434,-0.2021111715802131,3.435277106750487
99.mat,106,Normal,2,,12000,0.010827983924278846,0.06361080446504072,0.0645258063146373,0.265776,0.46792430769230775,0.05138564648437499,3.2304125202859844,-0.11082542389517114,4.118910172219116
99.mat,107,Normal,2,,12000,0.009833240985576922,0.06425918966771216,0.06500720025529044,0.265776,0.46792430769230775,0.05193840594951923,3.118208230536151,-0.05822915321558779,4.088408652522618
99.mat,108,Normal,2,,12000,0.009946156099759615,0.06238485988924178,0.06317275334003666,0.2073636923076923,0.4107636923076923,0.05101007767427884,2.834249058203365,-0.10762842572273083,3.282486219834786
99.mat,109,Normal,2,,12000,0.009313281400240384,0.06204234493240013,0.06273746707630919,0.20339999999999997,0.38239199999999995,0.05075694816706731,2.8420917648062742,-0.19919631975716542,3.2420817970320566
99.mat,110,Normal,2,,12000,0.009689053936298077,0.06269989157563226,0.06344410271866514,0.2791273846153846,0.5052664615384614,0.050842716796875,3.1111515816496786,-0.197460825115077,4.399579671780366
99.mat,111,Normal,2,,12000,0.010663780799278846,0.06312130477582333,0.06401574288827276,0.2791273846153846,0.5052664615384614,0.05135131865985577,3.072952238431018,-0.21225563388683913,4.360292828321122
99.mat,112,Normal,2,,12000,0.011263091646634617,0.06366978700062272,0.06465832514181878,0.20778092307692309,0.4105550769230769,0.052395363281249996,2.819551976830389,-0.20599176552040313,3.213521578562163
99.mat,113,Normal,2,,12000,0.012421019080528846,0.06436048556876292,0.06554810308197943,0.2290596923076923,0.44163876923076917,0.05297002328725961,2.955349856353296,-0.1826789548526994,3.4945281638617804
99.mat,114,Normal,2,,12000,0.013005967247596154,0.06614604110496966,0.06741256513370397,0.3269003076923077,0.5570030769230769,0.054305192307692304,3.2557411914527554,-0.18831217995497596,4.84924890551107
99.mat,115,Normal,2,,12000,0.012211741586538462,0.06528073652665557,0.06641311010665753,0.3269003076923077,0.5570030769230769,0.05369635727163462,3.190255818092788,-0.21464975982008924,4.922225554070804
99.mat,116,Normal,2,,12000,0.012244388671874998,0.06315093968997966,0.06432702571762033,0.20944984615384615,0.39720369230769226,0.05206639678485577,2.8986281241302607,-0.22114946189620904,3.256016329330676
99.mat,117,Normal,2,,12000,0.012136923227163463,0.0639207808106332,0.06506282444578526,0.21362215384615382,0.42223753846153844,0.052573878155048076,2.884730543976313,-0.17256292505769136,3.2833212462849386
99.mat,118,Normal,2,,12000,0.01173267998798077,0.06460455944860932,0.06566128906173911,0.21362215384615382,0.42223753846153844,0.052980566105769226,2.9022896658659056,-0.16306412017641397,3.253395674965992
99.mat,119,Normal,2,,12000,0.011931974909855769,0.06379810426534194,0.06490431521170892,0.20173107692307693,0.39970707692307694,0.05238482046274038,2.849662097277805,-0.1301362682960754,3.1081304265372496
99.mat,120,Normal,2,,12000,0.01133276592548077,0.06277335831399264,0.06378813445726914,0.2059033846153846,0.4024190769230769,0.05167651622596153,2.775263853576502,-0.1340649504616953,3.2279261083159074
99.mat,121,Normal,2,,12000,0.01116958143028846,0.061002811199833626,0.06201695351765025,0.2059033846153846,0.40033292307692303,0.04988158864182692,2.880650410164432,-0.12767206415330187,3.3201144676799346
99.mat,122,Normal,2,,12000,0.011337451622596154,0.06089457746703346,0.06194099913775404,0.1927606153846154,0.37529907692307696,0.05017862109375,2.75370128483051,-0.10140666058749662,3.112003649730033
99.mat,123,Normal,2,,12000,0.011685262770432692,0.06297805667843617,0.06405295456890633,0.20256553846153844,0.3953261538461538,0.052146970402644224,2.6764983879862227,-0.0908010532646975,3.1624698630197337
99.mat,124,Normal,2,,12000,0.012990484074519231,0.06334836263041353,0.06466658893466325,0.20778092307692309,0.4136843076923077,0.05211585126201923,2.870917735703916,-0.1046932172224493,3.2131109201825585
99.mat,125,Normal,2,,12000,0.013074775691105768,0.06255047857101624,0.06390236403166859,0.2125790769230769,0.42035999999999996,0.05145949714543269,3.0014105682215297,-0.2240540163955018,3.326623046648594
99.mat,126,Normal,2,,12000,0.01211242518028846,0.06280350207821782,0.06396085300429316,0.2436627692307692,0.4360061538461538,0.05161988040865384,2.957232373113094,-0.2768201733416882,3.8095609702768374
99.mat,127,Normal,2,,12000,0.012449438852163461,0.06201963045515268,0.06325680271344307,0.2436627692307692,0.4360061538461538,0.05109625375600961,2.8677080195567393,-0.2386415054793353,3.851961508939607
99.mat,128,Normal,2,,12000,0.012023957181490384,0.06273799819464633,0.06387982438746807,0.214248,0.3988726153846154,0.051690827974759615,2.774667358260276,-0.14468804637115,3.3539228082479062
99.mat,129,Normal,2,,12000,0.011274449368990384,0.06568211197267455,0.06664272684820816,0.214248,0.4076344615384615,0.053938740234375,2.825097400901868,-0.1632707961482595,3.214874452661454
99.mat,130,Normal,2,,12000,0.01294281219951923,0.0649835795670483,0.06625995774960108,0.19985353846153847,0.398664,0.05352217157451923,2.8457874030912618,-0.20372123477747694,3.016203831834494
99.mat,131,Normal,2,,12000,0.014414477614182693,0.06144634858416307,0.06311442718757933,0.19985353846153847,0.39636923076923075,0.05086135772235577,2.836682182199183,-0.09532103614469893,3.1665270108142383
99.mat,132,Normal,2,,12000,0.014274212289663461,0.060366468221765626,0.06203115041702692,0.19964492307692308,0.39616061538461533,0.05012142503004808,2.862968477473939,-0.09289547288116735,3.218462365033336
99.mat,133,Normal,2,,12000,0.01403351006610577,0.06191095637162331,0.06348154002247061,0.2090326153846154,0.4086775384615385,0.05163796108774038,2.777729727996941,-0.17372106969646336,3.292809457845918
99.mat,134,Normal,2,,12000,0.014476766826923077,0.06331426548842635,0.06494823317150387,0.21111876923076925,0.3911538461538462,0.05256129807692307,2.8155705394540687,-0.10165107407900824,3.2505698603576163
99.mat,135,Normal,2,,12000,0.015185885967548076,0.06270360459943276,0.06451630152435413,0.22008923076923076,0.43120800000000004,0.052047246544471154,2.9580902556758937,-0.14947050779155674,3.4113739561798924
99.mat,136,Normal,2,,12000,0.014425631610576922,0.0632285216987605,0.06485325592115405,0.22008923076923076,0.4280787692307692,0.05217859885817307,2.977060245599974,-0.16668106840743138,3.3936496732994605
99.mat,137,Normal,2,,12000,0.013295359975961537,0.06407067717105168,0.0654356039939078,0.2090326153846154,0.4170221538461538,0.0525863563701923,2.943722337974303,-0.11484705080209655,3.194478275222718
99.mat,138,Normal,2,,12000,0.013336410757211538,0.06368295193107068,0.0650644159163834,0.20798953846153845,0.4038793846153846,0.052418384314903844,2.90216634005238,-0.13596523269358465,3.1966711071199536
99.mat,139,Normal,2,,12000,0.013058834134615385,0.06319556063503343,0.06453070612453875,0.21612553846153845,0.42328061538461537,0.051878306790865386,2.880081905794111,-0.1311124079193889,3.3491891138527854
99.mat,140,Normal,2,,12000,0.012874665865384615,0.06263690348768788,0.0639463736240862,0.21612553846153845,0.42640984615384614,0.05158636748798076,2.897686051942237,-0.1705329985980717,3.3797935084176856
99.mat,141,Normal,2,,12000,0.013351842998798076,0.0634537374703436,0.0648432611025991,0.23260615384615385,0.4428904615384615,0.052607391075721155,2.901797174435176,-0.20636474219255724,3.5872062862185436
99.mat,142,Normal,2,,12000,0.012493341796875,0.06406673252979904,0.0652735000310107,0.23260615384615385,0.4378836923076923,0.05294965069110577,2.8896565711894797,-0.2189452135758666,3.5635618395772446
99.mat,143,Normal,2,,12000,0.011050045222355769,0.062408414235619075,0.06337912642834964,0.2209236923076923,0.4303735384615385,0.051182124248798075,2.8516448528998417,-0.1874557242354437,3.4857484594308414
99.mat,144,Normal,2,,12000,0.010972985877403845,0.06189416091101217,0.06285931572920574,0.20944984615384615,0.4188996923076923,0.050807217548076926,2.8460984258767774,-0.19264324458914847,3.3320414599507235
99.mat,145,Normal,2,,12000,0.010820496995192308,0.06307567756975088,0.0639970644335046,0.21883753846153844,0.4282873846153846,0.05166480198317308,2.936602937471349,-0.22434965442374902,3.419493384558584
99.mat,146,Normal,2,,12000,0.010867863281250001,0.06309147064052267,0.06402065385392339,0.21883753846153844,0.41931692307692303,0.05117117397836538,3.015948729997916,-0.182308125082194,3.41823341824753
99.mat,147,Normal,2,,12000,0.011027176983173077,0.061313917873635757,0.06229763364071843,0.208824,0.4093033846153846,0.049902878004807694,2.9849221797920165,-0.1279433239339302,3.3520374337864145
99.mat,148,Normal,2,,12000,0.01141512214543269,0.06225797430968,0.06329581643947664,0.208824,0.4063827692307692,0.05120789558293269,2.8779321261501707,-0.1311677956195675,3.299175391784024
99.mat,149,Normal,2,,12000,0.01250638025841346,0.06315044453635164,0.06437692282415229,0.24449723076923074,0.4512350769230769,0.05204520928485577,2.934685920622112,-0.19236523212927456,3.7979017952921277
99.mat,150,Normal,2,,12000,0.011787838792067306,0.06402732423483147,0.06510339001972174,0.24449723076923074,0.46521230769230765,0.052649358623798076,2.846679391415112,-0.20959005701212308,3.755522265356156
99.mat,151,Normal,2,,12000,0.010540832181490385,0.06329449901880113,0.06416621189628822,0.22843384615384613,0.449148923076923,0.05175418674879807,2.8865657218812766,-0.21915997776203333,3.5600332231402954
99.mat,152,Normal,2,,12000,0.012719528545673077,0.06194170385389914,0.06323417654044634,0.22843384615384613,0.4389267692307692,0.05090765444711538,3.0392896799853437,-0.1905632199352372,3.612506063200388
99.mat,153,Normal,2,,12000,0.014353716346153846,0.06374731659712518,0.06534332059422719,0.22780799999999998,0.4143101538461538,0.05266896724759615,2.91630708939109,-0.16087705368618688,3.4863242015913998
99.mat,154,Normal,2,,12000,0.014231531700721153,0.06406079286969116,0.06562256987989806,0.22780799999999998,0.43830092307692303,0.052981737530048076,2.889793815013721,-0.1562196611844233,3.4714885506150166
99.mat,155,Normal,2,,12000,0.015467333383413462,0.062251431710891654,0.06414420591175374,0.21487384615384614,0.4253667692307692,0.05207301787860577,2.8151811393121977,-0.1511839814750175,3.3498558926656354
99.mat,156,Normal,2,,12000,0.015123240234375002,0.06109457922849259,0.0629385415011595,0.20402584615384614,0.39720369230769226,0.05125027058293269,2.7630356968597907,-0.2099556080098399,3.241667844338074
99.mat,157,Normal,2,,12000,0.013842466045673078,0.062262621806039954,0.06378281853593155,0.21508246153846153,0.4118067692307692,0.05157210667067307,2.8860150276562764,-0.19075464509551981,3.372106571572978
99.mat,158,Normal,2,,12000,0.013437458834134615,0.06254225514011635,0.06396951600512914,0.21508246153846153,0.4118067692307692,0.05162527914663461,2.8739319229227824,-0.12906159899055963,3.3622649500930413
99.mat,159,Normal,2,,12000,0.013261694260817306,0.06268620135173578,0.06407364805111189,0.21633415384615384,0.42745292307692306,0.051759891075721154,2.8716546982119806,-0.13965849239226322,3.3763358326902653
99.mat,160,Normal,2,,12000,0.014132113431490383,0.06273083248672177,0.06430298573563796,0.21862892307692305,0.4293304615384615,0.05200252869591346,2.868448537388172,-0.15420618191618513,3.399980896310926
99.mat,161,Normal,2,,12000,0.014323412109375,0.06251838858202673,0.06413820269814458,0.21862892307692305,0.4178566153846154,0.05200110261418269,2.84754335990154,-0.15470589563491313,3.4087160830786374
99.mat,162,Normal,2,,12000,0.013133703425480769,0.06404321745188818,0.0653760496455569,0.21633415384615384,0.4226547692307692,0.05261365564903846,3.044750175342974,-0.22475036189260758,3.3090735065674983
99.mat,163,Normal,2,,12000,0.012927176231971154,0.06478540366256193,0.06606254924731206,0.21633415384615384,0.4226547692307692,0.053205021183894224,3.0082739439527844,-0.24258582986014365,3.274686737205437
99.mat,164,Normal,2,,12000,0.012667323768028847,0.06432141694238076,0.06555688956104962,0.22801661538461537,0.4253667692307692,0.05285339017427884,2.970911670169454,-0.1566737133629554,3.478148779042906
99.mat,165,Normal,2,,12000,0.01279867608173077,0.06505385017439182,0.06630090144151349,0.23135446153846154,0.4593710769230769,0.05341592848557692,3.065684141528887,-0.22036547489801409,3.4894617796795417
99.mat,166,Normal,2,,12000,0.013729856520432692,0.06252819381929582,0.06401784112554165,0.23135446153846154,0.4220289230769231,0.05189455393629808,2.936409881431625,-0.26982661669435737,3.613906021678641
99.mat,167,Normal,2,,12000,0.014239273287259616,0.06053793850792789,0.062190022532066375,0.21862892307692305,0.4118067692307692,0.05021880603966346,2.819823570073475,-0.12690143866244868,3.5154983737816425
99.mat,168,Normal,2,,12000,0.015190113281249999,0.0609729910403867,0.06283665473199766,0.21862892307692305,0.4118067692307692,0.050600130108173075,2.8785158300764553,-0.12594023855545597,3.479321488538646
99.mat,169,Normal,2,,12000,0.015571233623798076,0.061911198166812995,0.06383932780831333,0.20152246153846154,0.39908123076923074,0.05182111072716346,2.729708074594358,-0.14168817812445766,3.1567133999838064
99.mat,170,Normal,2,,12000,0.014453796724759615,0.06351652460503454,0.06514031883298262,0.2426196923076923,0.42453230769230765,0.053167230018028845,2.6883822642569895,-0.10520722661533492,3.7245702301482475
99.mat,171,Normal,2,,12000,0.013484163010817308,0.06334859344888391,0.06476779249020512,0.2426196923076923,0.45540738461538455,0.05247924744591346,2.8426088332961617,-0.11003343255913138,3.745992923016233
99.mat,172,Normal,2,,12000,0.012878995042067307,0.06321780219320204,0.06451634697836212,0.23010276923076922,0.4428904615384615,0.052057025390625,2.8600526856111443,-0.11161826315003076,3.566580874579624
99.mat,173,Normal,2,,12000,0.012850116887019229,0.06285207520539444,0.0641522319302658,0.23010276923076922,0.4015846153846153,0.05168945282451923,2.840730818437442,-0.09077387782216291,3.5868240637503233
99.mat,174,Normal,2,,12000,0.014296571213942308,0.0618508254663328,0.06348162379257548,0.225096,0.4262012307692308,0.0510062578125,2.8951968189415047,-0.14529846753742084,3.545845026514999
99.mat,175,Normal,2,,12000,0.014369403245192309,0.06241106413258645,0.06404389647565771,0.20110523076923076,0.39136246153846155,0.05167875721153846,2.828147683296866,-0.1736974488096505,3.140115480726073
99.mat,176,Normal,2,,12000,0.012680260366586538,0.06279687320006798,0.06406431367516427,0.19359507692307693,0.3838523076923077,0.051802367938701924,2.8086454047435025,-0.17986981596737361,3.021886379751036
99.mat,177,Normal,2,,12000,0.012517890775240383,0.06211700705220402,0.06336576484651954,0.22551323076923077,0.4159790769230769,0.05143433698918269,2.864143813052837,-0.21657236957263318,3.5589127869829134
99.mat,178,Normal,2,,12000,0.012414194260817307,0.06271674446000192,0.06393357689670186,0.22551323076923077,0.4451852307692308,0.05206660051081731,2.870976631486077,-0.19994678631611262,3.5273050831114117
99.mat,179,Normal,2,,12000,0.012519011268028846,0.06282012974440634,0.06405540058600118,0.21967199999999998,0.42098584615384615,0.05207138807091346,2.7945833573802576,-0.16060853657899443,3.429406388694221
99.mat,180,Normal,2,,12000,0.013739380709134615,0.06050778949799593,0.062048071462409905,0.24908676923076922,0.4297476923076923,0.05016344350961538,2.9443276678057977,-0.2367024083336046,4.014415973938393
99.mat,181,Normal,2,,12000,0.013937555138221154,0.06199229664633012,0.0635397535934595,0.24908676923076922,0.4493575384615385,0.05124894636418269,3.066254823493162,-0.27827674092284727,3.920172099257387
99.mat,182,Normal,2,,12000,0.013636499098557691,0.06364396235590468,0.0650884632790234,0.222384,0.42599261538461536,0.05269107151442308,2.910383312489208,-0.19844304581027336,3.416642347917738
99.mat,183,Normal,2,,12000,0.013780074969951922,0.06328140162434842,0.06476439035241188,0.20360861538461536,0.40283630769230766,0.05217528831129807,2.835353154692127,-0.11567677982089657,3.1438358992756705
99.mat,184,Normal,2,,12000,0.01398772265625,0.06303909992673334,0.06457231995740004,0.222384,0.4065913846153846,0.05177369350961538,2.8549938549109064,-0.0659394052861184,3.443952457441706
99.mat,185,Normal,2,,12000,0.014684363581730768,0.06170919152407175,0.0634322855678008,0.222384,0.42494953846153843,0.05116781249999999,2.8947180959358843,-0.17567241433569725,3.5058487647004406
99.mat,186,Normal,2,,12000,0.014159922025240385,0.06159793450443429,0.0632045008442711,0.20360861538461536,0.390528,0.05093867172475961,2.91578727408517,-0.2394284013631689,3.2214258900055945
99.mat,187,Normal,2,,12000,0.013383573317307693,0.062485051919485605,0.06390228280836735,0.24491446153846153,0.4318338461538461,0.05135646274038461,2.94590593139424,-0.1839257377386955,3.8326402559501753
99.mat,188,Normal,2,,12000,0.01412589978966346,0.06318089341308551,0.06474076256380741,0.24491446153846153,0.4535298461538462,0.05217691811899038,2.921653194839262,-0.12664152357258748,3.7830024213427813
99.mat,189,Normal,2,,12000,0.013229862079326922,0.06263955806924652,0.06402142989459483,0.2225926153846154,0.43120800000000004,0.05151985096153845,2.936795557111149,-0.11677673189866469,3.476845421151837
99.mat,190,Normal,2,,12000,0.011931618389423077,0.06268659724503134,0.0638120129094169,0.2225926153846154,0.4170221538461538,0.05146759525240384,2.8775369401617357,-0.12036700651647311,3.4882556627792387
99.mat,191,Normal,2,,12000,0.012167838641826922,0.06296503106532071,0.06412995738553348,0.21758584615384616,0.41681353846153846,0.051828597656249996,2.8144591864280537,-0.07790203082897272,3.3928892989242723
99.mat,192,Normal,2,,12000,0.012197990084134615,0.06237198331800163,0.06355356217485941,0.21758584615384616,0.4282873846153846,0.051169136718749994,2.87935636989203,-0.1261299555702893,3.4236609044066926
99.mat,193,Normal,2,,12000,0.012217394981971153,0.06224402269262634,0.06343171999170191,0.21466523076923077,0.4253667692307692,0.050956599609375,2.950588239436787,-0.16831266275991774,3.3841937566459355
99.mat,194,Normal,2,,12000,0.013531019981971154,0.06219634814079841,0.06365119184904476,0.21466523076923077,0.4059655384615385,0.051440346905048076,2.864561263963951,-0.13861124654141974,3.3725249211095853
99.mat,195,Normal,2,,12000,0.014169344350961538,0.06261969229003564,0.06420277394190126,0.21341353846153846,0.41305846153846154,0.051896845853365375,2.797065606670123,-0.12422549081149677,3.3240547932502396
99.mat,196,Normal,2,,12000,0.013776255108173076,0.06372492325641857,0.0651970171774898,0.2138307692307692,0.4134756923076923,0.05255905709134615,2.841174364647562,-0.1314507224613997,3.2797630702742846
99.mat,197,Normal,2,,12000,0.013763165715144231,0.06294332062919375,0.06443047681285625,0.2138307692307692,0.42745292307692306,0.052025753455528845,2.9064939515447974,-0.16187976444604565,3.318782970547598
99.mat,198,Normal,2,,12000,0.014408060246394232,0.06178626606734631,0.06344395065416904,0.21362215384615382,0.40596553846153843,0.05110501397235576,2.987171303069966,-0.2274737822990361,3.3671004350060323
99.mat,199,Normal,2,,12000,0.015024891526442308,0.06407300738007386,0.0658110753605224,0.2492953846153846,0.44956615384615384,0.0528644423076923,3.100980730531973,-0.20786008269043155,3.7880460583527795
99.mat,200,Normal,2,,12000,0.014235555288461538,0.0642525786469194,0.06581067464438735,0.2492953846153846,0.4487316923076923,0.053049119891826924,3.030120642262791,-0.15679660613204274,3.788069123473812
99.mat,201,Normal,2,,12000,0.012822817608173076,0.0635232980862014,0.06480458356598608,0.21779446153846155,0.41201538461538467,0.05251403365384615,2.7254196620102515,-0.045681792018925464,3.360787918908488
99.mat,202,Normal,2,,12000,0.013222935396634616,0.0638141037883899,0.06516966980750304,0.21779446153846155,0.4076344615384615,0.052344431790865384,2.833741214180776,-0.06640426215082072,3.3419604883955802
99.mat,203,Normal,2,,12000,0.013034234224759616,0.06391984428589825,0.06523524933162574,0.20402584615384614,0.3938658461538461,0.052294060546875,2.9663448102359893,-0.16233261252054934,3.127539915064529
99.mat,204,Normal,2,,12000,0.012193559044471152,0.062452171677418254,0.06363141228510276,0.23218892307692307,0.4188996923076923,0.05116765970552885,2.952861908588236,-0.03953463007445649,3.6489669919094756
99.mat,205,Normal,2,,12000,0.013107371844951924,0.06153823171681562,0.06291865509937677,0.23218892307692307,0.45332123076923075,0.050573696664663464,2.995267255594225,-0.0242226236997545,3.690303340244521
99.mat,206,Normal,2,,12000,0.012967870492788462,0.06317165319329739,0.06448894038741818,0.22113230769230768,0.43350276923076925,0.05178571334134616,2.9556307671266517,-0.14433934911827243,3.4289958303524974
99.mat,207,Normal,2,,12000,0.012339987079326922,0.06448077622093995,0.06565093893595804,0.2601433846153846,0.47501723076923075,0.05253185967548077,2.9639848460413063,-0.12834253040799565,3.962523443406535
99.mat,208,Normal,2,,12000,0.012900131610576923,0.06277521815576545,0.0640869831562865,0.2601433846153846,0.4693846153846154,0.05157658864182692,2.963076217779306,-0.1377791771524725,4.059223446062093
99.mat,209,Normal,2,,12000,0.013248808593750001,0.06114937003584819,0.0625681738980363,0.21967199999999998,0.41493599999999997,0.05047860757211538,2.9309043020902097,-0.1522824633457838,3.5109223478055567
99.mat,210,Normal,2,,12000,0.014005956129807692,0.06298353854249143,0.0645220344877903,0.21967199999999998,0.42640984615384614,0.05177033203125,2.9919182576192553,-0.1406323638711989,3.404604361035286
99.mat,211,Normal,2,,12000,0.014435766977163462,0.06324712228826637,0.06487364523414638,0.21007569230769232,0.41681353846153846,0.05200313987379808,2.946323526250253,-0.12051831598884855,3.238228583417393
99.mat,212,Normal,2,,12000,0.013602222205528846,0.06344470010558018,0.06488644250084595,0.19881046153846152,0.3957433846153846,0.05203767142427884,2.8677367141395207,-0.06933930867943243,3.0639753679802917
99.mat,213,Normal,2,,12000,0.013900986328125,0.062170368127476366,0.06370551070355411,0.19881046153846152,0.3957433846153846,0.05149453801081731,2.8651186167402436,-0.1632896774881318,3.1207733733366014
99.mat,214,Normal,2,,12000,0.013326428185096153,0.06321869470651041,0.06460802619309378,0.241368,0.4493575384615385,0.052283008413461535,2.906371366102064,-0.2135327958309745,3.735882586454883
99.mat,215,Normal,2,,12000,0.012105192908653846,0.06365484428320134,0.06479563948348942,0.241368,0.46208307692307693,0.052227798677884615,2.917691264248909,-0.1514158690619575,3.7250654816286364
99.mat,216,Normal,2,,12000,0.012217904296875,0.061589998547309184,0.06279016727533973,0.2207150769230769,0.4214030769230769,0.05090872400841346,2.878120958284481,-0.18995011395604852,3.5151216583836167
99.mat,217,Normal,2,,12000,0.011858175180288462,0.0626894391791168,0.0638011136517114,0.22321846153846153,0.4299563076923077,0.051360639122596155,2.950416326436511,-0.1817710504667122,3.4986608973160758
99.mat,218,Normal,2,,12000,0.011159598858173076,0.0637732741380766,0.0647423133736014,0.23156307692307693,0.45624184615384616,0.05168028515625,3.055270923634937,-0.11145339848829618,3.5766883334369157
99.mat,219,Normal,2,,12000,0.011353189453124999,0.06386367324549833,0.06486496489759573,0.23782153846153845,0.46250030769230766,0.05231219215745192,2.9558165597596884,-0.153142396757309,3.666409730383643
99.mat,220,Normal,2,,12000,0.011685517427884616,0.06377269494903451,0.06483446566927198,0.23782153846153845,0.4343372307692307,0.05262791646634615,2.7997136359797388,-0.16049071923028135,3.6681344714814696
99.mat,221,Normal,2,,12000,0.012028388221153846,0.06265868005974068,0.06380276099063219,0.20152246153846154,0.3980381538461538,0.051460872295673074,2.883539568295205,-0.1666979209229428,3.1585225844387828
99.mat,222,Normal,2,,12000,0.011337960937499999,0.06298932842504361,0.06400160039919536,0.2154996923076923,0.41389292307692305,0.05134617457932692,2.9186764056233647,-0.1907004841791996,3.3670984938433133
99.mat,223,Normal,2,,12000,0.010239623347355769,0.06473839408144096,0.06554318846790766,0.23677846153846152,0.4545729230769231,0.05224669426081731,3.1015406665476424,-0.14708708123890446,3.6125563475508504
99.mat,224,Normal,2,,12000,0.010970337439903846,0.06469842350445246,0.06562190417464919,0.24449723076923074,0.4622916923076923,0.052534813701923075,3.2048654496005464,-0.18767027707372427,3.7258478528528283
99.mat,225,Normal,2,,12000,0.010992034254807692,0.0637008192548453,0.06464223998901443,0.24449723076923074,0.43558892307692304,0.052303992187499995,3.016916743217844,-0.2658579054403511,3.7823137133054425
99.mat,226,Normal,2,,12000,0.010416559344951922,0.06437590011403303,0.06521319823531786,0.25805723076923076,0.4647950769230769,0.052499314453125,2.984077543576437,-0.13895522886906497,3.9571319572158834
99.mat,227,Normal,2,,12000,0.011426428936298076,0.06446499271055653,0.06546982941331356,0.25805723076923076,0.4403870769230769,0.05260087184495192,2.9134770980180567,-0.06163690745074296,3.941620637807157
99.mat,228,Normal,2,,12000,0.011366788161057692,0.06430226334873576,0.0652991955912822,0.2138307692307692,0.40367076923076917,0.05276940414663461,2.8391786896045472,-0.14514814102760035,3.274630985796046
99.mat,229,Normal,2,,12000,0.010469579026442308,0.06364549198040728,0.06450085840063688,0.22718215384615387,0.4341286153846154,0.052014090144230765,2.8882744833482503,-0.14644898043922228,3.5221570608417
99.mat,230,Normal,2,,12000,0.010954803335336539,0.06393858286295866,0.06487025585458508,0.235944,0.4514436923076923,0.05182498152043269,3.090191281777263,-0.1391410367126842,3.6371677110214953
99.mat,231,Normal,2,,12000,0.010667295072115385,0.06485155717228852,0.06572302223594242,0.235944,0.4514436923076923,0.052555186298076914,3.0347290936588114,-0.15899208939391235,3.5899748972737835
99.mat,232,Normal,2,,12000,0.010507879507211538,0.06227853879420314,0.06315878344362834,0.22718215384615387,0.4147273846153846,0.050658497596153845,2.905686071485024,-0.10812778989201763,3.597000155155343
99.mat,233,Normal,2,,12000,0.010718990534855768,0.06044833758546443,0.06139135342157395,0.22718215384615387,0.40200184615384615,0.049483966496394236,2.8670669309484134,-0.07020180445909634,3.7005562051400913
99.mat,234,Normal,2,,12000,0.010649163461538462,0.06247715181583547,0.06337822324307868,0.22801661538461537,0.4228633846153846,0.05118288822115385,2.86467864055905,-0.11505873227206251,3.5977123326743983
