file,segment,peak_frequency,peak_amplitude,spectral_energy,spectral_centroid,spectral_bandwidth
100.mat,0,2100.5859375,0.015708715585992527,0.002298029277054938,1098.0763777286463,1042.0971712136322
100.mat,1,2100.5859375,0.015413811704704957,0.002176596807171271,1107.8849372932632,1061.3834765864544
100.mat,2,2100.5859375,0.014788349495421302,0.002147055049929629,1135.465130118338,1068.1803681162744
100.mat,3,2100.5859375,0.01539895108835189,0.00220981117347982,1119.8469580262818,1041.1596753284725
100.mat,4,2100.5859375,0.015798195793804096,0.0023314995381628206,1088.1190432155163,1030.9667038850694
100.mat,5,2100.5859375,0.015649793056426838,0.002270368009853382,1098.2208765779933,1067.1724208575592
100.mat,6,2100.5859375,0.015115382055093803,0.0021665727668651867,1121.113338836398,1061.004406577708
100.mat,7,2100.5859375,0.015364442321122223,0.002201853487471066,1134.8978232718623,1083.5136217108468
100.mat,8,2100.5859375,0.015701351071642024,0.002320677943898436,1131.7510806548603,1065.422327621952
100.mat,9,2100.5859375,0.015427080769812106,0.0023785688542538154,1130.1768617417704,1066.2789594452606
100.mat,10,2100.5859375,0.015274659735622212,0.002347236553134557,1118.3867741051465,1067.743914523178
100.mat,11,2100.5859375,0.015580494468156032,0.002280709130518681,1101.1986426642973,1054.02110728841
100.mat,12,2100.5859375,0.015451691294057785,0.002210386788213796,1117.6958140580277,1048.8417659269599
100.mat,13,2100.5859375,0.015508149817779466,0.0022036549650046146,1114.418821698277,1056.6435623404036
100.mat,14,2100.5859375,0.015531160585776457,0.002254070621809076,1092.9513194255187,1028.6988397795424
100.mat,15,0.0,0.016272509314903844,0.0024750123955994793,1082.3216475844808,1038.2062987185989
100.mat,16,0.0,0.016504807842548076,0.0025265198568114925,1077.8634419319308,1032.899558282135
100.mat,17,0.0,0.01637900706129808,0.0023561855394135262,1091.4646255470602,1052.1639780915502
100.mat,18,0.0,0.016069139873798075,0.0023778632441050678,1086.772122161438,1041.3119005307929
100.mat,19,0.0,0.015847129507211538,0.0024454969758012186,1101.2347714788355,1058.2516723698147
100.mat,20,0.0,0.015434431640625,0.0023086981639108073,1100.8357454279485,1065.9116673252117
100.mat,21,0.0,0.015650992337740383,0.002330412079602259,1087.8423691363462,1021.3248067334554
100.mat,22,0.0,0.01540509510216346,0.002374271013112917,1092.2402954251104,1039.02436925954
100.mat,23,2100.5859375,0.015249595512230305,0.002250191965813116,1107.8273140325543,1067.4429439973687
100.mat,24,2100.5859375,0.014899590849326348,0.0020635634666688846,1103.6215466681745,1038.8841991623037
100.mat,25,2100.5859375,0.015555085805732552,0.0020082915830542647,1115.7007068771027,1031.1070020693217
100.mat,26,2100.5859375,0.01552129919525786,0.002147829566845733,1108.140104110737,1025.5373021079417
100.mat,27,2100.5859375,0.015381003510160527,0.002359159726084813,1115.8229527613137,1090.256468173984
100.mat,28,2100.5859375,0.015135861888116461,0.0023478227397758632,1084.3505313525607,1039.5597287471617
100.mat,29,2100.5859375,0.015474588901944804,0.002244847529664714,1140.8863283589264,1093.5170976894433
100.mat,30,2100.5859375,0.014941996497864197,0.0022726727406524676,1103.1944117432547,1039.230936768006
100.mat,31,2100.5859375,0.015075059298176442,0.002256649719942656,1090.3386961313504,1027.6516259563373
100.mat,32,2100.5859375,0.014951501537294666,0.0022957264662977375,1102.3633373113817,1033.6595797404311
100.mat,33,2100.5859375,0.01524429204723951,0.0023138432495064796,1121.9933212015114,1057.7487105426387
100.mat,34,2100.5859375,0.015481725921629757,0.0022708344459050865,1101.4292156839183,1037.006693668409
100.mat,35,2100.5859375,0.015421288938974478,0.0022646522917790014,1116.4423653012548,1077.068981023205
100.mat,36,2100.5859375,0.015675735184680236,0.002289428658699153,1083.634576363222,1034.203229990984
100.mat,37,2100.5859375,0.015190039069974567,0.0022024755821103774,1097.6808093457003,1051.2185539742181
100.mat,38,2100.5859375,0.014922102075038236,0.0021884565691547096,1117.4099972232877,1060.3027607188853
100.mat,39,2100.5859375,0.014843467853243541,0.0023484484988866064,1112.0197795932918,1072.733882703119
100.mat,40,2100.5859375,0.015583520997290646,0.0024271491916143433,1091.98269526956,1047.6652087147959
100.mat,41,2100.5859375,0.01573754756836741,0.0023589739878915918,1114.656825106782,1086.3415918272012
100.mat,42,2100.5859375,0.01500315143070922,0.002239627726509697,1089.8863947115894,1043.1455160048756
100.mat,43,2100.5859375,0.015111914476744525,0.002208682993658392,1122.2692196001976,1054.6786182708913
100.mat,44,2100.5859375,0.015384568656431627,0.0021969527902599047,1094.1755564207872,1037.1209311647467
100.mat,45,2100.5859375,0.01531113948012778,0.0022780170830401353,1082.260152094906,1037.2533228377056
100.mat,46,2100.5859375,0.015279369003588504,0.002309385831692123,1088.1405721643823,1033.0249191391044
100.mat,47,2100.5859375,0.015082797801931986,0.002189701499266347,1125.5309757622415,1069.6829224618891
100.mat,48,2100.5859375,0.01545366588901103,0.0021841452842238846,1137.5518855482312,1101.1670963716763
100.mat,49,2100.5859375,0.01563270531943484,0.0022142601839640922,1127.0550162834797,1093.4797388083891
100.mat,50,2100.5859375,0.015489801941936087,0.0022242020122204176,1126.8203118486433,1095.0208905339284
100.mat,51,2100.5859375,0.015320973189469915,0.002246423048158534,1067.7145266718505,1014.6438797346825
100.mat,52,2100.5859375,0.015247215921725663,0.0022884680025055584,1167.0586898439337,1119.6054781815328
100.mat,53,2100.5859375,0.015378798961840651,0.0021656423396744094,1112.366382427803,1039.4550244060172
100.mat,54,2100.5859375,0.015076282798254296,0.0021229683719318853,1137.1262231774967,1099.8092339264576
100.mat,55,2100.5859375,0.0155075126082741,0.0021068817127340503,1100.4883556407792,1039.0142436531771
100.mat,56,2100.5859375,0.014883895422978117,0.00209550413109337,1117.0534313652242,1061.1831148226902
100.mat,57,2100.5859375,0.015158389274400228,0.002169527593645263,1109.09612432465,1059.6930604343863
100.mat,58,2100.5859375,0.015302570061371994,0.002255309751577425,1108.3903422350872,1080.14572472986
100.mat,59,2100.5859375,0.01482914536754192,0.002316576484844648,1095.8262330796188,1037.4169446280168
100.mat,60,2100.5859375,0.014704255950985717,0.0020805632384161693,1120.7181571395417,1054.3679235190737
100.mat,61,2100.5859375,0.015105385747166548,0.001978867164926469,1102.174427128137,1053.5650440896304
100.mat,62,2100.5859375,0.01518172683551333,0.00221821663582087,1065.6709063142164,1027.551053662565
100.mat,63,2100.5859375,0.01522045844612104,0.0023072737831367034,1096.888280730338,1065.55699985628
100.mat,64,2100.5859375,0.014790385989376287,0.0022762420791280643,1084.1162338434485,1040.133294365815
100.mat,65,2100.5859375,0.01529197800895601,0.002303167464197792,1092.8177286865564,1030.976075218091
100.mat,66,2100.5859375,0.015414236053894916,0.0021998984945291126,1144.6794859770523,1083.2454854741688
100.mat,67,2100.5859375,0.015055183791037126,0.0019813120821863413,1111.9027333097906,1041.7513994779804
100.mat,68,2100.5859375,0.01543644695977995,0.002007307242351903,1194.089380027008,1161.672742454469
100.mat,69,2100.5859375,0.015189806956521966,0.002090824161407604,1109.1821979495369,1051.593078904581
100.mat,70,2100.5859375,0.015137132443747231,0.002105354664910723,1110.1381020177957,1056.3518257156231
100.mat,71,2100.5859375,0.015425281563699841,0.0021376697350176162,1103.2782653502384,1041.4205099629885
100.mat,72,2100.5859375,0.015365235743708705,0.0021957303202033256,1113.6692120612227,1069.4407415758847
100.mat,73,2100.5859375,0.015329563311095253,0.0021386816742056747,1125.6003806763702,1078.5034400671627
100.mat,74,2100.5859375,0.015526987708054158,0.0022300221351276984,1114.962241381443,1082.8327340475093
100.mat,75,2100.5859375,0.015535377967073832,0.0023810075289709643,1087.1426774751828,1055.771554628349
100.mat,76,2100.5859375,0.015434514569404974,0.0023025887000759073,1114.0142475632117,1088.1174484235794
100.mat,77,2100.5859375,0.015557690741315706,0.0022206074311217567,1119.4078727025617,1077.499995221279
100.mat,78,2100.5859375,0.014947690878126406,0.00223054266292847,1182.3580105153094,1155.9381665258843
100.mat,79,2100.5859375,0.015324157687421729,0.0023009358760526836,1099.834101200755,1047.4833416089396
100.mat,80,2100.5859375,0.014928419116207582,0.0022181377204602585,1196.0543281521552,1159.7074524142195
100.mat,81,2100.5859375,0.014630250479768037,0.00223917803516272,1096.2246054706725,1050.2524921261033
100.mat,82,2100.5859375,0.015093652146085925,0.002273493658799974,1213.9868879758933,1198.7262316944834
100.mat,83,2100.5859375,0.015063997980599042,0.002182653105925476,1110.2193022270699,1040.6265143939843
100.mat,84,2100.5859375,0.015172094950589873,0.002080299569924619,1152.0816578198308,1105.3285362066863
100.mat,85,2100.5859375,0.014732262218887382,0.002145586905183094,1105.3846021388183,1035.7735580864291
100.mat,86,2100.5859375,0.015000683289610713,0.0022321521060532736,1091.295702517882,1043.592204989832
100.mat,87,2100.5859375,0.015108426154301887,0.002295335953226785,1074.5006574198583,1033.4728636249574
100.mat,88,2100.5859375,0.015001005981985631,0.0023688625111978404,1072.9128144489923,1030.4524107544325
100.mat,89,2100.5859375,0.015434201865387543,0.0022340378249125106,1137.0723179506624,1105.3961363391452
100.mat,90,2100.5859375,0.015221134648528253,0.0021556379361033747,1133.3271909667003,1085.0348662349074
100.mat,91,2100.5859375,0.01548077866310256,0.002100247199532696,1159.9774812719374,1133.2968026368208
100.mat,92,2100.5859375,0.015336142986196682,0.002165841997060405,1149.8798846756872,1109.208501363378
100.mat,93,2100.5859375,0.015128860561258993,0.0023469383724802066,1083.04340512723,1033.4748406733997
100.mat,94,2100.5859375,0.015064211896298358,0.0022623138633824625,1131.3032094595,1095.0023183033195
100.mat,95,2100.5859375,0.01526287964358912,0.0021938274693967647,1125.1162925760034,1065.3225512608105
100.mat,96,2100.5859375,0.014842595039333443,0.00217416019611893,1119.8934735182909,1061.9248290300857
100.mat,97,2100.5859375,0.015047287831278868,0.002112099629974067,1120.2392180951838,1047.5867236151487
100.mat,98,2100.5859375,0.01556187617595205,0.0021740416981462763,1099.7426266323143,1037.7978559374114
100.mat,99,2100.5859375,0.01502946963744878,0.002258611847361822,1104.623941490757,1056.4352488032735
100.mat,100,2100.5859375,0.0151190892412056,0.0022285637233575486,1110.8002197464423,1043.2115395158382
100.mat,101,2100.5859375,0.015079348044817531,0.002193316035468917,1100.367219107622,1042.02105392399
100.mat,102,0.0,0.015238141676682693,0.0022676280151743234,1092.1157759691807,1044.4207358241013
100.mat,103,0.0,0.015108317307692309,0.002241872512539729,1132.565135944074,1092.927507257282
100.mat,104,0.0,0.015563492037259614,0.0022294313450379783,1125.3917463827697,1086.9818396772682
100.mat,105,2100.5859375,0.015401937389846491,0.0023707991335391128,1139.8358910952338,1111.0697173428578
100.mat,106,2100.5859375,0.015409952535048156,0.0023223730313332437,1145.0435497542067,1117.047576229709
100.mat,107,2100.5859375,0.01502470104961192,0.002278935281307209,1084.6526641408864,1031.5613530292997
100.mat,108,2100.5859375,0.015028970135764208,0.0022998284932414467,1107.8995434466203,1073.08429402275
100.mat,109,2100.5859375,0.015145783025418753,0.002279662626511877,1108.1618852192883,1055.7795778870673
100.mat,110,2100.5859375,0.014814608884021996,0.002247583804207337,1103.4378961363889,1039.9679366374037
100.mat,111,2100.5859375,0.014414081142390905,0.0022416261734598377,1171.051507125609,1136.2800163156667
100.mat,112,2100.5859375,0.014852429480511794,0.002305447047371893,1111.8832608154198,1046.0893733331593
100.mat,113,2100.5859375,0.01504714063157138,0.002102535248695383,1137.9466636764132,1085.4206058505642
100.mat,114,2100.5859375,0.015191064682447629,0.0019838467246736857,1134.327670166286,1070.2947031217013
100.mat,115,2100.5859375,0.014976677547258456,0.002234270187985473,1096.0049295980295,1063.544487469619
100.mat,116,2100.5859375,0.015248429859185756,0.0022939425386231697,1114.3034372799666,1065.4289696341734
100.mat,117,2100.5859375,0.015084699419132616,0.0021958564807768354,1122.5724403705478,1056.0968467632176
100.mat,118,2100.5859375,0.015361063726282684,0.0021892805996345964,1122.1515206216122,1049.9738501904144
100.mat,119,2100.5859375,0.015423308420739633,0.0022808921567815652,1146.8620152842284,1106.3061685358034
100.mat,120,2100.5859375,0.014982337824302944,0.002285597028698334,1118.949133560119,1084.5164156538817
100.mat,121,2100.5859375,0.01554662697853218,0.0021738285921740178,1114.62952751371,1074.6848588080004
100.mat,122,2100.5859375,0.01559252686858748,0.0022233629631930965,1092.5305820956712,1045.357752252566
100.mat,123,2100.5859375,0.015558589491631046,0.002316297007310198,1100.730639196741,1057.666990905757
100.mat,124,2100.5859375,0.014897016757031811,0.002277710140118988,1104.6627447050607,1054.3749257716906
100.mat,125,2100.5859375,0.014915805161864217,0.0022579006110190975,1135.201530877463,1097.537090048354
100.mat,126,2100.5859375,0.015251649633363036,0.0022241077918992037,1095.2150618666801,1043.5966794082797
100.mat,127,2100.5859375,0.014638395291185158,0.00224050415452408,1093.7023486845296,1036.5602796055398
100.mat,128,2100.5859375,0.015183298481894484,0.0023249930199354006,1096.4037250965641,1059.8976501043308
100.mat,129,2100.5859375,0.015468549509513946,0.002478923574367912,1075.5393129151323,1059.604754161069
100.mat,130,2100.5859375,0.015187225565956874,0.002305738546119345,1108.9595012645696,1067.3912099146887
100.mat,131,2100.5859375,0.014946460742120292,0.0021698241512415136,1103.9656704186652,1053.093013477102
100.mat,132,2100.5859375,0.014931733182676356,0.0022336483463432054,1111.4999681587951,1057.6650453086138
100.mat,133,2100.5859375,0.014915481710817129,0.0022477374635058492,1173.3772163649667,1159.190269623831
100.mat,134,2100.5859375,0.015055449433056962,0.002300101219108106,1119.1060693090205,1070.6502061871638
100.mat,135,2100.5859375,0.014794146745026156,0.002244849123765805,1176.7896451629076,1140.50667734624
100.mat,136,2100.5859375,0.015009737749186347,0.0022674420996515263,1128.5157077553772,1061.1550272541122
100.mat,137,2100.5859375,0.015464681089661982,0.0023057822589247967,1102.9139188964898,1066.8659278757416
100.mat,138,90.8203125,0.014776620028155765,0.0023087536469814907,1098.4863964581261,1054.4468298682746
100.mat,139,2100.5859375,0.015131723289339373,0.002174672790879633,1109.4927505389714,1070.569864184419
100.mat,140,2100.5859375,0.015253268245434852,0.002047999711663502,1097.9215780640134,1053.9780477223771
100.mat,141,2100.5859375,0.015187172977281086,0.0021289469087601974,1099.9879469875327,1045.3225617183741
100.mat,142,2100.5859375,0.015552618182503596,0.002265639911860638,1114.2286773095452,1094.4923657080894
100.mat,143,2100.5859375,0.015468668139924665,0.002265690249089577,1088.0025023074577,1043.374585521647
100.mat,144,2100.5859375,0.015085020192715617,0.0020552250557662405,1123.9210115268286,1087.9660706367424
100.mat,145,2100.5859375,0.01495223116332164,0.001983795370146617,1130.7099602743187,1066.9792323617723
100.mat,146,2100.5859375,0.015307965439219081,0.002128053357288707,1103.1657173558092,1054.946209964338
100.mat,147,2100.5859375,0.01512544749465564,0.0022572820705302806,1101.519891677198,1043.7619638746407
100.mat,148,2100.5859375,0.015174701485903722,0.0022850963493951664,1127.8469310720511,1086.6870966148801
100.mat,149,2100.5859375,0.015151863566609847,0.002239583159953683,1095.7607983211412,1038.6321490738965
100.mat,150,2100.5859375,0.014857681945714836,0.0022295438254314143,1139.5081132163032,1112.4169056486855
100.mat,151,2100.5859375,0.015151896720139217,0.0023511710645593292,1073.4637040990465,1031.1177269240252
100.mat,152,2100.5859375,0.015453603523198708,0.002412488756906148,1110.736534555137,1083.6437791817327
100.mat,153,2100.5859375,0.015111542968868701,0.002343764069144483,1097.9197883670747,1033.5872603637413
100.mat,154,2100.5859375,0.014675428380085322,0.0022785710999805838,1111.9697373160973,1048.3595786214294
100.mat,155,2100.5859375,0.015157702942013953,0.0022392597803880445,1101.483296066979,1039.1980602102342
100.mat,156,2100.5859375,0.01529150395022915,0.002214775193419726,1098.1531776076736,1033.7516132994272
100.mat,157,2100.5859375,0.01540642884899493,0.0021337604952507373,1105.064423399136,1030.1599781656312
100.mat,158,2100.5859375,0.014983873995770877,0.002229631672728268,1095.1740216734988,1042.573033681423
100.mat,159,2100.5859375,0.015290851164252002,0.0024288503318395517,1067.9007100191932,1019.5999397351444
100.mat,160,2100.5859375,0.015417004182415192,0.0023915737767488915,1076.4853244282253,1023.6559765735841
100.mat,161,2100.5859375,0.015559514114154198,0.002209728131941336,1107.6981545839083,1078.058569612931
100.mat,162,2100.5859375,0.015184181523229472,0.0022280693195904037,1100.2359368342802,1068.0270672081035
100.mat,163,2100.5859375,0.015536763643525655,0.0023121328238894993,1094.0312486382657,1067.6637606698248
100.mat,164,2100.5859375,0.014996225435393954,0.0023319424604361554,1168.3953592058656,1151.330137283102
100.mat,165,2100.5859375,0.015389621137647014,0.0023440441573234364,1099.3166878000486,1046.505292339184
100.mat,166,2100.5859375,0.015581215050873662,0.0022863748976599024,1180.39770383472,1155.9930397381645
100.mat,167,2100.5859375,0.01547901224763138,0.002167733225325798,1101.7278485084364,1070.079387020224
100.mat,168,2100.5859375,0.015089865848754453,0.002116298305090774,1134.0277102771095,1084.471658624984
100.mat,169,2100.5859375,0.015235310399268316,0.0022568540631111556,1097.1047383899602,1050.6214626062726
100.mat,170,2100.5859375,0.01524188762594855,0.002248670337220142,1105.9665807265453,1053.922821920846
100.mat,171,2100.5859375,0.01563374200482154,0.002232953880826957,1106.6382889009697,1045.249230852979
100.mat,172,2100.5859375,0.015353611416355167,0.0023341474924726494,1075.318982003921,1024.860489378257
100.mat,173,2100.5859375,0.01449456863840538,0.0023155772199210814,1089.196265730545,1047.534972015795
100.mat,174,2100.5859375,0.015090479328212968,0.0022889616959557014,1102.3663697072534,1051.029311571382
100.mat,175,2100.5859375,0.015130269770656086,0.002245963635783212,1132.6052980898608,1109.7434109895883
100.mat,176,2100.5859375,0.014991562257676339,0.002209350497818359,1119.707047116148,1082.026762628075
100.mat,177,2100.5859375,0.015180945697810299,0.0022083538096612943,1112.3680360773885,1080.2009365766894
100.mat,178,2100.5859375,0.01501848580604578,0.002226680573578742,1125.194537992021,1063.747004442973
100.mat,179,2100.5859375,0.015103506744875808,0.0022193996087745754,1114.9578741719752,1075.845910354876
100.mat,180,2100.5859375,0.015150291796496369,0.002150170056691789,1102.0168089684262,1038.3940219091953
100.mat,181,2100.5859375,0.015117307087947956,0.002169745126755807,1110.5962071765373,1088.1836560041788
100.mat,182,2100.5859375,0.015025652206372758,0.00235693981865948,1098.9692551266485,1072.1753338855615
100.mat,183,2100.5859375,0.015225979092934418,0.002439140401319502,1068.800594205882,1006.5285355137746
100.mat,184,2100.5859375,0.015421986602458927,0.002274715419377419,1081.8202819719868,1024.8284554346403
100.mat,185,2100.5859375,0.015166480916570786,0.0021326344021730835,1150.0210255421418,1110.166846022987
100.mat,186,2100.5859375,0.015084186327730039,0.0022581225554003264,1106.7666397107314,1063.9921615748492
100.mat,187,2100.5859375,0.014970978109765198,0.0023153924174597277,1159.844531798837,1147.3449046718686
100.mat,188,2100.5859375,0.014886027549388423,0.002236655038103553,1119.2878216015977,1060.4971254663794
100.mat,189,2100.5859375,0.014894260844699147,0.002280895797175334,1112.2495844836658,1076.2206067913648
100.mat,190,2100.5859375,0.015419425662103086,0.0023010953839535707,1110.9359318046804,1056.7827747593647
100.mat,191,2100.5859375,0.015085526053505991,0.002133482184071805,1107.9330625175041,1056.370110830284
100.mat,192,2100.5859375,0.015268515300419238,0.0021886409259224875,1091.9485171460005,1048.591361756153
100.mat,193,2100.5859375,0.015199700774340724,0.0022635668005388724,1093.200473132756,1044.931325991561
100.mat,194,2100.5859375,0.014967327371040631,0.002252663258949322,1086.591473207466,1044.8769178072025
100.mat,195,2100.5859375,0.015456691538785643,0.0023468650788285167,1080.6021772471393,1045.9310497258475
100.mat,196,2100.5859375,0.014843025164369587,0.0022804300231737628,1090.1432486182566,1038.9780907933111
100.mat,197,2100.5859375,0.01496611369713603,0.0021538596333387458,1099.9427474258034,1033.5350282881254
100.mat,198,2100.5859375,0.014801107269238795,0.002187833030405541,1111.2088531360614,1050.7322021741293
100.mat,199,2100.5859375,0.01465410002141422,0.0023131571226151894,1119.252614801324,1058.7950433181743
100.mat,200,2100.5859375,0.014810271684950312,0.002442843554749027,1084.0163430071434,1025.3810152726737
100.mat,201,2100.5859375,0.01488512866828412,0.00237979700639765,1078.6314755319477,1027.4307592152636
100.mat,202,2100.5859375,0.015401934083791077,0.0022361251045252876,1088.2556171338545,1027.507847786144
100.mat,203,2100.5859375,0.015146933059843649,0.0022256200145305094,1114.5797935101443,1077.0820743227293
100.mat,204,2100.5859375,0.015190862282288798,0.002204937740178079,1111.753377462527,1054.5638276142804
100.mat,205,2100.5859375,0.015002203715526897,0.0022518592081646224,1170.850925973925,1152.3620038835963
100.mat,206,0.0,0.016906046123798077,0.0024720501938846236,1087.8237699654994,1058.4294211407505
100.mat,207,0.0,0.017593824969951922,0.002486063090470541,1125.4837297225638,1099.179582636067
100.mat,208,0.0,0.016892396484374995,0.0024027556902381174,1064.176366924858,1040.457276775232
100.mat,209,0.0,0.016761349759615383,0.002404807188316393,1087.95449274124,1080.0310944972746
100.mat,210,0.0,0.015169587890624999,0.002224132938691508,1100.6614556815389,1065.8950328582014
100.mat,211,2100.5859375,0.015256303610240787,0.0021511280213154845,1156.8113877239766,1091.1958204170296
100.mat,212,2100.5859375,0.015058655867729554,0.0022748614215640137,1090.4374021209358,1045.0174164794482
100.mat,213,2100.5859375,0.015220583772616099,0.0023851829902969586,1093.6285796234024,1064.263236582718
100.mat,214,2100.5859375,0.015428798555434713,0.00217053866537338,1127.1405405316245,1085.0187163633725
100.mat,215,2100.5859375,0.014973612684410888,0.00197425727654251,1129.7958786553174,1063.594968378258
100.mat,216,2100.5859375,0.015205503116312795,0.0021810799956441403,1138.5561062441304,1106.065087865335
100.mat,217,2100.5859375,0.015332973058772495,0.0023597397374747835,1080.1478898995724,1047.1678878542834
100.mat,218,2100.5859375,0.015116994511112349,0.002245244787905444,1124.2570694966425,1089.226583158291
100.mat,219,2100.5859375,0.015032254498939893,0.0021845530788676387,1104.2655646388343,1056.690444769237
100.mat,220,2100.5859375,0.014841745273515396,0.0022220465601571287,1151.0961853150218,1115.8013949241965
100.mat,221,2100.5859375,0.015148357168518195,0.0021481319744736625,1123.1448158269773,1072.7343143824173
100.mat,222,2100.5859375,0.015045854433594871,0.0022255052125569655,1126.3303501562607,1090.9997715380327
100.mat,223,2100.5859375,0.015093038036514616,0.002383332836480778,1126.9958782589433,1090.782265203953
100.mat,224,2100.5859375,0.01519808809473284,0.0023393314612997363,1099.568764805823,1028.6029779676505
100.mat,225,2100.5859375,0.015006436189447608,0.0022953152973181332,1135.3228061888076,1111.8847147085046
100.mat,226,2100.5859375,0.014939991253722432,0.0024568139399535212,1080.413774943085,1027.7635571554408
100.mat,227,2100.5859375,0.014473951584654489,0.002342671110085618,1114.6011688599626,1053.5135702944874
100.mat,228,2100.5859375,0.015074829987173894,0.002062056925471142,1169.135593215272,1127.355115324556
100.mat,229,2100.5859375,0.015233241000698882,0.002212349506539592,1086.4778218246665,1033.3481482073428
100.mat,230,2100.5859375,0.015083540667142566,0.0025136637118337106,1077.3245227381765,1061.8153228029914
100.mat,231,2100.5859375,0.015307353924069156,0.0024113051994400637,1073.0441538937685,1027.3121751110427
100.mat,232,2100.5859375,0.015163681948186826,0.002122715372324981,1122.2826714900882,1051.164806083058
100.mat,233,2100.5859375,0.015528887522926027,0.0022098481471725232,1108.20514344871,1059.7576112047116
100.mat,234,0.0,0.01525224969951923,0.0023657394376091993,1082.9817508157048,1040.3370382147687
100.mat,235,0.0,0.01564564453125,0.0023719276862556316,1102.8717840681866,1052.930486176532
105.mat,0,3585.9375,0.048017136638379844,0.04100738205214594,2702.8609684192334,1174.938171210415
105.mat,1,3585.9375,0.05321308132433235,0.04123527001513745,2697.257753781772,1189.3894520386943
105.mat,2,3585.9375,0.04935617208852778,0.042341351323039525,2710.742985041806,1188.2237929319547
105.mat,3,3585.9375,0.04583106571939779,0.04262324837007586,2714.3798315695085,1177.6390358252136
105.mat,4,3585.9375,0.051606055578030004,0.04208603647331682,2714.5174194286787,1189.6877987899647
105.mat,5,3585.9375,0.06443347093992463,0.041459852453516244,2692.2133484663905,1184.4761793970586
105.mat,6,3585.9375,0.06608503848801038,0.04187975351567266,2686.2139821665573,1187.1108537999778
105.mat,7,3585.9375,0.06555400060442479,0.04216080012635365,2678.1476280689058,1202.3409731430531
105.mat,8,3585.9375,0.06430767253148087,0.04270427038380198,2686.974801683358,1193.3880466463127
105.mat,9,3585.9375,0.05891430176389825,0.042365501266878804,2694.00715231419,1208.7403045101212
105.mat,10,3585.9375,0.07517299685243632,0.042034433492512735,2650.4791771952773,1202.4360327286367
105.mat,11,3585.9375,0.065297638435035,0.04339041462799448,2660.5590262457945,1200.2466205777155
105.mat,12,3585.9375,0.05545066509228353,0.0434165573654194,2657.9017914445503,1189.5797767042786
105.mat,13,3585.9375,0.06319680189527149,0.043494156617214105,2664.9281737609967,1185.58919930447
105.mat,14,3585.9375,0.061558537627449506,0.043934428060099215,2687.2408094440157,1189.7005641831909
105.mat,15,3585.9375,0.06261026850037098,0.04351828707704807,2704.4222523740114,1173.2190341585735
105.mat,16,3585.9375,0.04845986766836505,0.04312101824118182,2692.967069025754,1172.311784433306
105.mat,17,2616.2109375,0.0403884914963899,0.04261696005246356,2707.4106356703332,1160.3570523754672
105.mat,18,2616.2109375,0.03817995908934862,0.04239682550771026,2732.095027192123,1164.3331749836045
105.mat,19,3585.9375,0.051204722555606236,0.042934143364849284,2718.8116522243586,1191.4258706913524
105.mat,20,3585.9375,0.05843594622344989,0.04250566347371505,2717.456123329102,1182.6862171411296
105.mat,21,3585.9375,0.05892492837327699,0.042368349518106294,2685.606088746671,1187.0641574303074
105.mat,22,3585.9375,0.061324524442848964,0.043212232211799755,2673.8364938331897,1193.598550843061
105.mat,23,3585.9375,0.05568242385836082,0.0427298618937003,2696.881715064178,1176.8183681689534
105.mat,24,3585.9375,0.049536701753178355,0.04277078639676963,2725.6852190399977,1184.9992676222503
105.mat,25,3585.9375,0.058227425921838334,0.042824084390201814,2721.335150113664,1175.2303208517033
105.mat,26,3585.9375,0.05604856005092447,0.04193184373592852,2722.657470980303,1209.9795372213164
105.mat,27,3585.9375,0.053335222785347615,0.04156159496251173,2714.622638259244,1183.7974525675963
105.mat,28,3585.9375,0.041428774194744826,0.04197082527922872,2727.2319828800496,1172.0076338173317
105.mat,29,3606.4453125,0.03662410162273719,0.0422110923520993,2730.1205521324405,1189.4462068762446
105.mat,30,3585.9375,0.037642925769948196,0.042034846930761066,2708.4068138077414,1154.8344656600414
105.mat,31,2616.2109375,0.03866345948437902,0.042409696563035414,2734.716157810176,1192.0202057582032
105.mat,32,3585.9375,0.04297329791378828,0.0421446284088067,2703.207691584609,1160.3450299042245
105.mat,33,3585.9375,0.04543791910627156,0.04217091627432885,2713.958251286941,1166.3787292291022
105.mat,34,3585.9375,0.04671209694189179,0.04270212964067994,2705.3541070483866,1171.6055775711675
105.mat,35,3585.9375,0.05827724318688794,0.042835599169470356,2697.002395963109,1176.7257790699357
105.mat,36,3585.9375,0.06421181599276689,0.04396530347509825,2676.2540190451923,1188.4093019700565
105.mat,37,3585.9375,0.06755771721668524,0.04378353508370287,2664.040119162943,1188.8159712298554
105.mat,38,3585.9375,0.05976286591975799,0.04265172616034668,2675.5175857088852,1199.820026984859
105.mat,39,2879.8828125,0.05196115157018192,0.04267441969432288,2711.120188410502,1175.5604704165523
105.mat,40,3585.9375,0.05293309435294338,0.04303616298699135,2716.4737279033507,1170.5917248003348
105.mat,41,3585.9375,0.05082155811500014,0.04296522691780001,2716.642349877108,1160.1568017432323
105.mat,42,2616.2109375,0.04943624853490379,0.04211867322161277,2703.087989280633,1169.847330175272
105.mat,43,3585.9375,0.05910438475645397,0.04279655961163413,2690.1764538925827,1186.6587206562754
105.mat,44,3585.9375,0.04823487910280501,0.04264278607092352,2733.7603143114384,1178.0248870611172
105.mat,45,3585.9375,0.0451356876653629,0.042395928092634476,2731.874054550922,1166.7908519109096
105.mat,46,3585.9375,0.04228423834285044,0.043302304480444004,2733.591304325595,1166.006102791114
105.mat,47,3585.9375,0.04422893205739501,0.042509353927544506,2714.5796067143665,1169.9762099997483
105.mat,48,2616.2109375,0.03834645509120194,0.042451161930925393,2723.50318282268,1167.2748807035553
105.mat,49,3606.4453125,0.04051025267457644,0.04212875248173438,2726.5517030267047,1154.7817162529598
105.mat,50,3606.4453125,0.03784716209505415,0.04100829381955892,2706.8248356183617,1154.171124057646
105.mat,51,2616.2109375,0.04111668102824919,0.041814788542992795,2714.5838703812506,1158.0428618949788
105.mat,52,2616.2109375,0.045893159712322794,0.04256381912938276,2713.326129958391,1172.560436940994
105.mat,53,3585.9375,0.047914029649993486,0.04353707483243928,2708.023551198024,1171.0767241340043
105.mat,54,2616.2109375,0.043540926661029725,0.04359625277458617,2727.381691413327,1165.7685174983928
105.mat,55,2616.2109375,0.04096550584304207,0.04219752618678111,2718.934248561941,1167.0037185714395
105.mat,56,3606.4453125,0.038581935689660826,0.042637864830217365,2709.5293013391206,1152.4039231126662
105.mat,57,3606.4453125,0.0410162897005681,0.042969005385580725,2720.77544607294,1152.342345497857
106.mat,0,3539.0625,0.0636232507208621,0.04309877892948551,2726.463419061764,1161.952346136167
106.mat,1,3539.0625,0.06300637926564609,0.04330584255860251,2720.6684522100422,1163.3409387632535
106.mat,2,3539.0625,0.0582226491437018,0.04336632150617924,2720.421582557747,1156.3334295834773
106.mat,3,3539.0625,0.05669547991327127,0.04284269902528105,2735.475476810239,1155.758650246053
106.mat,4,3539.0625,0.059489130546046744,0.04231651300368189,2697.753031878888,1171.7913602008837
106.mat,5,3539.0625,0.06495919109291415,0.0422718437648696,2686.6980292393678,1168.8584978063507
106.mat,6,3539.0625,0.06922542914325107,0.04213040469611002,2672.64418442947,1182.3155428793139
106.mat,7,3539.0625,0.06711118770315538,0.041944060255062775,2691.629925100145,1180.8920441080775
106.mat,8,3539.0625,0.06369630747860529,0.04188437616705339,2705.91044371651,1161.6766305899816
106.mat,9,3539.0625,0.062041422939861174,0.04193587540991635,2701.530329712259,1171.3173622011295
106.mat,10,3539.0625,0.06450608089174832,0.04185878078888114,2699.181868028806,1174.3159676198427
106.mat,11,3539.0625,0.061492685467918834,0.0422618345039502,2712.149165258071,1156.710704764632
106.mat,12,3539.0625,0.05328499844259946,0.04319058588476443,2740.0880620339276,1155.438882186813
106.mat,13,3539.0625,0.052397548928570827,0.04300886044148837,2727.7236049266535,1150.903303634329
106.mat,14,3539.0625,0.05782771593294667,0.04273555799485172,2720.2763875857304,1155.3564687534638
106.mat,15,3539.0625,0.053866950832466155,0.042925773108503706,2733.5083976041924,1146.7765901210828
106.mat,16,3539.0625,0.05488248157619912,0.04257999653703877,2729.8087437853865,1159.0030694299128
106.mat,17,3539.0625,0.063418520831519,0.04215437454712984,2710.648511634661,1173.3355760208108
106.mat,18,3539.0625,0.06697704667001725,0.04361983804231881,2727.9652820047772,1163.2479999194093
106.mat,19,3539.0625,0.061419471600167155,0.043465875570293175,2733.230793616479,1153.4439673534782
106.mat,20,3539.0625,0.05745017021582101,0.042330095794196235,2733.9915797994468,1159.4953680301053
106.mat,21,3539.0625,0.05789741416615461,0.04195307326713913,2733.0177272068227,1167.4318358936498
106.mat,22,3539.0625,0.06050006610388486,0.0411009963280098,2727.09151571154,1169.2254901615936
106.mat,23,3539.0625,0.057710638162285326,0.04228562749723098,2738.1911528583964,1169.2327212256996
106.mat,24,3539.0625,0.05065782483930341,0.04365330287830683,2719.8656917851354,1155.9933754167507
106.mat,25,3539.0625,0.053497954059745084,0.04303600324278095,2723.5707941417913,1148.0167369892565
106.mat,26,3539.0625,0.06178870675500391,0.042678715521788486,2736.8004143056696,1177.3004162731647
106.mat,27,3539.0625,0.05822057560977084,0.043303759625335496,2726.7854845089128,1162.9268597413973
106.mat,28,3539.0625,0.04894219655962374,0.04303761062552483,2735.865293959688,1167.7404767971504
106.mat,29,3539.0625,0.04803905243489516,0.04338687125859128,2726.791415960199,1160.6153863509387
106.mat,30,2841.796875,0.04625212264028663,0.043726090712961685,2709.050978413612,1156.6853087818563
106.mat,31,3539.0625,0.04802842624781551,0.04442999461365624,2740.4853079360078,1158.432685151539
106.mat,32,3539.0625,0.05366451876696108,0.04458549859922269,2712.576641129103,1161.2244523291379
106.mat,33,3539.0625,0.05236231134781778,0.04396977268086906,2738.4321185635013,1154.6520852643298
106.mat,34,3539.0625,0.05663674432893152,0.04286757073184144,2727.3224413103367,1155.2847253571197
106.mat,35,3539.0625,0.05975000161477029,0.04241957902021834,2708.552672042048,1164.1592475555371
106.mat,36,3539.0625,0.06463453336934386,0.04292706756714393,2695.5681072758002,1169.7886616987932
106.mat,37,3539.0625,0.06071364389142286,0.043217018700290516,2741.2935803362943,1161.1935111593539
106.mat,38,3539.0625,0.05736669025356318,0.04294223848277136,2731.393973479499,1158.740461529104
106.mat,39,3539.0625,0.05820948857109076,0.042152292766392596,2720.1835907322215,1167.1398413843501
106.mat,40,3539.0625,0.06140452712601251,0.04255859145331027,2714.6543817855286,1162.1611690710847
106.mat,41,3539.0625,0.06475654039616384,0.04263645519395967,2713.6057514853883,1164.1856005703257
106.mat,42,3539.0625,0.06719470399488407,0.04253070849351421,2713.6330186682108,1168.3659291768377
106.mat,43,3539.0625,0.059928330089981614,0.04208958549611015,2720.789742815489,1163.1945003896562
106.mat,44,3539.0625,0.058381489967815434,0.042755739668508944,2712.8906215394427,1158.6783926086632
106.mat,45,3539.0625,0.05701626184736837,0.0437580548848403,2728.7276135351103,1164.7213534858436
106.mat,46,3539.0625,0.04825302506742618,0.04283169439448717,2725.092915684035,1155.5041456972517
106.mat,47,3539.0625,0.05616596117116912,0.04265792949094413,2723.0808317911687,1160.550622206387
106.mat,48,3539.0625,0.06542434565353177,0.042456354118708864,2692.1483499158503,1166.02229306007
106.mat,49,3539.0625,0.06427950195220103,0.04297665320328043,2704.1412414895503,1160.528850715704
106.mat,50,3539.0625,0.05983425271703716,0.04325306952291456,2720.4020997573375,1165.1503768562625
106.mat,51,3539.0625,0.05568822212785533,0.04299738254192379,2729.371075782329,1166.5934507750192
106.mat,52,3539.0625,0.044361644537310986,0.043763370356285275,2756.834151833548,1159.9215020637353
106.mat,53,2841.796875,0.04346496249808402,0.044493389342277076,2736.3596816482614,1142.964222292579
106.mat,54,3539.0625,0.05324472149312438,0.043962852482206494,2748.708141442775,1159.144804633718
106.mat,55,3539.0625,0.057605080459080686,0.0433762352654854,2730.9562014893063,1157.5322007643108
106.mat,56,3539.0625,0.06177679531260656,0.043260262384012926,2717.8626112740294,1158.0940032285546
106.mat,57,3539.0625,0.06758463165263758,0.0430937477955937,2748.26275121085,1204.9737736181348
107.mat,0,2862.3046875,0.06432192215185863,0.0453747332625035,2720.436675874778,1165.2641116056
107.mat,1,2862.3046875,0.0610391068089886,0.04534131128794245,2740.0696110002336,1156.4028973075433
107.mat,2,2862.3046875,0.05849339305135799,0.04479132252245571,2720.8699338439046,1140.2735936479594
107.mat,3,2862.3046875,0.062254026078708884,0.04373808423341347,2720.0120597865307,1148.6227026779122
107.mat,4,2862.3046875,0.06253167731685376,0.04350676031359776,2716.9305115637007,1147.4124469433093
107.mat,5,2862.3046875,0.05833564522189645,0.04390216884774076,2707.8256170393397,1148.4979716630069
107.mat,6,2862.3046875,0.059621784794753205,0.043772747550197735,2720.323260341609,1164.509776845219
107.mat,7,2862.3046875,0.05800646766995568,0.04405951278807585,2730.449342232382,1161.6276915449396
107.mat,8,2862.3046875,0.0610707546701639,0.04406846105284941,2705.731451678678,1158.319481026811
107.mat,9,2862.3046875,0.06306038157358014,0.043078696554647675,2710.9438485051305,1196.6053577788052
107.mat,10,2862.3046875,0.0644508900765239,0.04282052776465156,2679.441077175104,1168.1307819126673
107.mat,11,2862.3046875,0.06210500207046898,0.044404436204904564,2738.644486297579,1149.1776507179547
107.mat,12,2862.3046875,0.05638493327224352,0.04631007600296199,2751.0835667993083,1132.9794356279983
107.mat,13,2862.3046875,0.05456846310324858,0.047240277750767404,2753.07392385537,1134.1150728010869
107.mat,14,2862.3046875,0.056152166849481586,0.04579962888432014,2734.630835870554,1137.7932329779012
107.mat,15,2862.3046875,0.05960055364262623,0.043977695852765376,2712.950071172042,1168.8048542242839
107.mat,16,2862.3046875,0.059032701344770046,0.04327708057007854,2684.654357232069,1162.2921305462185
107.mat,17,2862.3046875,0.05895252991855446,0.043742871823015284,2701.40663142117,1153.2042360288533
107.mat,18,2862.3046875,0.06036119176198063,0.044140156063081346,2692.0151846535987,1161.8464966128317
107.mat,19,2862.3046875,0.062444229191415,0.04373348818673749,2687.604605964128,1152.2925426420995
107.mat,20,2862.3046875,0.061743683605195776,0.04426576518656011,2735.3690240889596,1153.3580418083602
107.mat,21,2862.3046875,0.06171550559941082,0.0441534447632151,2725.978977918458,1185.8640920357802
107.mat,22,2862.3046875,0.06431620369556451,0.04395257559193762,2704.871522091961,1173.6594187711394
107.mat,23,2862.3046875,0.062306834533974106,0.04423192115462814,2731.5356739016834,1179.0254015153437
107.mat,24,2862.3046875,0.05416489494224538,0.04548143054255625,2734.063962901857,1145.4062321419888
107.mat,25,2862.3046875,0.05229875516337716,0.046324472518118116,2747.3377886501617,1126.9787340550845
107.mat,26,2862.3046875,0.052832808652840756,0.0470506097420329,2751.4910523515277,1125.246813976591
107.mat,27,2862.3046875,0.05467339987074058,0.04683618048762135,2760.0291452088427,1151.0235178207188
107.mat,28,2862.3046875,0.055383646893194784,0.046395316724354305,2738.369056190256,1142.2817978136247
107.mat,29,2862.3046875,0.05818708616119907,0.04561030747327843,2732.622189018903,1147.0443647758868
107.mat,30,2862.3046875,0.06298430047369433,0.044163277101270854,2698.8930535906,1174.573085912927
107.mat,31,2862.3046875,0.06268729969401671,0.04491561964752408,2696.6896316370753,1163.720279923991
107.mat,32,2862.3046875,0.057798134254398774,0.04433857117364104,2703.399098146411,1156.3420010384223
107.mat,33,2862.3046875,0.05737333605139294,0.043966847713542506,2691.459023566944,1165.6272487474207
107.mat,34,2862.3046875,0.05774960454968226,0.04515851588540748,2693.6830985732713,1156.8486914359287
107.mat,35,2862.3046875,0.06041639392908405,0.045046530563970455,2704.819760225359,1151.706372401001
107.mat,36,2862.3046875,0.05609801053376038,0.045478416280882034,2724.38692618002,1150.4702002961128
107.mat,37,2862.3046875,0.05942780165583558,0.045817713607131993,2733.3846946067947,1150.2014922743633
107.mat,38,2862.3046875,0.060060366026658076,0.04497221347987608,2735.847731004014,1146.5734701296883
107.mat,39,2862.3046875,0.06167501263529142,0.04433095894097838,2727.9362462072113,1143.3162439208484
107.mat,40,2862.3046875,0.061614266338629875,0.04399460114500532,2694.4359414425357,1160.5193389953909
107.mat,41,2862.3046875,0.06148105332480427,0.044964886578471544,2715.000178021561,1171.9345137457701
107.mat,42,2862.3046875,0.05745651505654486,0.04524216643677338,2728.4302312714567,1140.3569995406233
107.mat,43,2862.3046875,0.05636382665483315,0.04391433106253354,2730.391314769706,1155.8077486610723
107.mat,44,2862.3046875,0.05571558728565866,0.04415629686250761,2713.904264475404,1151.6388081126186
107.mat,45,2862.3046875,0.0560515734807374,0.04560496510604317,2733.9023998681287,1131.8077292307485
107.mat,46,2862.3046875,0.05828204719908722,0.046197754274310915,2739.917177133785,1127.6573651257386
107.mat,47,2862.3046875,0.060131169098155406,0.04602810633786732,2739.1361022654273,1138.6730501641975
107.mat,48,2862.3046875,0.060218314353709765,0.04572229614754235,2718.883171813155,1146.0728398135661
107.mat,49,2862.3046875,0.0573088824885459,0.045867497928514946,2728.0811886659217,1151.6963191913333
107.mat,50,2862.3046875,0.057716784684731216,0.045433586350812634,2714.4906292848755,1147.961637768463
107.mat,51,2862.3046875,0.060226248931545906,0.0454309818670461,2715.3916687093974,1157.3235938706696
107.mat,52,2862.3046875,0.06059387112369824,0.04569209524178758,2742.680289524276,1152.811034847808
107.mat,53,2862.3046875,0.05813186937559493,0.04559196840828056,2727.182262665879,1152.8568304439043
107.mat,54,2862.3046875,0.059715468052019036,0.04497033005825574,2726.685509565183,1151.9756624222732
107.mat,55,2862.3046875,0.06130599150943076,0.04486472878931501,2730.6843009592462,1160.2666597397824
107.mat,56,2862.3046875,0.0641612045974856,0.04474018278227862,2734.091233506695,1160.5829932205393
107.mat,57,2862.3046875,0.06190577416388333,0.04411713344671006,2741.5042082993837,1153.4248557893989
108.mat,0,3609.375,0.059127314433201836,0.05199358240673029,2730.1039263754865,1135.6535512368528
108.mat,1,3550.78125,0.047342903703841616,0.050125790532039596,2746.9696959939743,1161.4117734160352
108.mat,2,3591.796875,0.050407850865973235,0.04784206704408313,2740.0520020013328,1150.7876578555538
108.mat,3,3591.796875,0.05891730355098214,0.04716441414822517,2712.7056736019103,1176.2838806680913
108.mat,4,3591.796875,0.06017191023387987,0.04686506470258767,2717.07704013667,1187.9497212783206
108.mat,5,3591.796875,0.05851710198641746,0.04605933441036723,2702.0431986597478,1165.0876415684927
108.mat,6,3591.796875,0.060704909829026384,0.04607097674422728,2686.6149331822176,1183.863810522212
108.mat,7,3591.796875,0.06255340447303073,0.04683270407983535,2724.3131205543996,1161.8064502222765
108.mat,8,3591.796875,0.05703887007364409,0.046894351533548644,2719.383178752864,1164.9500628907758
108.mat,9,2507.8125,0.052737513115243564,0.047379214978863965,2717.5577996303723,1158.1913615425226
108.mat,10,3591.796875,0.05167002320193611,0.046947448290014335,2721.969198535679,1150.9800866674102
108.mat,11,3591.796875,0.05740442633295535,0.04725549029736896,2713.522305163646,1171.2405917580118
108.mat,12,3591.796875,0.05150136331740808,0.04938289053810843,2740.711640218383,1140.7016517516497
108.mat,13,3591.796875,0.04840889482762098,0.05013848290322355,2737.061435209408,1142.1648364234793
108.mat,14,2507.8125,0.046343917954243176,0.05052438667378374,2752.894697788818,1133.1671101251777
108.mat,15,3574.21875,0.04626320448447357,0.05007716252642065,2755.397099521932,1148.5130925513922
108.mat,16,3574.21875,0.05100339008472574,0.04975484634652447,2755.597885301011,1133.168017013954
108.mat,17,3574.21875,0.05381011760447614,0.05039094139315845,2759.617654807001,1164.6440559881567
108.mat,18,2507.8125,0.04886965260892023,0.050759651140129966,2742.8684013012326,1143.08173795493
108.mat,19,3591.796875,0.04912318364681581,0.04905360369821075,2717.5751849324906,1153.246305800475
108.mat,20,3688.4765625,0.044178257028138615,0.04807828885528083,2725.9919362333803,1156.71422823987
108.mat,21,2507.8125,0.04652438652423772,0.04859781976457835,2737.168112181298,1148.2839062334924
108.mat,22,3591.796875,0.05219202183681825,0.04786698197016788,2734.6482218822084,1163.1517129256993
108.mat,23,3591.796875,0.05498813170396445,0.04860014825287751,2726.7888549190407,1145.773777908273
108.mat,24,2507.8125,0.05121904499770496,0.04866635891688689,2725.0830644293073,1151.1259815785852
108.mat,25,3591.796875,0.051794884986521114,0.048278517495392685,2734.4956279404896,1150.6725224613974
108.mat,26,3436.5234375,0.051566733890532436,0.048060034151415694,2712.0957290632564,1167.85705446704
108.mat,27,3436.5234375,0.05062228856912433,0.04874001130829406,2756.51950305902,1168.4218598397454
108.mat,28,3574.21875,0.05024468931098313,0.05030294887797258,2748.905955220179,1147.7306117164292
108.mat,29,3574.21875,0.04356526198059721,0.05017998369334845,2727.9323821362304,1156.308633390669
108.mat,30,3436.5234375,0.04333945692779192,0.050221744400325945,2744.8025991472978,1138.5934359441667
108.mat,31,3591.796875,0.045307505244376094,0.0501732435884175,2742.100657956855,1157.266131142213
108.mat,32,3591.796875,0.05208164819893285,0.04896459811323749,2726.242046687757,1150.7837018815087
108.mat,33,3436.5234375,0.05256593595009708,0.047308440919911834,2721.385527604357,1167.7499281534958
108.mat,34,3591.796875,0.05843131738525045,0.047668137056146385,2715.65489646817,1162.3771738343958
108.mat,35,3591.796875,0.05790630958345989,0.04856053007290058,2744.693891733023,1158.5952140375603
108.mat,36,2507.8125,0.05297316875922658,0.048251113936134876,2749.2047646419546,1147.229393873314
108.mat,37,2507.8125,0.051993199092825806,0.049405760268060886,2752.832823861388,1141.8379334822753
108.mat,38,2507.8125,0.04690404201398735,0.0492371153610224,2745.8892285557095,1168.7310027316153
108.mat,39,3591.796875,0.05008103592514612,0.04901659868044438,2748.368943199213,1157.3673130858901
108.mat,40,3688.4765625,0.04762378905804837,0.04961184634665028,2739.5482699514077,1174.4418737046701
108.mat,41,2507.8125,0.05217340807258115,0.049920075760260293,2751.706415906138,1159.8523823352557
108.mat,42,3574.21875,0.05221060783843087,0.05132930834217614,2749.1356245153966,1140.6666227200808
108.mat,43,3574.21875,0.05613740381607467,0.05237019436880902,2758.352040885815,1143.145993674612
108.mat,44,3609.375,0.05615698824496994,0.05345456035896169,2753.111667327231,1138.7983725280203
108.mat,45,3609.375,0.059898464368735006,0.05299735981869824,2753.0153445623323,1151.7739499801005
108.mat,46,3550.78125,0.04607837577374321,0.0512073324842888,2745.6492094374903,1138.649029313732
108.mat,47,3436.5234375,0.050442917370143864,0.04779626347025451,2727.0081631108947,1158.9453794660362
108.mat,48,3436.5234375,0.05397776634189085,0.04734900024201594,2711.8459733303557,1164.634886309788
108.mat,49,3436.5234375,0.054462617067492544,0.047830838410279956,2714.3623501465263,1169.9662108321813
108.mat,50,2507.8125,0.05201790146124267,0.04863919112660155,2767.597599966371,1157.9901473905118
108.mat,51,2507.8125,0.049692381644665516,0.05307492146234936,2785.536919314469,1121.435757202437
108.mat,52,3574.21875,0.05310770094183527,0.05461119498876979,2821.1316676657284,1150.0237688404259
108.mat,53,3574.21875,0.05128329904350341,0.053932333722693154,2782.2235150070046,1117.5324214585369
108.mat,54,3574.21875,0.04263992959437066,0.05127503888898888,2763.672467703284,1129.766613589787
108.mat,55,3436.5234375,0.052016742721048864,0.048595194182811906,2727.0100997367595,1153.925820570575
108.mat,56,3591.796875,0.052890748811225095,0.04667087016709137,2706.9570045072633,1187.7540822232822
108.mat,57,3436.5234375,0.049510327479365956,0.046210421167120624,2713.2315237599746,1159.7469470532935
108.mat,58,3436.5234375,0.052208199841355045,0.04667207821445323,2706.777065875876,1175.248337136565
118.mat,0,3366.2109375,0.02215411767391314,0.009535460231157913,2695.5970598590334,1109.1116533232787
118.mat,1,3325.1953125,0.015958058141954213,0.009463684639185652,2721.0588716971783,1130.8467077248729
118.mat,2,3366.2109375,0.020635906094028992,0.009478127667470658,2704.6853004985705,1124.4702282131516
118.mat,3,3445.3125,0.015338679904201914,0.010015471700476387,2736.0257367841596,1111.8275702716269
118.mat,4,3278.3203125,0.018146937890570012,0.010290948500143308,2713.04851837877,1089.8028684131323
118.mat,5,3263.671875,0.019381823295644526,0.010127760741101517,2722.4493272003283,1100.5571394573587
118.mat,6,3263.671875,0.01920699040297843,0.009455771253974949,2711.011987798827,1106.538179461275
118.mat,7,3278.3203125,0.01583516430368892,0.008759380747519063,2720.368141361708,1116.5525286930165
118.mat,8,3445.3125,0.018835657302443895,0.009259852215645117,2708.532398623955,1119.158007659918
118.mat,9,3263.671875,0.0197138325706635,0.009578102268524295,2695.138715518704,1115.008733754445
118.mat,10,3445.3125,0.01895346987816422,0.009377638163223335,2726.612859822512,1096.1254593291546
118.mat,11,3363.28125,0.017864184403623428,0.009542541531567198,2746.3623331721387,1098.3966812703422
118.mat,12,3278.3203125,0.018324437816933017,0.010246545632331457,2728.6669670382707,1074.7169679569151
118.mat,13,3231.4453125,0.022177586527769893,0.010544084931514595,2730.0275445806383,1076.2179945451123
118.mat,14,3263.671875,0.018515312516692865,0.009792047363729545,2716.2522060041874,1091.9684294175906
118.mat,15,3231.4453125,0.018876310585831127,0.009834491341289671,2710.0259842582873,1101.244612310433
118.mat,16,3263.671875,0.018325544016637673,0.009636648776300995,2703.396414455831,1097.0614527423195
118.mat,17,3263.671875,0.019992292472629607,0.009753581492353138,2723.7994569918837,1088.104847514543
118.mat,18,3263.671875,0.021342105954488353,0.009792630557787396,2721.7949209209196,1088.8419598946427
118.mat,19,3363.28125,0.018015399764057798,0.009775940294633087,2719.510789193731,1093.3017668852349
118.mat,20,3231.4453125,0.019114427497232075,0.010031607949646016,2737.8728366008213,1091.0439446773842
118.mat,21,3445.3125,0.01886141679051827,0.009850533295839254,2721.333712912302,1106.2325363010352
118.mat,22,3445.3125,0.014657893152378405,0.00909816367240455,2721.6614373380853,1115.5298301527646
118.mat,23,3231.4453125,0.020895487800519568,0.009149261625059935,2738.5348297621026,1123.750093975001
118.mat,24,3445.3125,0.021910551321123156,0.009570010419602183,2730.3647857825335,1098.8643284927505
118.mat,25,3231.4453125,0.021690378599960987,0.009444784599861852,2721.303683957133,1099.2809232908237
118.mat,26,3231.4453125,0.0247605287918797,0.010241144127461504,2723.919800631176,1094.3008180322302
118.mat,27,3424.8046875,0.018790097812399206,0.010062924784953334,2721.8792231443767,1087.6430460504635
118.mat,28,3363.28125,0.016769154208607247,0.00940075456460855,2712.362821331537,1089.3958781236195
118.mat,29,3231.4453125,0.026573895886391686,0.009405053018318732,2711.9036939547636,1090.586445451528
118.mat,30,3231.4453125,0.019458039646766442,0.009322267156124688,2723.401927667062,1088.1502204103026
118.mat,31,3263.671875,0.018316114677219223,0.008980308180938226,2711.6320997695175,1090.261802413129
118.mat,32,3231.4453125,0.02110061189411753,0.008807057472578329,2720.1877174033034,1101.9138463311413
118.mat,33,3231.4453125,0.01821064618297836,0.009575249426136353,2721.7909137269517,1104.9308562122012
118.mat,34,3445.3125,0.019053652560516887,0.009391907413955037,2714.8637164409533,1090.8117378865747
118.mat,35,3231.4453125,0.019537796124048483,0.008827401982775917,2690.11857673458,1113.3906698352798
118.mat,36,3231.4453125,0.024004388544002477,0.009772287870143646,2731.2674289583438,1102.6950161755822
118.mat,37,3231.4453125,0.01982024253415989,0.01050045889018046,2764.4776050953083,1094.3196507692935
118.mat,38,3263.671875,0.019890715126550614,0.0098323665839,2726.883993913445,1090.6396030162475
118.mat,39,3260.7421875,0.01918891541758437,0.009315531205426265,2734.3597047989592,1100.5724317948925
118.mat,40,3231.4453125,0.02366933906777932,0.009813657367241888,2744.984808163067,1093.8036843980979
118.mat,41,3263.671875,0.019244418811393223,0.01017307454113327,2736.1004242273375,1095.7003353493753
118.mat,42,3445.3125,0.021595315727536944,0.009698449726725256,2778.576318538439,1108.5663695851867
118.mat,43,3231.4453125,0.021434026525937074,0.00960670539746495,2746.613562846785,1091.566558950267
118.mat,44,3363.28125,0.01976958212388743,0.010163430975680947,2812.6075296939935,1090.7274241068837
118.mat,45,3445.3125,0.019887483193213876,0.010081004211654625,2760.07193242319,1090.9883205257
118.mat,46,3231.4453125,0.021581251446738323,0.009476488879863585,2762.910716834449,1125.5991493088145
118.mat,47,3363.28125,0.021238510674336526,0.00951291749223658,2743.2462941283948,1095.6857806940602
118.mat,48,3260.7421875,0.02146863284594955,0.010031993035536165,2737.7610350528857,1109.5700929411541
118.mat,49,3231.4453125,0.019465211285450444,0.010077579820398141,2719.2710842692754,1082.8084668761358
118.mat,50,3231.4453125,0.026235978677914915,0.01074392548481358,2759.778617781225,1061.2266938263376
118.mat,51,3363.28125,0.0203363640450052,0.011080822082491802,2768.2231113938637,1069.6416564702029
118.mat,52,3263.671875,0.021102793975679025,0.01077937242469622,2743.70186379392,1063.225429849205
118.mat,53,3263.671875,0.020004002905622705,0.010053664873163613,2729.9211744362137,1084.271409545414
118.mat,54,3445.3125,0.017302594804251503,0.009348401189088737,2705.6331690645416,1102.2844704173774
118.mat,55,3445.3125,0.01806394535278813,0.009458154010999125,2738.791695759984,1099.5339794532688
118.mat,56,3445.3125,0.020557882661551747,0.010107987541164083,2765.1940686150856,1090.3359903790283
118.mat,57,3263.671875,0.026013051675002546,0.01057309819205054,2748.6683763271412,1086.3904736810878
119.mat,0,3477.5390625,0.02846648969540911,0.009720071976857007,2754.798183593539,1091.4382396520962
119.mat,1,3477.5390625,0.028706813230211514,0.009863578492527066,2747.1399181653214,1073.2303613313543
119.mat,2,3477.5390625,0.026794319603922614,0.00929552870674486,2743.986959337051,1077.6442444240438
119.mat,3,3477.5390625,0.026612238837697724,0.00959213646990989,2759.9873457710055,1097.0076464337753
119.mat,4,3477.5390625,0.027205072645327566,0.009549486902540271,2746.7741167041163,1082.2856272757508
119.mat,5,3477.5390625,0.023343975243894366,0.00901649430441764,2755.9091826293693,1075.4978129027481
119.mat,6,3389.6484375,0.0219697131182009,0.00955032343331557,2742.8811194124464,1063.0483784040994
119.mat,7,3372.0703125,0.024576165558821993,0.009962129328281024,2715.36410062824,1073.1969435799995
119.mat,8,3372.0703125,0.02661186773354598,0.010087456298670005,2737.1319012785266,1063.0009477720976
119.mat,9,3372.0703125,0.027180328894932864,0.00987899032037471,2736.818932934849,1074.3447294633645
119.mat,10,3216.796875,0.02147886231159996,0.009642485178287651,2715.389144382272,1095.9924290534436
119.mat,11,3372.0703125,0.024998712341262202,0.009478135958372054,2723.3501936179487,1077.9256343228492
119.mat,12,3477.5390625,0.020188375625069754,0.009021441522526307,2750.6910123916095,1078.508381658189
119.mat,13,3477.5390625,0.019768104242686022,0.009025112091507654,2738.9456682619775,1080.2408247092392
119.mat,14,3477.5390625,0.022288004582642996,0.008836615069214411,2733.920679529255,1090.8390705292932
119.mat,15,3477.5390625,0.02711149926864603,0.009047521816434105,2732.1134134551917,1089.2275319740108
119.mat,16,3477.5390625,0.02959383658066062,0.009867350967456487,2743.8852730078797,1074.1274595844047
119.mat,17,3477.5390625,0.028486457748813546,0.009976202120520574,2754.9293211986037,1063.6875023682787
119.mat,18,3477.5390625,0.023146906506796183,0.009547790978991461,2741.146224747056,1083.5044921975564
119.mat,19,3477.5390625,0.018349089978209727,0.009583984099884877,2735.3583312052156,1083.835853144235
119.mat,20,3418.9453125,0.026747081640960742,0.009673161057266625,2763.4997315665664,1086.2859104194347
119.mat,21,3477.5390625,0.02458296988543841,0.009469422426996589,2750.3700238872066,1092.847094858362
119.mat,22,3477.5390625,0.030166255939770535,0.009766353951989413,2738.8730663296906,1081.011741260608
119.mat,23,3477.5390625,0.029167973747980615,0.010292901260642064,2756.465916057358,1079.1077485480996
119.mat,24,3477.5390625,0.025937836136491275,0.01020381460296962,2745.4401084793894,1075.20403031845
119.mat,25,3477.5390625,0.025026085728334965,0.009942525324438307,2736.7176267698433,1098.8163677721222
119.mat,26,3477.5390625,0.01968528037158445,0.009812329484227078,2747.836731720595,1089.1762212559775
119.mat,27,3477.5390625,0.01960287311421351,0.00934869750848512,2750.402872961781,1090.379669609586
119.mat,28,3477.5390625,0.023740035984453105,0.009108353174829189,2733.2441714849474,1095.7671840659848
119.mat,29,3477.5390625,0.02906495947807428,0.009411557840672173,2736.214108230983,1085.087231572009
119.mat,30,3477.5390625,0.03136721321041069,0.009759057328082727,2751.1604412465945,1102.9526742371488
119.mat,31,3477.5390625,0.02837870349428419,0.010368111659274076,2763.40379538264,1090.029921348913
119.mat,32,3389.6484375,0.021336604371541824,0.009563852001929824,2749.478696079972,1074.437252764009
119.mat,33,3477.5390625,0.0164016008369022,0.009260513351634355,2751.5775271684515,1065.7383521670681
119.mat,34,3477.5390625,0.026409620433684854,0.010302104694674984,2780.613349672193,1070.4159106570714
119.mat,35,3477.5390625,0.027518905389964064,0.010292485225622724,2798.1127618156715,1092.7657780828401
119.mat,36,3389.6484375,0.019680124128811746,0.00958332925917462,2756.5828640169307,1077.5549054878388
119.mat,37,3319.3359375,0.017396636499980692,0.009543191370548777,2752.5236019115036,1078.2654427607622
119.mat,38,3477.5390625,0.021921789999551095,0.009640908186631488,2744.2793645727133,1079.7021120705908
119.mat,39,3477.5390625,0.02148064691786555,0.009556216265762285,2738.176142260671,1094.7464372170305
119.mat,40,3389.6484375,0.026598221979628047,0.01039252021600608,2752.239079045418,1073.8623966011917
119.mat,41,3389.6484375,0.018965008296983003,0.01058732634990174,2769.528060237873,1081.3999891601502
119.mat,42,3319.3359375,0.021474635711825063,0.010024310731395716,2743.6322780706614,1093.597239880477
119.mat,43,3477.5390625,0.025630838291494477,0.009532045089569133,2742.5840999998654,1082.1701959568593
119.mat,44,3389.6484375,0.024655834910912472,0.009427496436624905,2728.5285390740974,1096.5185910870696
119.mat,45,3389.6484375,0.024060708007391022,0.009309918073218878,2732.9543906454423,1085.4482857787307
119.mat,46,3477.5390625,0.020469860740691386,0.009035220754690983,2736.1091387704428,1098.2536979246722
119.mat,47,3477.5390625,0.02592233646611606,0.009660127703362623,2724.820859067935,1098.1656193257018
119.mat,48,3477.5390625,0.022840196766543062,0.00971182332535093,2754.8887329440563,1089.0797105920697
119.mat,49,3389.6484375,0.022756177312321966,0.009190524350950628,2751.4177943694,1102.4593661712101
119.mat,50,3477.5390625,0.02080970436066325,0.009628248021854774,2752.9688335885326,1100.35204584211
119.mat,51,3477.5390625,0.023048051123053876,0.009914549419679387,2777.6079985987985,1093.8537080554436
119.mat,52,3477.5390625,0.024465707129878847,0.010115883994311271,2757.5914841564722,1088.1108438845931
119.mat,53,3477.5390625,0.025710494956098565,0.009956753210456701,2765.4896313145523,1109.9878832011404
119.mat,54,3389.6484375,0.02338315652808776,0.010027822572422244,2759.620547145206,1082.814080658451
119.mat,55,3389.6484375,0.0233492341048909,0.010205087049120796,2759.584051896542,1077.3141596282653
119.mat,56,3418.9453125,0.02343144157112364,0.00954691128942237,2780.949895728856,1104.8905746993228
119.mat,57,3418.9453125,0.022873895304435024,0.009608571617252318,2768.3895205271665,1082.3032976128022
120.mat,0,3430.6640625,0.026148708842553926,0.010311169628769132,2744.0170172663534,1080.5447990627156
120.mat,1,3433.59375,0.02699373684065055,0.010509479222733622,2741.2917902931445,1083.818780110859
120.mat,2,3430.6640625,0.02502951942413918,0.01051773530529785,2750.8686435418276,1064.9011380263662
120.mat,3,3433.59375,0.026440940720828098,0.01063530500838024,2782.194822092555,1091.795137247417
120.mat,4,3430.6640625,0.027269904679616118,0.010510727983825154,2738.9582460220895,1081.93570751197
120.mat,5,3430.6640625,0.026763425014799544,0.010896205614911208,2765.8274809308514,1091.8666115731016
120.mat,6,3430.6640625,0.029919061377764396,0.011075910564026018,2759.0579334949543,1100.9480417979596
120.mat,7,3430.6640625,0.029688591049671816,0.010873083922177508,2730.001087786211,1071.6217866637442
120.mat,8,3430.6640625,0.026987804424781645,0.010688368004896281,2786.312506332992,1106.5744249712916
120.mat,9,3430.6640625,0.026743094927048155,0.010618640999781617,2750.7914438986268,1086.96967786538
120.mat,10,3430.6640625,0.02502664696968749,0.010744622064347545,2756.1957332977113,1089.7679196131244
120.mat,11,3430.6640625,0.02882598347722194,0.010637033295118198,2757.656103283176,1084.1956596530379
120.mat,12,3430.6640625,0.026816531565494576,0.010666295001291877,2741.94980825173,1077.7763438783852
120.mat,13,3430.6640625,0.0272841384827355,0.011403363738607257,2764.349332021771,1077.9557814512234
120.mat,14,3430.6640625,0.028130148938646973,0.01111149091708401,2744.2982793058845,1087.9952569668098
120.mat,15,3430.6640625,0.02711715162456624,0.010727264261040604,2755.1367790373088,1093.9394609499855
120.mat,16,3430.6640625,0.025229891212050035,0.010945126766037466,2746.308228036071,1066.9273956953
120.mat,17,3433.59375,0.02847698313822808,0.01099484803316136,2744.384018474178,1068.710065877648
120.mat,18,3430.6640625,0.03143517999763609,0.01141896477300129,2750.167819662639,1065.0564988428214
120.mat,19,3430.6640625,0.03364041355612229,0.011164083241488713,2753.925111101258,1075.715683516561
120.mat,20,3430.6640625,0.03446370415764698,0.011200825525349506,2749.9689256184306,1069.2835480413983
120.mat,21,3430.6640625,0.03482645575885502,0.011480016359671523,2770.154802651014,1091.0014980256162
120.mat,22,3430.6640625,0.029633583092710664,0.011791199798454248,2772.8485798469346,1077.143446341556
120.mat,23,3433.59375,0.028370505788709494,0.01160014275019105,2754.552635408498,1091.271204155451
120.mat,24,3430.6640625,0.02876049854312496,0.010551806547744198,2755.8754064866157,1115.6365910778825
120.mat,25,3430.6640625,0.028506139417421455,0.011050282472716855,2743.6563156506095,1077.603009012232
120.mat,26,3430.6640625,0.030336726866418796,0.011395981080160567,2787.7161202636594,1081.411976634358
120.mat,27,3430.6640625,0.03026060694304139,0.01068928305423665,2762.933824795258,1061.2419247473301
120.mat,28,3430.6640625,0.03383494338132639,0.010934623654162489,2769.375991368182,1096.8488850043564
120.mat,29,3430.6640625,0.03633253960238062,0.010900840291506488,2763.337993160543,1093.7725038902272
120.mat,30,3430.6640625,0.035018310665125736,0.010922017980619678,2765.5044153757467,1090.9836099774411
120.mat,31,3430.6640625,0.0366958497425052,0.011110006180186024,2760.8742836203664,1085.3137488565274
120.mat,32,3430.6640625,0.03139557575713019,0.010701668788416406,2753.1013177499235,1095.8439579362225
120.mat,33,3430.6640625,0.03132925682734617,0.010596773235387852,2739.996154584311,1086.4978186727508
120.mat,34,3430.6640625,0.03099666165158583,0.01067836587376639,2736.1343587723354,1086.3361931338848
120.mat,35,3430.6640625,0.033662023423328066,0.010777909678375141,2742.497654254666,1072.5011571482466
120.mat,36,3430.6640625,0.0391396516787338,0.010693361681179719,2730.285862321653,1078.21403787965
120.mat,37,3430.6640625,0.0359826152163194,0.010576145245583687,2734.493899840561,1086.0406491476695
120.mat,38,3430.6640625,0.03949025689669605,0.010756510997636835,2724.1208142238124,1083.363522593447
120.mat,39,3430.6640625,0.040147585424134886,0.011372695171909874,2738.0198304952482,1081.8368134975406
120.mat,40,3430.6640625,0.03699822829134437,0.012073380695068272,2745.5498251849144,1074.9054553290289
120.mat,41,3430.6640625,0.03592715726488678,0.011426278770200672,2734.639945406132,1085.6550864752085
120.mat,42,3430.6640625,0.03030994914998457,0.010788943941318142,2734.421565462152,1082.001579304575
120.mat,43,3430.6640625,0.03149358236824365,0.010667785570620047,2748.0465538610338,1094.5907338867512
120.mat,44,3430.6640625,0.03612405133886808,0.010573272670677305,2774.429886571465,1113.6947327738137
120.mat,45,3430.6640625,0.032541562423558205,0.010446098645015008,2729.943484074259,1097.9171932263762
120.mat,46,3430.6640625,0.03732022511420834,0.01023237872497899,2742.595534881784,1078.8158809716847
120.mat,47,3430.6640625,0.03464773179854509,0.010502064278865172,2750.7610353803298,1082.7708126996554
120.mat,48,3430.6640625,0.032548436184223165,0.010634342969853265,2726.5189282820056,1083.5014421870424
120.mat,49,3430.6640625,0.029380158356379006,0.010468557812102763,2729.617372137729,1084.0163269670395
120.mat,50,3430.6640625,0.028167886145638074,0.010438680070929011,2714.001056100049,1091.4050952490704
120.mat,51,3430.6640625,0.030066393927290557,0.010802093805911352,2731.4238538440636,1083.43517054519
120.mat,52,3430.6640625,0.02909234927396896,0.010908939728743615,2737.7962750797687,1090.3718065752353
120.mat,53,3430.6640625,0.033025192483870904,0.010610202669502473,2727.009345444798,1106.035324250599
120.mat,54,3430.6640625,0.03308073273897761,0.010413268984375328,2750.805478272061,1102.6316994735203
120.mat,55,3430.6640625,0.037711245498815577,0.01069915465898618,2738.5257004657906,1097.3339974355422
120.mat,56,3430.6640625,0.03798903915710843,0.010837908674678808,2721.2075663565242,1083.514499455319
120.mat,57,3430.6640625,0.03371030725372047,0.011033379138104973,2755.804842763906,1073.3012814390584
121.mat,0,3380.859375,0.047734648291618276,0.011846794140194156,2659.4435039919326,1100.4200995801157
121.mat,1,3380.859375,0.04538474069261523,0.012112081190749188,2672.598221526577,1095.3692716763
121.mat,2,3380.859375,0.0410890354378919,0.012104867714807697,2671.0620087198586,1093.449814880078
121.mat,3,3380.859375,0.04503297383086525,0.01210722393504011,2692.8119074875704,1086.781297331136
121.mat,4,3380.859375,0.042571738605859506,0.01191071369791252,2666.7055957859184,1090.9347237757163
121.mat,5,3380.859375,0.04456224075111706,0.012123411982594548,2665.534696585927,1090.9960916982204
121.mat,6,3380.859375,0.04380431526132738,0.012063263118883723,2670.567640277064,1089.614576945048
121.mat,7,3380.859375,0.04213124613706666,0.011336195597888298,2654.308681434959,1107.4429379068133
121.mat,8,3380.859375,0.04404286432858853,0.011577016799566416,2690.9962464044706,1131.8717427880315
121.mat,9,3380.859375,0.04664990563133146,0.012029921771697424,2693.435977983489,1101.8280357253461
121.mat,10,3380.859375,0.044153074563345975,0.012431849939105323,2704.3563925400995,1113.47365188221
121.mat,11,3380.859375,0.04354233664854047,0.012192047350572267,2668.8381843226675,1092.2336684487398
121.mat,12,3380.859375,0.04618929953799258,0.012040472591941864,2675.5240003753543,1094.150759488358
121.mat,13,3380.859375,0.042496980756665394,0.01194624418922008,2673.335965013131,1090.1094626723707
121.mat,14,3380.859375,0.04295890194614632,0.01157063819687858,2678.599378504259,1096.1625717441939
121.mat,15,3380.859375,0.04384771712975933,0.011795468930068926,2681.632839084473,1097.9124291826336
121.mat,16,3380.859375,0.04719660894864405,0.01185832820749965,2666.6941105283454,1096.1449464007962
121.mat,17,3380.859375,0.043827739866043366,0.01175977201627123,2681.5443967910005,1099.7268930908829
121.mat,18,3380.859375,0.04280223906775277,0.011870192826890547,2689.862017081604,1099.3422555996665
121.mat,19,3380.859375,0.04252090956161881,0.011844902201407981,2702.1315869878144,1102.577627625294
121.mat,20,3380.859375,0.043634202206023695,0.012139646454322438,2696.6819388673866,1090.151798980058
121.mat,21,3380.859375,0.040948080803619925,0.011900936302710542,2693.7616251270624,1078.9856604923527
121.mat,22,3380.859375,0.04396738226992734,0.01205866931536979,2684.6878058481,1079.0946760743866
121.mat,23,3380.859375,0.04622035338212324,0.01259852588156196,2701.6042727884796,1075.650169299139
121.mat,24,3380.859375,0.04528108311599347,0.01215563851592279,2704.7558138646855,1083.7750781979398
121.mat,25,3380.859375,0.045691954357646176,0.012638900415900364,2694.5365745317263,1068.5134783790425
121.mat,26,3380.859375,0.043838253226503365,0.012681721388221911,2703.9115098226357,1064.1602423320417
121.mat,27,3380.859375,0.04705161581883602,0.012463264397050568,2720.148552691375,1089.2396482353447
121.mat,28,3380.859375,0.04160915224636318,0.012226360249795277,2707.9046448325266,1070.2139886300884
121.mat,29,3380.859375,0.045533139688903254,0.012290417732131919,2693.7461624157245,1071.261413640805
121.mat,30,3380.859375,0.04657433668011931,0.013063287811890908,2707.5148725531594,1067.799701272883
121.mat,31,3380.859375,0.0485230598253556,0.012842799615826418,2708.9343328555574,1063.8895205887904
121.mat,32,3380.859375,0.041098596057994194,0.012053143322249753,2688.5502901669756,1070.3332108426812
121.mat,33,3380.859375,0.03897685491594498,0.012137804431570849,2690.514296438237,1065.097118066344
121.mat,34,3380.859375,0.03989623597077741,0.012273256917039376,2720.7469359122924,1089.1095133010424
121.mat,35,3380.859375,0.03074738185058557,0.011678490141528905,2701.295075919231,1077.682926672906
121.mat,36,3380.859375,0.03128013097547766,0.011441995852554636,2724.3622285209067,1099.4059004994133
121.mat,37,3380.859375,0.03268128888596215,0.01129532184886959,2712.5820579673164,1096.8197230202331
121.mat,38,3380.859375,0.03197074890203494,0.011526382336515088,2708.2654551834526,1115.6465389669515
121.mat,39,3380.859375,0.030586325816858672,0.011283352593042601,2665.0596732388863,1074.1243693490633
121.mat,40,3380.859375,0.0410092086019168,0.011534168782197932,2672.7552365840006,1066.3436303686008
121.mat,41,3380.859375,0.04658418056319147,0.012574545838467129,2678.711149983948,1076.6334365106177
121.mat,42,3380.859375,0.041111432009003634,0.011630483138948784,2714.329126524644,1123.473430333377
121.mat,43,3380.859375,0.034692622212065635,0.010850214150001774,2689.03855770959,1091.6641657883188
121.mat,44,3380.859375,0.029905575959268803,0.010991182636830564,2714.608826177325,1114.7138145479616
121.mat,45,3380.859375,0.031036206078656398,0.01111305142601457,2672.647513733284,1077.9005752021196
121.mat,46,3380.859375,0.034293736511398,0.011168457638206817,2672.844261134164,1086.7086391991663
121.mat,47,3380.859375,0.036515610288446514,0.01106821675506571,2682.099243626055,1086.4006603726045
121.mat,48,3380.859375,0.04041608850431495,0.010960407096106682,2686.607361187114,1100.8074758237253
121.mat,49,3380.859375,0.04335683134695102,0.011421742075839465,2697.3054834235772,1103.985670393529
121.mat,50,3380.859375,0.037618994419174656,0.011773233095079407,2688.3399173312646,1103.8668690549587
121.mat,51,3380.859375,0.03565054652798275,0.011501234563869329,2676.7442913771674,1091.465779184747
121.mat,52,3380.859375,0.038764169348109986,0.012503413948187199,2697.8731338067823,1073.5896708059104
121.mat,53,3380.859375,0.04015947854322267,0.011689469123232701,2680.091990363051,1089.4707964094382
121.mat,54,3380.859375,0.03728802234561282,0.0101874372455784,2675.2349111773765,1088.5197516722596
121.mat,55,3380.859375,0.0354194710459879,0.01037200035295634,2660.8027515610625,1100.5303765205697
121.mat,56,3380.859375,0.04023642845342338,0.011247647550919174,2702.428806903228,1102.591343632861
121.mat,57,3380.859375,0.04025438543605069,0.011552170783391508,2679.302371087938,1087.9061590573642
130.mat,0,3445.3125,0.15573640554896517,0.2318159138380409,3178.600861461909,924.5804943444082
130.mat,1,3445.3125,0.1602638338745911,0.23493635290427023,3172.531380529033,927.4346285533861
130.mat,2,3445.3125,0.14570764529962169,0.23069395828190264,3176.973620810491,931.9614783604371
130.mat,3,3445.3125,0.1490685100854326,0.23278545808905018,3177.682189361158,935.77279191932
130.mat,4,3445.3125,0.1521632585473055,0.22811010621965538,3189.1822409243973,935.8843755117285
130.mat,5,3336.9140625,0.14727516401036964,0.21846447913272835,3186.679930752627,950.9304374209031
130.mat,6,3336.9140625,0.1518007681090001,0.21992728215916732,3193.5434216327835,944.0078145690578
130.mat,7,3336.9140625,0.14513387759364083,0.21279500811351865,3210.0821919258883,960.2446398515083
130.mat,8,3336.9140625,0.1341428887205658,0.20561064695668796,3219.622573346761,992.6329143418836
130.mat,9,3336.9140625,0.13505125811090604,0.2085874770199163,3198.0585763153563,973.9018436784346
130.mat,10,3336.9140625,0.13400555255240865,0.20615102597529678,3231.2282086822356,990.6803520958416
130.mat,11,3336.9140625,0.13487141044509454,0.20718653865215725,3206.8544761032545,972.5308509873755
130.mat,12,3445.3125,0.1440381627580491,0.21285063350029795,3200.499444494359,960.8324564273724
130.mat,13,3445.3125,0.15584029043834816,0.21794034967131948,3198.7378724012196,953.0812531553747
130.mat,14,3445.3125,0.15443048200045703,0.22761873938391847,3196.3350784723975,939.1645559511675
130.mat,15,3445.3125,0.15951572680660367,0.23641937232911558,3201.7000777978674,917.0537083628215
130.mat,16,3445.3125,0.16705317358826188,0.2415254710915707,3149.956545919372,952.2410692538414
130.mat,17,3445.3125,0.16850749792364952,0.244055152730289,3190.9784150680307,912.1523218447398
130.mat,18,3445.3125,0.16119522985599977,0.24229640684657155,3146.5388327663322,950.6897400408187
130.mat,19,3445.3125,0.16181289746760064,0.24436302835083593,3196.601943018151,934.4758549579227
130.mat,20,3445.3125,0.15356868435174478,0.24336216286520684,3189.153274704299,916.6545703729289
130.mat,21,3445.3125,0.15783576572149052,0.23717238527825163,3195.8151323016173,933.4872165808946
130.mat,22,3445.3125,0.16599749842581707,0.24009850905739252,3191.132249378823,923.0264197522131
130.mat,23,3445.3125,0.1611664610394964,0.23248815774713233,3190.6881335284183,933.1575931562586
130.mat,24,3445.3125,0.15531430265461457,0.2211118856194183,3220.8200265988544,976.8433154560389
130.mat,25,3445.3125,0.15198484108168864,0.22492446294382087,3197.991322019914,935.8729851641408
130.mat,26,3336.9140625,0.14114010606353222,0.21881682817012774,3231.6149610543193,977.5399487254218
130.mat,27,3336.9140625,0.13956868423833477,0.21541418934192375,3201.152141172475,955.8582793553958
130.mat,28,3336.9140625,0.14286270608544388,0.21771188082102735,3214.7161824454392,943.4563956450696
130.mat,29,3336.9140625,0.13402283222032527,0.21077591796732362,3207.9742102359965,969.0269144757264
130.mat,30,3336.9140625,0.1366958936129666,0.20910632120284228,3218.7760057396927,963.8125724307799
130.mat,31,3336.9140625,0.1388158299358753,0.210611204516443,3227.8666529393936,951.9351362031966
130.mat,32,3336.9140625,0.13359010105213234,0.20847771384298727,3221.5059922709843,952.0379594697918
130.mat,33,3336.9140625,0.13829706862792715,0.21490737964779794,3215.951035873043,942.0342749669721
130.mat,34,3336.9140625,0.1419364359924537,0.2199771009250618,3216.418249014197,949.7837062420035
130.mat,35,3445.3125,0.14092407920768682,0.221742461179398,3209.3178667602883,938.8527439038194
130.mat,36,3445.3125,0.14831923487068907,0.23071347639762774,3200.448800139677,912.0710393427904
130.mat,37,3445.3125,0.1496494071386237,0.23308914925822555,3188.077493024952,937.4694659797074
130.mat,38,3445.3125,0.14575298257863462,0.23623646507015394,3192.3157202190137,909.8669423999858
130.mat,39,3445.3125,0.14279568456273836,0.2375258806629762,3194.7317822089826,894.2054612213209
130.mat,40,3445.3125,0.13725524400766084,0.23638609603830898,3194.8242219582407,898.6943627395777
130.mat,41,3445.3125,0.1361959745782694,0.24718222209924778,3189.1690176279394,891.1582871617242
130.mat,42,3445.3125,0.13854871163133028,0.24480024706123044,3187.1663033630803,893.4007099093798
130.mat,43,3445.3125,0.1363134092938278,0.23674099622355171,3192.703166662364,904.0938137100342
130.mat,44,3445.3125,0.1368866104914751,0.23439861115755173,3203.82055637354,889.0209045036819
130.mat,45,3445.3125,0.12798379302415167,0.22544998999859361,3227.5894587248313,914.8628896746213
130.mat,46,3445.3125,0.12298347159190631,0.22307923461560908,3215.6349506151155,919.5849948604885
130.mat,47,3445.3125,0.12205538527934671,0.21791803552126168,3212.8215801092206,910.357308393795
130.mat,48,3445.3125,0.11269294866150559,0.20854917736580691,3208.2510659170152,948.9164906261295
130.mat,49,3336.9140625,0.10791508126769286,0.2062496246687004,3233.4938634965447,936.026515651708
130.mat,50,3336.9140625,0.10657631895521258,0.2049852797264666,3229.7233547370424,949.151971662651
130.mat,51,3336.9140625,0.10307770424000902,0.2063490759096124,3191.6981375672667,969.6025608039973
130.mat,52,3336.9140625,0.10200680981526573,0.21101354158645474,3216.2158447309216,946.8291061719569
130.mat,53,3348.6328125,0.10142407021938882,0.21125344465060417,3196.945958527053,957.0897876932895
130.mat,54,3348.6328125,0.10451740259688895,0.22004132862520748,3196.501634533378,937.1163606778844
130.mat,55,3348.6328125,0.1070230096051934,0.22545061303321567,3197.367052566212,902.314986832993
130.mat,56,3348.6328125,0.1059681928326223,0.21995241846561467,3182.2640905206554,918.5934995366268
130.mat,57,3348.6328125,0.10769440209720624,0.22777220788596075,3192.0179594588562,900.6861643067198
131.mat,0,3401.3671875,0.15280801736662353,0.17732410111947658,3215.147748026368,973.0052680764087
131.mat,1,3401.3671875,0.14971807475146015,0.1851097402005809,3205.601505490306,959.6303795660756
131.mat,2,3401.3671875,0.14140161053648576,0.1776014707920238,3223.33974580872,992.118129507439
131.mat,3,3401.3671875,0.13702067518875347,0.17625544958213263,3227.20025213356,988.5345985906947
131.mat,4,3401.3671875,0.1390284692685062,0.1834499146255913,3213.344485889731,966.6241543881512
131.mat,5,3401.3671875,0.13003040903391444,0.1755262328098946,3226.632625968304,972.4170700614632
131.mat,6,3401.3671875,0.12914296578618692,0.17132391502728458,3215.3304917959204,985.6027625008969
131.mat,7,3401.3671875,0.13306463632902263,0.17621939707250983,3217.2872452679894,964.4743260774129
131.mat,8,2871.09375,0.12493630167608852,0.17300729726007802,3216.6322389835145,965.3900956472254
131.mat,9,3401.3671875,0.12456261945930484,0.16927780600038905,3222.0726551424896,998.0140637067533
131.mat,10,3401.3671875,0.12925863589223488,0.17762664090588462,3223.797262031051,978.5983303767775
131.mat,11,2871.09375,0.1309933568457413,0.17905760411062527,3223.884948482748,960.8466606986262
131.mat,12,3401.3671875,0.12194377049816552,0.1709103826350993,3213.3662131151927,992.2144362051873
131.mat,13,3401.3671875,0.12320483272941594,0.1716128753974577,3217.226380670291,969.3072322416494
131.mat,14,2871.09375,0.126626119944452,0.1743574377024409,3208.616949137985,959.6226422061324
131.mat,15,3401.3671875,0.11643223670885017,0.16783529465005087,3223.08002862312,971.6385329923054
131.mat,16,3401.3671875,0.11989071575724394,0.16934890736051045,3226.6839987700914,977.501700711125
131.mat,17,3401.3671875,0.12499758182399727,0.178737323989124,3210.407620809176,964.7254776263585
131.mat,18,3401.3671875,0.12453206422250332,0.17521777049281498,3209.4586471365765,990.6623367774392
131.mat,19,3401.3671875,0.12076223922377347,0.17213886394865166,3212.45219104211,976.9143847398069
131.mat,20,3401.3671875,0.12491695962440139,0.17689923028949228,3201.261691291228,959.1433581048129
131.mat,21,3401.3671875,0.12256697045134697,0.17225956023573114,3217.759764982947,959.4643039502503
131.mat,22,3401.3671875,0.12149956454470982,0.1702353462620195,3209.8689888103672,965.0748758052831
131.mat,23,3401.3671875,0.12935328132647542,0.17675400358223592,3199.025977519999,960.1824600215683
131.mat,24,3401.3671875,0.12817079405570467,0.17830195644446467,3222.51069499237,972.3969593000419
131.mat,25,3401.3671875,0.12443898894219586,0.1757705604239044,3217.1908215594854,976.4531540269767
131.mat,26,3401.3671875,0.12856480402891812,0.17931369848088693,3213.554643865633,959.6504679820804
131.mat,27,3401.3671875,0.12449381838934324,0.17955013047112334,3220.4573637992544,963.6297475913765
131.mat,28,3401.3671875,0.11636291560419129,0.16994505644499286,3218.574493329746,973.9345861808969
131.mat,29,3401.3671875,0.11395504182088652,0.17179251263126316,3199.0421383495395,963.390708032937
131.mat,30,3401.3671875,0.11807578428701225,0.17848140665140894,3203.1775159757126,959.4951575685942
131.mat,31,3401.3671875,0.11459768948398874,0.17572930459186364,3207.361637567384,976.4027991539195
131.mat,32,3401.3671875,0.11184649172418763,0.17890909462662863,3215.980470609318,971.3624259727238
131.mat,33,3401.3671875,0.11542458318052344,0.1805929711006568,3198.527858194187,971.0581315667072
131.mat,34,3401.3671875,0.11347025497193962,0.17559947433723644,3209.1458988528157,980.6564218194053
131.mat,35,3401.3671875,0.10518461816341024,0.1737317338996784,3222.259578941267,965.811151617845
131.mat,36,3401.3671875,0.11065789313935118,0.17821116802755305,3221.315452452971,948.2600905636837
131.mat,37,3401.3671875,0.11112843319999957,0.1754514276609803,3225.787366441557,947.6680569279465
131.mat,38,3401.3671875,0.10450951342037726,0.17240189968803737,3241.4887129729796,978.5727918496798
131.mat,39,3401.3671875,0.10771434327612038,0.18108091358689457,3212.1544066017705,942.3983777288563
131.mat,40,3401.3671875,0.10873082879669668,0.17871092850241252,3230.787353720768,969.3757255963267
131.mat,41,3401.3671875,0.1004239415016483,0.17287067899314795,3209.4583008537043,969.1497179633315
131.mat,42,3389.6484375,0.09964085394102515,0.1797371359224737,3217.2866564158007,939.4350472003163
131.mat,43,3307.6171875,0.10025608179415774,0.17930385165224022,3213.9284762372977,943.1627951203111
131.mat,44,3307.6171875,0.0984755686610725,0.16979087556499817,3220.1513572101244,961.3707332986523
131.mat,45,3307.6171875,0.10042229981777015,0.17628720161753123,3225.0938098894467,961.5008489017181
131.mat,46,3307.6171875,0.10682743955089223,0.18384815816069267,3199.8920178552257,946.6337217146503
131.mat,47,3307.6171875,0.10440910267158011,0.17429635665738755,3225.964992999832,972.5034042854487
131.mat,48,3307.6171875,0.10243619456085068,0.17146275390765967,3220.199150822399,965.0889561990131
131.mat,49,3307.6171875,0.09838449353357637,0.176295046858201,3214.701193641798,941.5546472742974
131.mat,50,2871.09375,0.09833334322576064,0.17238300555588887,3223.423717326571,944.5846629633248
131.mat,51,3307.6171875,0.09700523254706453,0.17088628256600352,3211.6342047705543,957.5387146955441
131.mat,52,2871.09375,0.09796622616164434,0.17844912257363288,3226.237357632598,969.1656826751768
131.mat,53,2871.09375,0.10703581305645524,0.17872605412697018,3218.2384050543174,950.3051678278546
131.mat,54,2871.09375,0.09397521227280932,0.172810823617297,3245.3779920099732,967.8407286706476
131.mat,55,2871.09375,0.10694323627003452,0.17585106042027815,3194.549310742156,965.1024261414303
131.mat,56,2871.09375,0.12608297982703648,0.17602656515951665,3221.783828562074,937.2500680795112
131.mat,57,2871.09375,0.11157584405808688,0.16830978154701987,3223.8545734547056,963.0025206477032
132.mat,0,3357.421875,0.15272717375715197,0.15891680371030015,3187.0539987400366,1023.3295476952658
132.mat,1,3357.421875,0.1551683867288432,0.16227656653271894,3173.822093841064,1033.486326510248
132.mat,2,3357.421875,0.15070750412663564,0.1559173729169231,3185.638533717843,1044.3201530676247
132.mat,3,3357.421875,0.14721975484100588,0.15019288360155209,3194.9072592873667,1041.6953598118212
132.mat,4,3357.421875,0.148992854912839,0.1556003805596572,3203.819302469811,1023.7285036696163
132.mat,5,3357.421875,0.15012852532524965,0.16137441886575957,3204.5042765558683,1026.1254822228393
132.mat,6,3357.421875,0.15271553161537746,0.16258630251243875,3197.980152805276,1021.8119832536119
132.mat,7,3357.421875,0.1509776000471503,0.15795897296748032,3196.007322353825,1034.9267982021972
132.mat,8,3357.421875,0.14989329882765015,0.15677108614901075,3206.89427613309,1024.7070813932448
132.mat,9,3357.421875,0.14842783757325528,0.15829116856887424,3208.944420181598,1013.3069573107636
132.mat,10,3357.421875,0.1530032687570928,0.1619501615521397,3204.092298748319,1014.5225751817175
132.mat,11,3357.421875,0.14810354345310373,0.15970644373274845,3217.637880058222,1019.4594869940771
132.mat,12,3357.421875,0.14395189377919573,0.15687573311609584,3222.570676801084,1021.2616595977123
132.mat,13,3357.421875,0.14596891869117914,0.1606508275126097,3227.9339456993343,1018.3772709162041
132.mat,14,3357.421875,0.14918304161712234,0.16149471778394753,3213.796114756571,1020.3055320484032
132.mat,15,3357.421875,0.15310736357709037,0.1636348806947569,3222.710379594173,1030.5215532905268
132.mat,16,3357.421875,0.14966919908004883,0.16202511811873282,3194.1839142994154,1024.8728948928958
132.mat,17,3357.421875,0.15022711609008796,0.16254497205475582,3206.1001732540426,1008.5060003358032
132.mat,18,3357.421875,0.15433696303115169,0.1662423502409706,3205.895567510922,1004.5447744248487
132.mat,19,3357.421875,0.1566189126761916,0.1669306814633412,3207.5975889770116,1003.5529547301187
132.mat,20,3357.421875,0.15406768145002814,0.16393337537936428,3207.7084373421612,999.7487035407705
132.mat,21,3357.421875,0.15124769850570732,0.16225833260575007,3215.826739555668,1010.4992349738985
132.mat,22,3357.421875,0.150903563868579,0.1669078115221198,3214.934003705167,996.5793345870289
132.mat,23,3357.421875,0.14518228230896812,0.1629911483212612,3220.8189545518862,1015.9972764634969
132.mat,24,3357.421875,0.13906959892920515,0.157492702324247,3198.955461709653,1029.3945069810843
132.mat,25,3357.421875,0.12918759501177085,0.15579891950462538,3238.4331625767327,1020.4455314765356
132.mat,26,3357.421875,0.12558303593873602,0.15909621184769424,3200.71563167394,1014.7160578232466
132.mat,27,3357.421875,0.13121263090657304,0.16552227169279432,3208.675716638452,976.5623345343846
132.mat,28,3357.421875,0.1286378126757356,0.16246132838462662,3205.0497911220095,993.368593196372
132.mat,29,3357.421875,0.12527425397533312,0.1588819775466033,3217.635273507012,1002.2711307132893
132.mat,30,3357.421875,0.12771404495764246,0.16149822442486567,3206.472852718744,996.5710885051632
132.mat,31,3357.421875,0.13237878269762826,0.16765722374457492,3201.976453604155,981.6837948664083
132.mat,32,3357.421875,0.1253834737390776,0.165430877856403,3192.3189410107257,992.613463290703
132.mat,33,3357.421875,0.11921608020925034,0.16061824068760505,3200.176089703285,1011.3447036015589
132.mat,34,3357.421875,0.1201751104646688,0.15996282379626742,3206.1207569920152,992.6193447053254
132.mat,35,3357.421875,0.12401172202484897,0.15859679828262294,3224.746658824941,1010.3777208621499
132.mat,36,3357.421875,0.12381565639252187,0.16203904742199407,3198.6502842797877,985.8654017967388
132.mat,37,3357.421875,0.123961561072612,0.16179888520759111,3172.6548972773785,1025.7061027686218
132.mat,38,3357.421875,0.12570262698645554,0.16130419443721622,3207.744537652752,992.6441435217577
132.mat,39,3357.421875,0.13288313550130124,0.16488984599371442,3196.807961806127,997.2814935483577
132.mat,40,3357.421875,0.1316515987526728,0.1677277020743696,3204.283177277645,976.8526171848749
132.mat,41,3357.421875,0.13074065526992254,0.16671809233167925,3202.4453994677565,997.1775338740897
132.mat,42,3357.421875,0.13354362504984443,0.1643011261902959,3203.472490766653,1006.7892529061933
132.mat,43,3357.421875,0.13455781338173609,0.1647766680296056,3203.1016769431035,990.1787292964862
132.mat,44,3357.421875,0.13962381391939374,0.16371439561182022,3197.652911553482,1006.0816506021063
132.mat,45,3357.421875,0.13508377875611013,0.16657639957046505,3203.07203102011,1003.2769305409889
132.mat,46,3357.421875,0.13386369289878597,0.16348117068271728,3202.4277363443102,990.9717548373465
132.mat,47,3357.421875,0.1333582299420944,0.1648614310662322,3226.8736363576904,997.9874409529103
132.mat,48,3357.421875,0.13248450676906573,0.16908085756896474,3214.5494344948843,996.539875746688
132.mat,49,3357.421875,0.12606649791082178,0.1675386676423397,3204.901968752293,977.4089502978217
132.mat,50,3357.421875,0.1239176604608272,0.1683216771678917,3199.3535100900212,975.0984991483994
132.mat,51,3357.421875,0.1226713354997229,0.16400518950513293,3206.2701538353567,988.8234107889492
132.mat,52,3357.421875,0.11728348767671948,0.16663430987479164,3197.8678214109195,980.5646592186187
132.mat,53,3357.421875,0.11230009295514654,0.16831931450284646,3188.5955111553158,976.0621335739086
132.mat,54,3357.421875,0.11237539357731903,0.16822995381212863,3205.704963599904,972.9952004358247
132.mat,55,3357.421875,0.11066795591150615,0.16558698515228565,3219.7522328061777,988.9545792060756
132.mat,56,3357.421875,0.10506616758557939,0.16231279285077888,3206.6182343162927,988.033765219712
132.mat,57,3357.421875,0.1007132245597727,0.16410168468465894,3215.7755455259608,995.0366433190173
133.mat,0,3413.0859375,0.11349147718534097,0.15826502024434796,3172.1060176491765,983.3038074881849
133.mat,1,3413.0859375,0.11599251865361508,0.163244308959895,3163.041111453879,1001.7210251358663
133.mat,2,3413.0859375,0.11260656277394149,0.1644677543111003,3152.3170794045927,990.1950046734481
133.mat,3,3413.0859375,0.10640359829802007,0.16038490383517096,3158.015996533818,982.3881250945633
133.mat,4,3413.0859375,0.10737085195717311,0.16312940069015883,3159.111969401441,971.7142348810185
133.mat,5,3413.0859375,0.10742591629496823,0.16554262787641355,3165.6569403303274,979.4521021411756
133.mat,6,3413.0859375,0.10381337704306935,0.1655844188710657,3157.4264869842423,979.4241389092343
133.mat,7,3413.0859375,0.10183288545052456,0.16605857908216817,3153.9781476225803,983.6476411603551
133.mat,8,3413.0859375,0.09787844168260922,0.15993758252164117,3202.1009722774475,1014.1530162283016
133.mat,9,3413.0859375,0.09635807408397738,0.15979877807772158,3172.753052935406,984.3441808251067
133.mat,10,3413.0859375,0.09824989811345038,0.16806762207345793,3207.9312693368074,1019.351923761491
133.mat,11,3413.0859375,0.0989036204722576,0.1661279567558902,3168.822331414672,996.5255630760674
133.mat,12,3413.0859375,0.10371054895938997,0.16648860060044252,3168.0825064868923,990.2916697062395
133.mat,13,3413.0859375,0.11119755510700076,0.17151312693371495,3182.3004332664486,998.5953775134266
133.mat,14,3413.0859375,0.11765875428534595,0.1691021568429637,3164.927957968283,995.6905562822769
133.mat,15,3413.0859375,0.1267218008530605,0.1693588876821118,3170.620387926405,994.8048614934601
133.mat,16,3413.0859375,0.13684853417277282,0.17309334299983953,3166.915345369471,1009.6975256964109
133.mat,17,3413.0859375,0.13389058407919097,0.16733362839111893,3158.2925064656997,1010.9900625342411
133.mat,18,3413.0859375,0.13876745105199273,0.16706845433702022,3159.4337650255593,1022.6721564309337
133.mat,19,3413.0859375,0.15018269245499694,0.17143366662596582,3166.6209367979504,1024.1061505315163
133.mat,20,3413.0859375,0.15202759888471704,0.16686603323294283,3163.2732293264316,1014.6101533242794
133.mat,21,3413.0859375,0.15352802425292145,0.17018032447600545,3172.147518598837,1020.4623261642358
133.mat,22,3413.0859375,0.15355403011023033,0.17334288594424963,3166.9329465785117,1000.9745391820575
133.mat,23,3413.0859375,0.14400221602647026,0.1676655861777011,3158.835784042843,1009.1255675142719
133.mat,24,3413.0859375,0.1396574525293069,0.16993180672026917,3176.4860106308106,1011.0373532948254
133.mat,25,3413.0859375,0.14211794850037157,0.17193613171984315,3179.9277616421678,1016.5402097224506
133.mat,26,3413.0859375,0.144864574245918,0.17125795643628822,3165.2740562828785,1003.9652871694975
133.mat,27,3413.0859375,0.14596274582083535,0.17403333258087947,3164.3762545744853,997.9330154386464
133.mat,28,3413.0859375,0.1455610104103708,0.1676432045529617,3146.89481740243,1035.9345951367918
133.mat,29,3413.0859375,0.14177583846175412,0.1657282620883089,3166.7806010626637,1016.4004227649601
133.mat,30,3413.0859375,0.13265594947209092,0.17229544127155838,3173.9733001577833,1017.8859367850647
133.mat,31,3413.0859375,0.12710930602658607,0.16740656856213876,3169.072174131143,991.9599122895889
133.mat,32,3413.0859375,0.12793524329522635,0.16512859670283714,3171.5176047648024,1001.7280593354917
133.mat,33,3413.0859375,0.13086884275958852,0.17300813898386064,3161.4374635060344,1003.5620295270788
133.mat,34,3413.0859375,0.11408543312426482,0.1682445993847983,3162.3906475933286,978.5612071503327
133.mat,35,3413.0859375,0.11429099518322863,0.16706997196649656,3171.4639575320903,978.6428618968428
133.mat,36,3413.0859375,0.12579696547272495,0.17535164190732355,3170.3564996937116,981.6946601001689
133.mat,37,3413.0859375,0.12543544764006898,0.173856857490939,3170.5446176321166,984.1496042537091
133.mat,38,3413.0859375,0.12177851895793075,0.17087825897471526,3167.3585553673583,992.0662360925791
133.mat,39,3307.6171875,0.11510304593100514,0.16969886991360278,3180.005409900018,998.2943380967357
133.mat,40,3307.6171875,0.11320781259051295,0.16442864622151,3170.377106026654,990.4432170495774
133.mat,41,3307.6171875,0.110935457969064,0.16553244987173527,3171.075796579029,1015.1342332231036
133.mat,42,3413.0859375,0.12465635127182129,0.17152882564795902,3171.1995328071393,1000.0878679849649
133.mat,43,3413.0859375,0.1307126323396068,0.16921772429896056,3178.8330151238365,986.4808208602701
133.mat,44,3413.0859375,0.12867566357539248,0.1681182380351439,3169.2966316451975,997.0909027668149
133.mat,45,3413.0859375,0.12360526037580545,0.16589712176871702,3190.307653555971,1025.1954809341328
133.mat,46,3413.0859375,0.11596431549647164,0.16321231906938483,3170.0851600906553,987.161950703892
133.mat,47,3413.0859375,0.11959166184919702,0.17021192733765278,3174.34205547043,1011.0004851346707
133.mat,48,3413.0859375,0.11916016275128655,0.17171790981253432,3164.388137096767,996.6586205734004
133.mat,49,3413.0859375,0.11867036189664769,0.16948780136094677,3167.4074789543756,991.8146004002593
133.mat,50,3413.0859375,0.11992315523497366,0.1741269957691513,3192.9732291229466,986.6557552367782
133.mat,51,3413.0859375,0.1184962963619691,0.16937934835153,3186.932472186556,970.7790919154465
133.mat,52,3413.0859375,0.11692649899878439,0.1665700500263299,3184.064760168718,982.0983560745652
133.mat,53,3413.0859375,0.12165829475644326,0.17347670915120983,3193.6452352352453,983.3663402318358
133.mat,54,3413.0859375,0.11692936628158133,0.17349757589057127,3172.159483601063,980.1312716385133
133.mat,55,3413.0859375,0.1187178005761017,0.17048614899505496,3174.570284117754,984.4609835453319
133.mat,56,3413.0859375,0.12042998617058699,0.17244537091818615,3175.4510186469765,983.0469420800741
133.mat,57,3413.0859375,0.11800687167504918,0.17383319485409726,3175.888915875808,964.4966978596163
97.mat,0,1037.109375,0.02631040132337768,0.002980110196016937,1097.9017555027854,1057.2654036996464
97.mat,1,1037.109375,0.025303483457323687,0.0030197230120501254,1108.8305091361906,1081.4028631541837
97.mat,2,1037.109375,0.024769313671386326,0.002800865082574662,1095.155177217698,1036.946376988801
97.mat,3,1037.109375,0.02410885721354522,0.0027142398192734245,1098.8646141172646,1028.0039495803767
97.mat,4,1037.109375,0.02416847072096987,0.002685383188932224,1119.622579892666,1073.6795152996644
97.mat,5,1037.109375,0.024977143312947824,0.002668944758847786,1112.2211934663005,1050.9077171727845
97.mat,6,1037.109375,0.024373010774893594,0.0026619582652047838,1100.910521335256,1039.8498547056565
97.mat,7,1037.109375,0.02522983296887223,0.0027618713528658806,1101.9948006515613,1048.0359669997367
97.mat,8,1037.109375,0.024574603976027072,0.0027162645394935665,1108.6470216424777,1064.3315265043134
97.mat,9,1037.109375,0.025078032925699125,0.002736252712254729,1097.9222098708242,1050.3294459221524
97.mat,10,1037.109375,0.025209167041198,0.002840125098524366,1119.0480399748844,1098.5123327906047
97.mat,11,1037.109375,0.024757937406878323,0.0028390153997257207,1105.1054374243151,1077.7791524558488
97.mat,12,1037.109375,0.025586334614339692,0.002897443272407051,1087.9360217996511,1039.0213393890488
97.mat,13,1037.109375,0.024851920534961956,0.002735630059294824,1127.3305851566768,1092.3935484414837
97.mat,14,1037.109375,0.024844100552835265,0.0026208241839977683,1170.5181090899296,1133.9598517657546
97.mat,15,1037.109375,0.02504832136028925,0.00266430275346042,1122.3009440804972,1068.0147295538566
97.mat,16,1037.109375,0.025843532195983687,0.00268201703468331,1135.3997532989194,1102.6334577722637
97.mat,17,1037.109375,0.025000148257940304,0.002770658185455863,1133.0148524519575,1111.473150664979
97.mat,18,1037.109375,0.02494443416321893,0.002714266464307526,1110.77216829433,1064.6024791497273
97.mat,19,1037.109375,0.02384703521563231,0.0027170652040358787,1106.5152498514958,1072.4144116595182
97.mat,20,1037.109375,0.02537862264302411,0.0028080770409804785,1124.8363836076778,1103.3065683285326
97.mat,21,1037.109375,0.025283712887622788,0.002861499608962786,1137.434428104104,1114.8561738461838
97.mat,22,1037.109375,0.02538612574110482,0.0029065956479593473,1144.8942011403,1122.6667595723109
97.mat,23,1037.109375,0.023506132723193303,0.0029103320806725974,1114.7962592504764,1085.281302826847
97.mat,24,1037.109375,0.023453717359156436,0.00275764702135191,1124.9870772462066,1069.9539220459867
97.mat,25,1037.109375,0.02347482662152398,0.002633973557976248,1166.5416855399317,1137.6568301294706
97.mat,26,1037.109375,0.023752577775912477,0.0026498954627550684,1162.9504863067966,1134.6225778040807
97.mat,27,1037.109375,0.02526871132348802,0.00267849760359252,1120.5848981576628,1081.5369143936243
97.mat,28,1037.109375,0.024901953717508724,0.002724288600094322,1137.3456293966537,1114.0589938269313
97.mat,29,1037.109375,0.025333100472327164,0.0027306009732497956,1109.866246068695,1045.123237701466
97.mat,30,1037.109375,0.0242238993313197,0.0026595603303086906,1187.3069332122702,1130.7086924025546
97.mat,31,1037.109375,0.024459314989545934,0.0027221203035160367,1143.2836569689553,1078.1948489887886
97.mat,32,1037.109375,0.025894065423096385,0.0027033243372096413,1142.0569134369664,1088.5924767544484
97.mat,33,1037.109375,0.02473555921175526,0.0026826340207102063,1106.9272773800237,1045.9890989485907
97.mat,34,1037.109375,0.0254671007236904,0.002705620526656175,1100.413917329314,1044.363360601015
97.mat,35,1037.109375,0.025197304620859565,0.0026565639418426497,1111.2659376465024,1065.9672156695215
97.mat,36,1037.109375,0.025959900447144614,0.0027109126376327706,1138.6452424223821,1081.7034214318355
97.mat,37,1037.109375,0.024640367038665702,0.0026264637361461678,1125.9290519285362,1081.3687087381568
97.mat,38,1037.109375,0.025322299701540006,0.0026198365727617286,1104.87146404028,1056.3384498921628
97.mat,39,1037.109375,0.02513166243928734,0.0026521998302802725,1115.6063125477706,1068.2207890472005
97.mat,40,1037.109375,0.024018921936533155,0.0026873060050060515,1122.8058891348685,1071.0317261476064
97.mat,41,1037.109375,0.023487058754508287,0.0028651441438168955,1092.9182122460777,1064.7571422394828
97.mat,42,1037.109375,0.02488542777550378,0.0028412034420889245,1092.8479139569176,1057.0494841304742
97.mat,43,1037.109375,0.02421823597557515,0.0027658832629193168,1139.2335674942665,1123.5494584146604
97.mat,44,1037.109375,0.023762555940202552,0.0027516672231596255,1093.2545592725312,1069.2851842972734
97.mat,45,1037.109375,0.024770903768499625,0.0028810767515112675,1088.3008486092479,1084.052395782474
97.mat,46,1037.109375,0.025250628995338288,0.0029354206271566016,1110.8855568789802,1109.3812841806782
97.mat,47,1037.109375,0.023965565873546892,0.0027155309615411807,1117.7966317995767,1100.7691552128963
97.mat,48,1037.109375,0.023863991621399586,0.0026586405787573796,1140.7326305232018,1128.9841111109768
97.mat,49,1037.109375,0.024684567435082697,0.0026126613291398075,1112.5972165557985,1064.1803162217573
97.mat,50,1037.109375,0.023881424305077437,0.0025868731622395043,1122.8885730788925,1068.8309902257204
97.mat,51,1037.109375,0.023411994925151364,0.0025731825284094276,1132.2635007205483,1091.5833542395455
97.mat,52,1037.109375,0.023171651752786734,0.002615240538382905,1098.8192651409393,1071.8505447578646
97.mat,53,1037.109375,0.023550852793454546,0.002635681113443437,1091.6218491196246,1054.8742921683395
97.mat,54,1037.109375,0.023346113587075078,0.0025769071441028883,1104.6401938798551,1052.8105934050966
97.mat,55,1037.109375,0.024032460696860068,0.0026413414488718964,1099.1110334813613,1070.5514698471318
97.mat,56,1037.109375,0.024766192562759942,0.00273994705374463,1087.5854456938703,1047.725430108321
97.mat,57,1037.109375,0.02456041493925951,0.002857066602837901,1105.209929849699,1085.6350263502668
97.mat,58,1037.109375,0.02422434856426023,0.002775237228083591,1085.5505744954633,1049.3231611913538
97.mat,59,1037.109375,0.0242139184019344,0.002683664299993308,1116.5607388122849,1053.2505040479296
97.mat,60,1037.109375,0.02353091475788235,0.002804273541238782,1139.2047179896228,1121.5978507025095
97.mat,61,1037.109375,0.0243157747696339,0.0028442308821178906,1133.919244022709,1115.6087958589605
97.mat,62,1037.109375,0.0239664531081092,0.0028570929101258383,1109.1572919546477,1082.7759095574402
97.mat,63,1037.109375,0.024081935156842958,0.0028310655951412915,1115.9899311662941,1099.399078402072
97.mat,64,1037.109375,0.024260889417483753,0.0028435727527057896,1081.4728172983503,1050.4866723697112
97.mat,65,1037.109375,0.023043795388549042,0.002829556508738449,1073.8114152212552,1033.2241041001791
97.mat,66,1037.109375,0.02390614621762277,0.0028319843679804734,1110.4927975865917,1076.2588738312718
97.mat,67,1037.109375,0.023158425450576166,0.002939702889437268,1077.8754918153802,1039.525466699285
97.mat,68,1037.109375,0.02392852062415055,0.0029116282458516458,1131.294398269161,1127.9935045126556
97.mat,69,1037.109375,0.025415137945450028,0.003049627728530427,1062.4406276147415,1029.0601575201993
97.mat,70,1037.109375,0.025661613447726047,0.0031463170600853916,1059.211699464267,1014.240954829582
97.mat,71,1037.109375,0.02581308870646731,0.00303816954645069,1053.8902093058678,1010.3711111170109
97.mat,72,1037.109375,0.026486678085075144,0.0029757708588472307,1083.528666930858,1066.6847323100549
97.mat,73,1037.109375,0.024284705071215076,0.002884217069461542,1110.5626072350167,1111.2542201334822
97.mat,74,1037.109375,0.024581082587891098,0.002899324414541434,1094.489773552492,1068.772764984896
97.mat,75,1037.109375,0.025074244364197886,0.0028960840667075233,1133.160046729631,1113.8886174099212
97.mat,76,1037.109375,0.023647787668217082,0.002862531711507602,1070.355130048135,1023.509260922656
97.mat,77,1037.109375,0.023882291120100912,0.002866039226427503,1113.9849994083193,1108.5346820502602
97.mat,78,1037.109375,0.024467886620414624,0.0028811564370587878,1114.171786094132,1098.129564902294
97.mat,79,1037.109375,0.024628698844362182,0.0029185782922913593,1084.2384749845003,1037.2978962015625
97.mat,80,1037.109375,0.02467523059122012,0.0028857683163920774,1089.880420678673,1055.602241865843
97.mat,81,1037.109375,0.02477062963146231,0.002807594137550374,1089.5792188945875,1037.295449472617
97.mat,82,1037.109375,0.02609418816286862,0.00292404591475262,1094.4494676873333,1046.2262338571402
97.mat,83,1037.109375,0.025629479677277123,0.0028799769070682393,1090.9748358869817,1024.0384786695272
97.mat,84,1037.109375,0.02449651293113673,0.002690047915070735,1158.4233401958895,1099.6367375746006
97.mat,85,1037.109375,0.024847104657514447,0.002763789137374776,1096.43081555745,1035.3338022240764
97.mat,86,1037.109375,0.02430773915932622,0.0028887383283955383,1110.6507730070705,1086.4702544180648
97.mat,87,1037.109375,0.02328676913498551,0.0027989776569043094,1083.7735440716845,1025.4918463873528
97.mat,88,1037.109375,0.024668491325709814,0.002646872336526611,1100.2378855266054,1025.8147669158436
97.mat,89,1037.109375,0.02453544341026054,0.0028668850153405903,1079.8646646324946,1032.2710252412758
97.mat,90,1037.109375,0.025960427818220985,0.002892554861815712,1105.3689727812407,1071.671657918227
97.mat,91,1037.109375,0.02521100047257182,0.002822857796388675,1106.400067387575,1068.183297873883
97.mat,92,1037.109375,0.024930123920942085,0.00286497631350106,1085.3946166753306,1046.1598416761458
97.mat,93,1037.109375,0.025889328171262726,0.0028152156773223404,1121.3468493782161,1091.3100881701728
97.mat,94,1037.109375,0.02589121601240272,0.002889346436452115,1085.1449613632458,1044.9465551813732
97.mat,95,1037.109375,0.025954609833055146,0.0029702016334724407,1131.0033523854058,1101.8582376723534
97.mat,96,1037.109375,0.025738513499475556,0.0030236021482556467,1077.3061098984963,1020.7986555882153
97.mat,97,1037.109375,0.024971699569233695,0.002998917577758205,1078.8303878911472,1046.0942093819463
97.mat,98,1037.109375,0.02439987920952864,0.0029251689420630865,1073.8707632331445,1046.3167192233416
97.mat,99,1037.109375,0.025385153285738114,0.0030729204856044146,1057.6997293243799,1028.4170801665714
97.mat,100,1037.109375,0.024866057726832196,0.0030717934789218568,1092.0494588420636,1075.3464859763938
97.mat,101,1037.109375,0.02556566519269928,0.0029158901376355366,1075.3351676049078,1049.5993413803053
97.mat,102,1037.109375,0.024815910464986997,0.002900034257489923,1103.5112262599987,1096.949859321394
97.mat,103,1037.109375,0.024433824176440876,0.0028442696483150513,1071.640494705194,1030.4794755850949
97.mat,104,1037.109375,0.024294056524975825,0.0028380652633593836,1108.9583508336343,1073.4032460045687
97.mat,105,1037.109375,0.02384725010328622,0.0028450340223715952,1122.0231989676902,1076.6023927691845
97.mat,106,1037.109375,0.02393032106014179,0.002851834551153603,1129.0197561554282,1065.6447936693578
97.mat,107,1037.109375,0.024436919737804295,0.0028566395999828752,1170.154876645548,1137.7356392414422
97.mat,108,1037.109375,0.026323384408951007,0.0028874784086675345,1085.1082301463346,1042.852679817087
97.mat,109,1037.109375,0.02410681641509313,0.0027978456188876874,1112.5941369744191,1084.3556078018291
97.mat,110,1037.109375,0.025642827468869256,0.002705055017801457,1117.1493642903426,1063.2432776702424
97.mat,111,1037.109375,0.02588255001110097,0.002769196246448143,1102.3563992253391,1046.30876734719
97.mat,112,1037.109375,0.025574283132907858,0.002701599820932787,1133.0442287422716,1091.2081090906165
97.mat,113,1037.109375,0.024511653963517965,0.0026681425081394807,1114.67470295513,1060.7476025302938
97.mat,114,1037.109375,0.02548034757193385,0.0027918305376453097,1117.3114729537633,1062.3512625344435
97.mat,115,1037.109375,0.02540777264365191,0.0028169058400657043,1109.9160520095538,1067.9635615576371
97.mat,116,1037.109375,0.025817582690606543,0.002779034559354711,1135.1551736092424,1083.6486495228971
97.mat,117,1037.109375,0.024640304571963003,0.002822703040962461,1149.472946138777,1102.7325120904868
98.mat,0,1066.40625,0.01686262157832238,0.002173317359196863,1104.09686787427,1066.3976751172936
98.mat,1,1066.40625,0.015541031696788091,0.0020900725956613667,1143.3514258253126,1103.8401685291878
98.mat,2,90.8203125,0.01566631352521765,0.00215026575736646,1132.7920357866954,1105.958428586041
98.mat,3,90.8203125,0.01660371443197029,0.0021850636988786447,1113.2501536065633,1075.3097515368802
98.mat,4,90.8203125,0.01652307142943217,0.002252468595336028,1143.4866949282944,1119.4939516084737
98.mat,5,90.8203125,0.015872502263219308,0.0021865498552346998,1112.437293492502,1105.1479061997975
98.mat,6,90.8203125,0.017094430691216234,0.002185239051936332,1146.9080735660707,1144.7605359562026
98.mat,7,90.8203125,0.017228261354882438,0.002295059004871602,1093.0345386362317,1096.705955569299
98.mat,8,90.8203125,0.017800575589369223,0.0023133046442626384,1093.2127424036066,1078.1295758146152
98.mat,9,90.8203125,0.0164989346404603,0.0022317289367995703,1100.198216807775,1078.4352789684817
98.mat,10,90.8203125,0.01732914257971455,0.0021640418871106265,1118.0845605924478,1094.4076323195225
98.mat,11,90.8203125,0.01669728158131877,0.0022046729563605094,1104.8014984134672,1070.1195272849834
98.mat,12,1066.40625,0.01728121858835832,0.002286301686114029,1099.361827484159,1075.3763664109783
98.mat,13,1066.40625,0.017822912099913994,0.0023102321199534267,1157.1850491716202,1170.7999369871206
98.mat,14,1066.40625,0.016637894655053418,0.002187423618190034,1113.5812370464996,1075.5880317491735
98.mat,15,90.8203125,0.015739369461782105,0.0021142341595001006,1184.0118142869555,1154.4364025072464
98.mat,16,90.8203125,0.01651823247860791,0.002078565731114861,1128.0392525233665,1072.134129901067
98.mat,17,90.8203125,0.01628578743235752,0.002275621345732745,1103.3582307758825,1081.3552192370355
98.mat,18,90.8203125,0.01719645142799253,0.0023244353437374935,1124.7069267762213,1094.4097137235024
98.mat,19,90.8203125,0.017198164947317542,0.0021804640904402478,1100.6398708904999,1068.065402897077
98.mat,20,90.8203125,0.01780918542496562,0.002265305259468789,1105.0679368713995,1094.1521662360656
98.mat,21,90.8203125,0.016553749883510622,0.0023723157415657865,1106.863021967653,1089.6981024202612
98.mat,22,90.8203125,0.01614188337844837,0.002283985425712206,1117.853245376817,1099.1775222518852
98.mat,23,90.8203125,0.017112716744277574,0.0022901532221581192,1098.3163174444028,1085.0887931189684
98.mat,24,90.8203125,0.016156088837460003,0.00228239679209816,1067.224685786776,1072.3463500317298
98.mat,25,90.8203125,0.014991165403752485,0.0021281588011083092,1085.6012141539518,1078.709816486904
98.mat,26,1066.40625,0.015477204592838016,0.0021397441901334245,1097.9827792690792,1063.8900294551788
98.mat,27,1066.40625,0.015256856724049191,0.0022161781020648484,1091.108613076447,1060.688277926293
98.mat,28,90.8203125,0.015555511812966674,0.0021423420434306625,1100.457828121829,1084.446459157074
98.mat,29,90.8203125,0.015414798366440264,0.002018707045086822,1124.969339953698,1114.09437484535
98.mat,30,90.8203125,0.0158929179632267,0.0021576763540547086,1113.2956530190424,1084.5099727371132
98.mat,31,90.8203125,0.018111252891820178,0.0022998294129371022,1095.205080781292,1079.27827828457
98.mat,32,90.8203125,0.017515687058298608,0.002314231815513675,1086.962763264587,1049.9680462115057
98.mat,33,90.8203125,0.01735930542111764,0.0022526274581594337,1146.367777942899,1122.9820550954933
98.mat,34,1066.40625,0.015498233251567597,0.0022377559199587152,1099.385674051683,1096.413301267513
98.mat,35,90.8203125,0.01868088446448729,0.0023976684240142815,1083.28726439702,1062.747189715806
98.mat,36,1066.40625,0.017891804685095346,0.0023206159252623076,1120.8188452321588,1099.7023765457025
98.mat,37,1066.40625,0.018089900672787734,0.0021780212849797577,1165.595639166293,1128.8744076138141
98.mat,38,1066.40625,0.01734480744265366,0.002269061151499315,1103.5385257990822,1071.826508636347
98.mat,39,1066.40625,0.01626337907509253,0.0023163429801060197,1098.715280251536,1115.1345755042826
98.mat,40,1066.40625,0.01668252407066948,0.002274712186737138,1084.240389813598,1062.2886171231753
98.mat,41,1066.40625,0.016103577059833195,0.002128644180026721,1118.0343616431971,1071.554790235517
98.mat,42,90.8203125,0.01612871230257759,0.002028918838758387,1125.0693732822633,1086.3712948002826
98.mat,43,90.8203125,0.01740491838203122,0.0021349897565234857,1113.9887032215934,1078.5200431323533
98.mat,44,90.8203125,0.01751900392509659,0.002252459450137889,1096.7355209287903,1067.7757383411958
98.mat,45,90.8203125,0.017312936050491314,0.0022708998551441446,1122.9878598835312,1102.5778215227176
98.mat,46,90.8203125,0.018417608835802738,0.0023899181148895423,1097.8748897082755,1086.1248292252092
98.mat,47,90.8203125,0.017471752664478743,0.0023891265521760034,1095.637698221549,1079.3534369298388
98.mat,48,90.8203125,0.01726937621799262,0.002168121281818824,1104.5627699895604,1066.2207435857076
98.mat,49,90.8203125,0.016583357746255377,0.0020845736347259647,1117.2825249839334,1084.1875013785825
98.mat,50,1066.40625,0.017416872110980388,0.0022333577482383567,1116.9464995963501,1084.728488075002
98.mat,51,1066.40625,0.01630419692910535,0.002347207976369931,1073.4823756020749,1045.4655488797596
98.mat,52,90.8203125,0.015592728845157985,0.002295752210543971,1079.9868260312753,1056.5714799799896
98.mat,53,90.8203125,0.01651616433433371,0.002376033667155256,1100.6925858048155,1068.7431734418292
98.mat,54,90.8203125,0.016170615993732436,0.0022849783309887577,1112.193019588528,1064.6622472010463
98.mat,55,90.8203125,0.015226758040094275,0.00216059503717555,1119.566377830995,1087.0647406117114
98.mat,56,90.8203125,0.017807452503018493,0.0023006511753903567,1108.1762430496765,1069.093509789399
98.mat,57,90.8203125,0.01667305308822772,0.0023147533337515326,1111.8588393289303,1101.3791865329183
98.mat,58,90.8203125,0.01770974874248616,0.0021770600053816905,1135.3400587374224,1111.3125050241274
98.mat,59,1066.40625,0.0156089970650983,0.0022355912543864523,1108.2572894666494,1082.8315541307834
98.mat,60,90.8203125,0.018263487289817325,0.0024298166220454893,1091.4851568734273,1067.8853110154946
98.mat,61,90.8203125,0.01707176620135418,0.002315568849431222,1095.3292192044648,1076.4142862479937
98.mat,62,90.8203125,0.01612646499010578,0.00211685038457311,1113.1503551982848,1098.1913476549187
98.mat,63,90.8203125,0.01568628603586385,0.0024143486570864354,1118.0499296213045,1112.1601757838916
98.mat,64,90.8203125,0.017681183915425905,0.002419539191035194,1086.2950922683788,1089.3354688962665
98.mat,65,90.8203125,0.01575479170342929,0.0021183091145538834,1157.6265295504759,1152.8611714446781
98.mat,66,90.8203125,0.014841873472353282,0.0020667226097693878,1119.2925456101568,1104.0880396857458
98.mat,67,1066.40625,0.015686828475340465,0.002143495577334865,1110.7542440679329,1092.6253671554462
98.mat,68,90.8203125,0.017349640373534626,0.0022487989233263865,1119.0797930504552,1111.078318813885
98.mat,69,90.8203125,0.015805419050754457,0.0022095938063759696,1108.4062187226116,1080.4839776461054
98.mat,70,90.8203125,0.01590081664615806,0.0020707909351052943,1125.1708155846354,1104.3098223528539
98.mat,71,90.8203125,0.01701111748069619,0.002118667548737908,1150.4010710208554,1122.9244724780353
98.mat,72,90.8203125,0.0171676740559756,0.0022800033980957674,1136.3173879816138,1109.0179840688895
98.mat,73,90.8203125,0.01659673131181904,0.0023172608087957494,1119.6157700048102,1093.5219647680694
98.mat,74,90.8203125,0.016929796954007096,0.002310832077679531,1099.5078280173288,1110.0669992807964
98.mat,75,90.8203125,0.016389540576088036,0.0023881822388609774,1083.2846829125278,1065.5871654301422
98.mat,76,1066.40625,0.016615358268811786,0.0023872564842725053,1124.3032776144648,1109.2756034788626
98.mat,77,1066.40625,0.017039065593681877,0.0021759862479686404,1124.1538768367018,1086.0651152160326
98.mat,78,1066.40625,0.01758111715700174,0.002265748596346409,1127.853119717803,1125.6695920949817
98.mat,79,1066.40625,0.017577995346998766,0.002477305860547665,1093.981884688615,1074.8568822479367
98.mat,80,1066.40625,0.016993947360246935,0.0023520694681650215,1107.533275319841,1093.1244914631295
98.mat,81,1066.40625,0.01826056942923724,0.0023777389404428567,1102.3327149312613,1067.489373604761
98.mat,82,1066.40625,0.018297949582062552,0.0025629836392083677,1130.7758136955529,1115.3664582411066
98.mat,83,90.8203125,0.016747680821452032,0.002353244383716308,1124.8931307691935,1075.3994745697096
98.mat,84,90.8203125,0.015903920092156226,0.0021967584802474053,1101.946487932731,1063.6754330948718
98.mat,85,90.8203125,0.017334379965524383,0.0024040151597278284,1089.788729493864,1067.1420719530045
98.mat,86,90.8203125,0.017000312182635535,0.0025186432490856138,1092.6214539823134,1069.0312621995638
98.mat,87,1066.40625,0.016450103707820216,0.0023143159501785838,1130.2537438828303,1100.2402065553072
98.mat,88,90.8203125,0.015688231004459322,0.0022094645793660165,1147.0103401363358,1124.777068680981
98.mat,89,90.8203125,0.016594974346337686,0.002147058875245661,1142.9662558732286,1110.602027521345
98.mat,90,90.8203125,0.015315040891567376,0.0021777894740899447,1118.7150193308726,1107.8562444239103
98.mat,91,1066.40625,0.016216759771474697,0.0022941316043094875,1095.114815858469,1072.0882667234698
98.mat,92,90.8203125,0.01668294325741635,0.00232101993441078,1103.51955224073,1080.6622974399122
98.mat,93,90.8203125,0.016889980099859415,0.0022779708592809795,1096.5898090416622,1093.2360455942205
98.mat,94,0.0,0.015830220252403847,0.0022416640623838927,1105.2421584113301,1079.0713900818403
98.mat,95,1066.40625,0.015898166453454682,0.0023485687132163585,1118.605577298501,1096.4225504858719
98.mat,96,90.8203125,0.01757263174429113,0.0025075321098716025,1092.6208646502866,1076.7954717769326
98.mat,97,0.0,0.01728034164663461,0.0024511715394321004,1094.9223621225974,1090.4431758370388
98.mat,98,1066.40625,0.01594683046843692,0.002304407230156522,1137.083213545279,1142.2356857068062
98.mat,99,0.0,0.01628203350360577,0.0024125481689056733,1083.2808362869298,1088.7608966516864
98.mat,100,90.8203125,0.01805244422645977,0.0026088673275563214,1075.9880727198552,1064.2052944796421
98.mat,101,1066.40625,0.01608248897757143,0.002499370517978122,1102.207911033094,1068.1497335728625
98.mat,102,0.0,0.015608871995192307,0.0022516769030306023,1135.981206803219,1098.9731024739208
98.mat,103,90.8203125,0.01574954420468523,0.002220434380860902,1085.136733411184,1071.7798669021417
98.mat,104,90.8203125,0.01691518437646865,0.0023513700817342185,1089.9534285340728,1078.9979309081182
98.mat,105,1066.40625,0.015840370720775765,0.002304564414155657,1095.814875870507,1068.3984374377726
98.mat,106,1066.40625,0.017403355496835773,0.002234548369043339,1121.2546259135552,1085.6073897588649
98.mat,107,90.8203125,0.016693110341362193,0.0024504590439484767,1075.2944592337424,1079.807611479254
98.mat,108,90.8203125,0.01789426269548447,0.002579151253465502,1123.698585595076,1137.4008571288894
98.mat,109,0.0,0.017436854116586537,0.002460757304064732,1108.580671582705,1097.3533578545312
98.mat,110,0.0,0.01825359149639423,0.0024161595066882306,1136.3212090080385,1128.891956816768
98.mat,111,0.0,0.018459405649038464,0.002529381393692271,1090.6228948327114,1094.216774147429
98.mat,112,0.0,0.018218448768028847,0.0025330601752945785,1071.8100654311313,1054.8697864778721
98.mat,113,0.0,0.018287817457932693,0.002356760484385356,1077.032137883201,1078.4784913744252
98.mat,114,0.0,0.016893415114182693,0.0022703285388722557,1098.9335821724558,1096.3442446018491
98.mat,115,1066.40625,0.016327877494388274,0.0022861875893706216,1106.8365836253158,1078.9681610820433
98.mat,116,1066.40625,0.016437780787518383,0.0022170779772224996,1118.2184031887189,1100.12245276789
98.mat,117,0.0,0.01622911568509615,0.0023167613418789246,1131.2249103651372,1118.335724313371
98.mat,118,0.0,0.01634773512620192,0.002407197490694441,1119.8635666828095,1082.7112175693194
98.mat,119,1066.40625,0.01684096760079374,0.0024690840787453643,1128.5759292192904,1121.2494920280901
98.mat,120,1066.40625,0.01668883590288711,0.002384509890547224,1079.875033225178,1064.1699828571334
98.mat,121,90.8203125,0.01677517812289381,0.0023767495272393867,1113.6066827960112,1106.3921651494172
98.mat,122,1066.40625,0.01693199572900591,0.0023383349252610003,1085.3860288106632,1078.0229705220995
98.mat,123,1066.40625,0.016698396142924524,0.0021996188315120927,1109.8725669703715,1093.7132463315381
98.mat,124,90.8203125,0.016715748175488668,0.002261774756746318,1096.1597310585935,1053.0744188420022
98.mat,125,90.8203125,0.01720602153913905,0.002295323346907373,1099.4402150642254,1089.430532676752
98.mat,126,90.8203125,0.015856974621356077,0.0021367972560694267,1096.6064814407725,1083.6754041227548
98.mat,127,1066.40625,0.016097596744830887,0.0020855461308782377,1128.2709738958054,1105.0471286954837
98.mat,128,1066.40625,0.015482697342172344,0.0021623553160376144,1104.8204130382155,1070.73099769662
98.mat,129,90.8203125,0.017087409879095298,0.002114957618784725,1115.204482376249,1072.9351119561957
98.mat,130,90.8203125,0.015253563846685124,0.0021002769954332964,1092.9301107926187,1069.691386209435
98.mat,131,90.8203125,0.01617634251084465,0.002122680449109105,1115.50737163042,1094.596489048742
98.mat,132,1066.40625,0.01654640579299649,0.0023151196849290393,1100.1327473651384,1100.323800794982
98.mat,133,90.8203125,0.01812002573399849,0.0023770611176838854,1094.0685378603591,1076.1939506875312
98.mat,134,90.8203125,0.01617580046730789,0.002195992195331797,1133.9692454740696,1119.8097650262896
98.mat,135,90.8203125,0.017430830854548912,0.0021971068109231033,1122.4032701184626,1111.6432471957683
98.mat,136,90.8203125,0.01660162482307213,0.0022845953344028903,1079.962743437445,1098.2617511194344
98.mat,137,90.8203125,0.016686235635362402,0.0022486553323328,1109.232492495923,1106.2771947064339
98.mat,138,1066.40625,0.016523972628515605,0.0022487413341735333,1090.0947525337745,1073.9730628379264
98.mat,139,90.8203125,0.015950444808175774,0.002209672096404755,1088.800279529231,1067.9563512714496
98.mat,140,90.8203125,0.015663123632500893,0.002238988688873833,1151.649699679303,1153.8549414570211
98.mat,141,1066.40625,0.016045462569066964,0.00212290939143407,1139.7844924924736,1111.75625065505
98.mat,142,90.8203125,0.015346291885133832,0.0020694723488333183,1134.803008064833,1127.1657628891742
98.mat,143,90.8203125,0.016883236826997067,0.002172852578389817,1097.6235219842745,1066.5548992476279
98.mat,144,90.8203125,0.01576029299123129,0.0023483013918797597,1083.0821875012207,1079.2919618119852
98.mat,145,90.8203125,0.0167594555054934,0.0023008842852937014,1121.8667451478468,1106.1497837798045
98.mat,146,90.8203125,0.01750374588589625,0.0023150739380954203,1133.1765405418387,1117.819825692445
98.mat,147,90.8203125,0.01795501093120839,0.002449986400072368,1089.9470881891698,1085.6690495444611
98.mat,148,1066.40625,0.0166455129919763,0.002258861587664547,1137.4281438879768,1135.5608701032584
98.mat,149,1066.40625,0.017190636144967106,0.0021874989694572852,1202.028120549958,1202.4993156637058
98.mat,150,90.8203125,0.017364621656059176,0.0024224735766393223,1120.6955599404757,1101.6736224599927
98.mat,151,1066.40625,0.016674444142898464,0.002290889205474758,1173.3322626118502,1145.6446598225834
98.mat,152,1066.40625,0.016762790361525875,0.0021796571205592555,1123.5703545041342,1104.5488341217551
98.mat,153,1066.40625,0.015572565375760263,0.0023893912745983864,1052.5075050031044,1050.805847981792
98.mat,154,90.8203125,0.016433738354277867,0.0022594401462469227,1119.3554924458522,1133.879198533073
98.mat,155,90.8203125,0.01550097596078232,0.0021116008255924567,1106.0855908298727,1098.7000089745102
98.mat,156,1066.40625,0.015591566103046468,0.0021744374556964575,1119.396612559288,1102.1269672290223
98.mat,157,90.8203125,0.015876455979981524,0.0022530792171789747,1091.5087667141495,1088.1759170547018
98.mat,158,90.8203125,0.01784699812493477,0.0022585269300950403,1110.8477346250734,1105.5743334572103
98.mat,159,90.8203125,0.016455130384444364,0.0022005126028264996,1105.6647503621607,1073.9562221313076
98.mat,160,1066.40625,0.016857932945619523,0.002197939950624711,1122.966857191915,1112.1563641667167
98.mat,161,1066.40625,0.01641951159021179,0.0023572105382098528,1077.2635906039998,1077.1185347563994
98.mat,162,90.8203125,0.017921500235743987,0.002378046828844187,1152.4924416373508,1142.486752025559
98.mat,163,90.8203125,0.015460828280459521,0.002259683407359968,1120.872163134474,1091.0535119283554
98.mat,164,90.8203125,0.016114476491746934,0.0022815106277403576,1083.349287963887,1057.022738345303
98.mat,165,90.8203125,0.01586955601698661,0.002427411612142611,1102.524438370365,1110.758662639532
98.mat,166,1037.109375,0.015825924830200344,0.002343216945105658,1133.982169768709,1120.548173800361
98.mat,167,90.8203125,0.015637141959230855,0.0022379601787697913,1143.8960901198143,1125.2836192249497
98.mat,168,90.8203125,0.016389029768348308,0.0024602977644684544,1097.7897897606044,1073.3624723546866
98.mat,169,90.8203125,0.0170696082541884,0.0025729088946887997,1101.2839050497753,1095.4976106569545
98.mat,170,90.8203125,0.016531809469370346,0.0022902295268821538,1102.351326996338,1088.025903687425
98.mat,171,90.8203125,0.0162690154886609,0.002123922499444555,1126.251765919663,1109.124739354917
98.mat,172,90.8203125,0.017526841068793406,0.002327053149658762,1104.1569201010982,1095.8148476626077
98.mat,173,90.8203125,0.017305379983679217,0.0024049126789164924,1096.9687390862302,1080.4626649564282
98.mat,174,90.8203125,0.016048006112195236,0.002214478318222445,1123.6266255338444,1104.8006807015606
98.mat,175,90.8203125,0.0163715097292539,0.0022372710175663614,1109.711390362165,1096.0662115333098
98.mat,176,90.8203125,0.017257759203710317,0.002274585958913744,1118.9953305790957,1099.0125248346453
98.mat,177,90.8203125,0.017004688759635685,0.002290187867303186,1090.0265445415864,1081.5890093451612
98.mat,178,1066.40625,0.015761321167395988,0.002375169932852708,1073.457161022493,1066.0161709520169
98.mat,179,90.8203125,0.01673167661612462,0.002474568192553738,1063.8251672317267,1047.128998207865
98.mat,180,90.8203125,0.016880741052518012,0.00235015490032764,1121.7881628876432,1126.4086737173056
98.mat,181,90.8203125,0.016367441062561026,0.0021846739696495046,1108.1557966406624,1072.851283184195
98.mat,182,90.8203125,0.016557776186331512,0.0023007401202623746,1134.4022340502115,1111.9822271181843
98.mat,183,90.8203125,0.01702877161983965,0.0023716627574792196,1127.8083740002587,1096.8019874491188
98.mat,184,90.8203125,0.01715642926091773,0.0024938559846597475,1105.6718459184383,1078.9399649915674
98.mat,185,90.8203125,0.016833501869042283,0.0024669439798369126,1121.3411886788367,1099.9819870133454
98.mat,186,1066.40625,0.01687392602802269,0.00243937953579294,1125.7251728202896,1138.7698893115498
98.mat,187,90.8203125,0.01723446795674332,0.0023526402580720095,1075.7964833152093,1064.0178731032795
98.mat,188,1066.40625,0.016610300396410635,0.0023206913264903197,1101.046772996774,1081.1971640797847
98.mat,189,1066.40625,0.01757327814600625,0.0025238759086076905,1091.4953922688853,1083.5661493828613
98.mat,190,90.8203125,0.01607445340841767,0.002365784140818014,1117.64464709032,1141.4294388496714
98.mat,191,90.8203125,0.015546713946642119,0.0022092162523406644,1117.3206953184556,1100.2744440486529
98.mat,192,90.8203125,0.015908043527545053,0.0022935058921763874,1093.8781075953495,1062.4466961974122
98.mat,193,1066.40625,0.015761192972922118,0.0022961557318512842,1080.9300698574566,1064.8810241623503
98.mat,194,90.8203125,0.016260841441965084,0.0022872210664122623,1135.0729624964972,1138.4511065697334
98.mat,195,90.8203125,0.01605471193924717,0.0022702410596767485,1114.1376509619151,1081.87253083972
98.mat,196,1066.40625,0.015439821817597258,0.0022646149276426848,1110.6490522199188,1083.201030256142
98.mat,197,90.8203125,0.01767173301647825,0.002265770526288212,1123.3059094484518,1115.5693066370593
98.mat,198,90.8203125,0.01618383846137093,0.0021708636569984867,1133.2871929018245,1114.1482001058648
98.mat,199,90.8203125,0.015027127904822064,0.0021303850384402543,1123.7346532264244,1099.4327149396254
98.mat,200,90.8203125,0.015780146190817974,0.0022968482462182,1070.8561200005338,1075.4372588612969
98.mat,201,90.8203125,0.016691842469674742,0.002445480091930089,1073.2557565509414,1080.5352848556524
98.mat,202,90.8203125,0.017285762334082255,0.0023158822990256567,1145.8179103485772,1142.1349001659278
98.mat,203,0.0,0.016039243088942307,0.0021006979844626454,1124.8213129740875,1097.950146906287
98.mat,204,90.8203125,0.015732145476878862,0.002176288756685401,1183.693705623684,1153.0058481671754
98.mat,205,1066.40625,0.016621392731730942,0.0024041904048251344,1153.1013419793476,1171.50599211729
98.mat,206,1066.40625,0.01693398405641219,0.0024758580548221065,1069.0253276148019,1051.7995922377645
98.mat,207,1066.40625,0.016513749611206916,0.002371713049009368,1160.0044200076184,1137.354404551599
98.mat,208,90.8203125,0.016524139348711792,0.002332374525081595,1097.607002768445,1063.7556513674049
98.mat,209,90.8203125,0.01667262886615479,0.0023209911613309695,1125.0932555328934,1099.2728246425813
98.mat,210,90.8203125,0.016812640383271724,0.0021402588127640977,1140.5831524532719,1090.4993202802536
98.mat,211,1066.40625,0.016178155394840982,0.002386915372369187,1109.7505492204773,1074.3027929337345
98.mat,212,90.8203125,0.017067945364349607,0.002535208169956702,1084.63898401745,1075.7043069565298
98.mat,213,90.8203125,0.014960646330234388,0.002275372081478779,1076.5794633611692,1079.7982471857215
98.mat,214,90.8203125,0.01634202675687362,0.0022611570461820206,1100.3104230255863,1089.0865889366055
98.mat,215,1066.40625,0.01662237989723303,0.0022674325150632726,1091.804163194568,1048.764980514069
98.mat,216,90.8203125,0.015981592178215036,0.002096324195537006,1107.860971907628,1066.6907043286972
98.mat,217,1066.40625,0.015448191402417693,0.002029205492938384,1125.7464941812939,1084.1881815483657
98.mat,218,90.8203125,0.0162121356567976,0.002082836420166618,1130.7023790465498,1117.9798631390577
98.mat,219,90.8203125,0.016633452254530667,0.00217635115583006,1108.9096442109667,1080.9253021422253
98.mat,220,90.8203125,0.016170390922383246,0.002113061548042656,1132.9670635707732,1096.7022239684552
98.mat,221,1066.40625,0.014976665163966875,0.0020664394170271344,1132.424173255009,1086.8196128409618
98.mat,222,90.8203125,0.017077825272982496,0.002197594357596432,1202.8190474256971,1194.3386176314364
98.mat,223,90.8203125,0.016507784987574475,0.0021971256447606948,1106.76532697009,1083.959928261818
98.mat,224,1066.40625,0.015824289121550855,0.0021693554694379984,1115.146023383282,1102.5260059882532
98.mat,225,1066.40625,0.017319961342082423,0.0023480092889935976,1102.0102306544286,1080.4790567396562
98.mat,226,1066.40625,0.017154228035330604,0.002469018713018342,1078.9535182014356,1072.1810470450105
98.mat,227,90.8203125,0.0170277814113494,0.002399967653612085,1134.7707668460341,1126.3801581822222
98.mat,228,1066.40625,0.018344654630604213,0.002268881245358643,1140.2683690258716,1117.3899663772793
98.mat,229,1066.40625,0.017872722514649927,0.00222788733740887,1108.7093866708692,1068.4742380352982
98.mat,230,90.8203125,0.017147592512015506,0.0024127959750965674,1161.3215064492217,1181.806150447956
98.mat,231,1066.40625,0.01647914735994862,0.0023159793152533106,1108.5543586297836,1095.6505813976132
98.mat,232,0.0,0.016378956129807692,0.0021568687900816326,1188.5791552848132,1193.653326690238
98.mat,233,1066.40625,0.01689472710814845,0.002638841913230872,1095.9620913078677,1060.8051124407293
98.mat,234,90.8203125,0.01703983588275226,0.002752801409717282,1073.002595123415,1046.264479949834
99.mat,0,1066.40625,0.01686262157832238,0.002173317359196863,1104.09686787427,1066.3976751172936
99.mat,1,1066.40625,0.015541031696788091,0.0020900725956613667,1143.3514258253126,1103.8401685291878
99.mat,2,90.8203125,0.01566631352521765,0.00215026575736646,1132.7920357866954,1105.958428586041
99.mat,3,90.8203125,0.01660371443197029,0.0021850636988786447,1113.2501536065633,1075.3097515368802
99.mat,4,90.8203125,0.01652307142943217,0.002252468595336028,1143.4866949282944,1119.4939516084737
99.mat,5,90.8203125,0.015872502263219308,0.0021865498552346998,1112.437293492502,1105.1479061997975
99.mat,6,90.8203125,0.017094430691216234,0.002185239051936332,1146.9080735660707,1144.7605359562026
99.mat,7,90.8203125,0.017228261354882438,0.002295059004871602,1093.0345386362317,1096.705955569299
99.mat,8,90.8203125,0.017800575589369223,0.0023133046442626384,1093.2127424036066,1078.1295758146152
99.mat,9,90.8203125,0.0164989346404603,0.0022317289367995703,1100.198216807775,1078.4352789684817
99.mat,10,90.8203125,0.01732914257971455,0.0021640418871106265,1118.0845605924478,1094.4076323195225
99.mat,11,90.8203125,0.01669728158131877,0.0022046729563605094,1104.8014984134672,1070.1195272849834
99.mat,12,1066.40625,0.01728121858835832,0.002286301686114029,1099.361827484159,1075.3763664109783
99.mat,13,1066.40625,0.017822912099913994,0.0023102321199534267,1157.1850491716202,1170.7999369871206
99.mat,14,1066.40625,0.016637894655053418,0.002187423618190034,1113.5812370464996,1075.5880317491735
99.mat,15,90.8203125,0.015739369461782105,0.0021142341595001006,1184.0118142869555,1154.4364025072464
99.mat,16,90.8203125,0.01651823247860791,0.002078565731114861,1128.0392525233665,1072.134129901067
99.mat,17,90.8203125,0.01628578743235752,0.002275621345732745,1103.3582307758825,1081.3552192370355
99.mat,18,90.8203125,0.01719645142799253,0.0023244353437374935,1124.7069267762213,1094.4097137235024
99.mat,19,90.8203125,0.017198164947317542,0.0021804640904402478,1100.6398708904999,1068.065402897077
99.mat,20,90.8203125,0.01780918542496562,0.002265305259468789,1105.0679368713995,1094.1521662360656
99.mat,21,90.8203125,0.016553749883510622,0.0023723157415657865,1106.863021967653,1089.6981024202612
99.mat,22,90.8203125,0.01614188337844837,0.002283985425712206,1117.853245376817,1099.1775222518852
99.mat,23,90.8203125,0.017112716744277574,0.0022901532221581192,1098.3163174444028,1085.0887931189684
99.mat,24,90.8203125,0.016156088837460003,0.00228239679209816,1067.224685786776,1072.3463500317298
99.mat,25,90.8203125,0.014991165403752485,0.0021281588011083092,1085.6012141539518,1078.709816486904
99.mat,26,1066.40625,0.015477204592838016,0.0021397441901334245,1097.9827792690792,1063.8900294551788
99.mat,27,1066.40625,0.015256856724049191,0.0022161781020648484,1091.108613076447,1060.688277926293
99.mat,28,90.8203125,0.015555511812966674,0.0021423420434306625,1100.457828121829,1084.446459157074
99.mat,29,90.8203125,0.015414798366440264,0.002018707045086822,1124.969339953698,1114.09437484535
99.mat,30,90.8203125,0.0158929179632267,0.0021576763540547086,1113.2956530190424,1084.5099727371132
99.mat,31,90.8203125,0.018111252891820178,0.0022998294129371022,1095.205080781292,1079.27827828457
99.mat,32,90.8203125,0.017515687058298608,0.002314231815513675,1086.962763264587,1049.9680462115057
99.mat,33,90.8203125,0.01735930542111764,0.0022526274581594337,1146.367777942899,1122.9820550954933
99.mat,34,1066.40625,0.015498233251567597,0.0022377559199587152,1099.385674051683,1096.413301267513
99.mat,35,90.8203125,0.01868088446448729,0.0023976684240142815,1083.28726439702,1062.747189715806
99.mat,36,1066.40625,0.017891804685095346,0.0023206159252623076,1120.8188452321588,1099.7023765457025
99.mat,37,1066.40625,0.018089900672787734,0.0021780212849797577,1165.595639166293,1128.8744076138141
99.mat,38,1066.40625,0.01734480744265366,0.002269061151499315,1103.5385257990822,1071.826508636347
99.mat,39,1066.40625,0.01626337907509253,0.0023163429801060197,1098.715280251536,1115.1345755042826
99.mat,40,1066.40625,0.01668252407066948,0.002274712186737138,1084.240389813598,1062.2886171231753
99.mat,41,1066.40625,0.016103577059833195,0.002128644180026721,1118.0343616431971,1071.554790235517
99.mat,42,90.8203125,0.01612871230257759,0.002028918838758387,1125.0693732822633,1086.3712948002826
99.mat,43,90.8203125,0.01740491838203122,0.0021349897565234857,1113.9887032215934,1078.5200431323533
99.mat,44,90.8203125,0.01751900392509659,0.002252459450137889,1096.7355209287903,1067.7757383411958
99.mat,45,90.8203125,0.017312936050491314,0.0022708998551441446,1122.9878598835312,1102.5778215227176
99.mat,46,90.8203125,0.018417608835802738,0.0023899181148895423,1097.8748897082755,1086.1248292252092
99.mat,47,90.8203125,0.017471752664478743,0.0023891265521760034,1095.637698221549,1079.3534369298388
99.mat,48,90.8203125,0.01726937621799262,0.002168121281818824,1104.5627699895604,1066.2207435857076
99.mat,49,90.8203125,0.016583357746255377,0.0020845736347259647,1117.2825249839334,1084.1875013785825
99.mat,50,1066.40625,0.017416872110980388,0.0022333577482383567,1116.9464995963501,1084.728488075002
99.mat,51,1066.40625,0.01630419692910535,0.002347207976369931,1073.4823756020749,1045.4655488797596
99.mat,52,90.8203125,0.015592728845157985,0.002295752210543971,1079.9868260312753,1056.5714799799896
99.mat,53,90.8203125,0.01651616433433371,0.002376033667155256,1100.6925858048155,1068.7431734418292
99.mat,54,90.8203125,0.016170615993732436,0.0022849783309887577,1112.193019588528,1064.6622472010463
99.mat,55,90.8203125,0.015226758040094275,0.00216059503717555,1119.566377830995,1087.0647406117114
99.mat,56,90.8203125,0.017807452503018493,0.0023006511753903567,1108.1762430496765,1069.093509789399
99.mat,57,90.8203125,0.01667305308822772,0.0023147533337515326,1111.8588393289303,1101.3791865329183
99.mat,58,90.8203125,0.01770974874248616,0.0021770600053816905,1135.3400587374224,1111.3125050241274
99.mat,59,1066.40625,0.0156089970650983,0.0022355912543864523,1108.2572894666494,1082.8315541307834
99.mat,60,90.8203125,0.018263487289817325,0.0024298166220454893,1091.4851568734273,1067.8853110154946
99.mat,61,90.8203125,0.01707176620135418,0.002315568849431222,1095.3292192044648,1076.4142862479937
99.mat,62,90.8203125,0.01612646499010578,0.00211685038457311,1113.1503551982848,1098.1913476549187
99.mat,63,90.8203125,0.01568628603586385,0.0024143486570864354,1118.0499296213045,1112.1601757838916
99.mat,64,90.8203125,0.017681183915425905,0.002419539191035194,1086.2950922683788,1089.3354688962665
99.mat,65,90.8203125,0.01575479170342929,0.0021183091145538834,1157.6265295504759,1152.8611714446781
99.mat,66,90.8203125,0.014841873472353282,0.0020667226097693878,1119.2925456101568,1104.0880396857458
99.mat,67,1066.40625,0.015686828475340465,0.002143495577334865,1110.7542440679329,1092.6253671554462
99.mat,68,90.8203125,0.017349640373534626,0.0022487989233263865,1119.0797930504552,1111.078318813885
99.mat,69,90.8203125,0.015805419050754457,0.0022095938063759696,1108.4062187226116,1080.4839776461054
99.mat,70,90.8203125,0.01590081664615806,0.0020707909351052943,1125.1708155846354,1104.3098223528539
99.mat,71,90.8203125,0.01701111748069619,0.002118667548737908,1150.4010710208554,1122.9244724780353
99.mat,72,90.8203125,0.0171676740559756,0.0022800033980957674,1136.3173879816138,1109.0179840688895
99.mat,73,90.8203125,0.01659673131181904,0.0023172608087957494,1119.6157700048102,1093.5219647680694
99.mat,74,90.8203125,0.016929796954007096,0.002310832077679531,1099.5078280173288,1110.0669992807964
99.mat,75,90.8203125,0.016389540576088036,0.0023881822388609774,1083.2846829125278,1065.5871654301422
99.mat,76,1066.40625,0.016615358268811786,0.0023872564842725053,1124.3032776144648,1109.2756034788626
99.mat,77,1066.40625,0.017039065593681877,0.0021759862479686404,1124.1538768367018,1086.0651152160326
99.mat,78,1066.40625,0.01758111715700174,0.002265748596346409,1127.853119717803,1125.6695920949817
99.mat,79,1066.40625,0.017577995346998766,0.002477305860547665,1093.981884688615,1074.8568822479367
99.mat,80,1066.40625,0.016993947360246935,0.0023520694681650215,1107.533275319841,1093.1244914631295
99.mat,81,1066.40625,0.01826056942923724,0.0023777389404428567,1102.3327149312613,1067.489373604761
99.mat,82,1066.40625,0.018297949582062552,0.0025629836392083677,1130.7758136955529,1115.3664582411066
99.mat,83,90.8203125,0.016747680821452032,0.002353244383716308,1124.8931307691935,1075.3994745697096
99.mat,84,90.8203125,0.015903920092156226,0.0021967584802474053,1101.946487932731,1063.6754330948718
99.mat,85,90.8203125,0.017334379965524383,0.0024040151597278284,1089.788729493864,1067.1420719530045
99.mat,86,90.8203125,0.017000312182635535,0.0025186432490856138,1092.6214539823134,1069.0312621995638
99.mat,87,1066.40625,0.016450103707820216,0.0023143159501785838,1130.2537438828303,1100.2402065553072
99.mat,88,90.8203125,0.015688231004459322,0.0022094645793660165,1147.0103401363358,1124.777068680981
99.mat,89,90.8203125,0.016594974346337686,0.002147058875245661,1142.9662558732286,1110.602027521345
99.mat,90,90.8203125,0.015315040891567376,0.0021777894740899447,1118.7150193308726,1107.8562444239103
99.mat,91,1066.40625,0.016216759771474697,0.0022941316043094875,1095.114815858469,1072.0882667234698
99.mat,92,90.8203125,0.01668294325741635,0.00232101993441078,1103.51955224073,1080.6622974399122
99.mat,93,90.8203125,0.016889980099859415,0.0022779708592809795,1096.5898090416622,1093.2360455942205
99.mat,94,0.0,0.015830220252403847,0.0022416640623838927,1105.2421584113301,1079.0713900818403
99.mat,95,1066.40625,0.015898166453454682,0.0023485687132163585,1118.605577298501,1096.4225504858719
99.mat,96,90.8203125,0.01757263174429113,0.0025075321098716025,1092.6208646502866,1076.7954717769326
99.mat,97,0.0,0.01728034164663461,0.0024511715394321004,1094.9223621225974,1090.4431758370388
99.mat,98,1066.40625,0.01594683046843692,0.002304407230156522,1137.083213545279,1142.2356857068062
99.mat,99,0.0,0.01628203350360577,0.0024125481689056733,1083.2808362869298,1088.7608966516864
99.mat,100,90.8203125,0.01805244422645977,0.0026088673275563214,1075.9880727198552,1064.2052944796421
99.mat,101,1066.40625,0.01608248897757143,0.002499370517978122,1102.207911033094,1068.1497335728625
99.mat,102,0.0,0.015608871995192307,0.0022516769030306023,1135.981206803219,1098.9731024739208
99.mat,103,90.8203125,0.01574954420468523,0.002220434380860902,1085.136733411184,1071.7798669021417
99.mat,104,90.8203125,0.01691518437646865,0.0023513700817342185,1089.9534285340728,1078.9979309081182
99.mat,105,1066.40625,0.015840370720775765,0.002304564414155657,1095.814875870507,1068.3984374377726
99.mat,106,1066.40625,0.017403355496835773,0.002234548369043339,1121.2546259135552,1085.6073897588649
99.mat,107,90.8203125,0.016693110341362193,0.0024504590439484767,1075.2944592337424,1079.807611479254
99.mat,108,90.8203125,0.01789426269548447,0.002579151253465502,1123.698585595076,1137.4008571288894
99.mat,109,0.0,0.017436854116586537,0.002460757304064732,1108.580671582705,1097.3533578545312
99.mat,110,0.0,0.01825359149639423,0.0024161595066882306,1136.3212090080385,1128.891956816768
99.mat,111,0.0,0.018459405649038464,0.002529381393692271,1090.6228948327114,1094.216774147429
99.mat,112,0.0,0.018218448768028847,0.0025330601752945785,1071.8100654311313,1054.8697864778721
99.mat,113,0.0,0.018287817457932693,0.002356760484385356,1077.032137883201,1078.4784913744252
99.mat,114,0.0,0.016893415114182693,0.0022703285388722557,1098.9335821724558,1096.3442446018491
99.mat,115,1066.40625,0.016327877494388274,0.0022861875893706216,1106.8365836253158,1078.9681610820433
99.mat,116,1066.40625,0.016437780787518383,0.0022170779772224996,1118.2184031887189,1100.12245276789
99.mat,117,0.0,0.01622911568509615,0.0023167613418789246,1131.2249103651372,1118.335724313371
99.mat,118,0.0,0.01634773512620192,0.002407197490694441,1119.8635666828095,1082.7112175693194
99.mat,119,1066.40625,0.01684096760079374,0.0024690840787453643,1128.5759292192904,1121.2494920280901
99.mat,120,1066.40625,0.01668883590288711,0.002384509890547224,1079.875033225178,1064.1699828571334
99.mat,121,90.8203125,0.01677517812289381,0.0023767495272393867,1113.6066827960112,1106.3921651494172
99.mat,122,1066.40625,0.01693199572900591,0.0023383349252610003,1085.3860288106632,1078.0229705220995
99.mat,123,1066.40625,0.016698396142924524,0.0021996188315120927,1109.8725669703715,1093.7132463315381
99.mat,124,90.8203125,0.016715748175488668,0.002261774756746318,1096.1597310585935,1053.0744188420022
99.mat,125,90.8203125,0.01720602153913905,0.002295323346907373,1099.4402150642254,1089.430532676752
99.mat,126,90.8203125,0.015856974621356077,0.0021367972560694267,1096.6064814407725,1083.6754041227548
99.mat,127,1066.40625,0.016097596744830887,0.0020855461308782377,1128.2709738958054,1105.0471286954837
99.mat,128,1066.40625,0.015482697342172344,0.0021623553160376144,1104.8204130382155,1070.73099769662
99.mat,129,90.8203125,0.017087409879095298,0.002114957618784725,1115.204482376249,1072.9351119561957
99.mat,130,90.8203125,0.015253563846685124,0.0021002769954332964,1092.9301107926187,1069.691386209435
99.mat,131,90.8203125,0.01617634251084465,0.002122680449109105,1115.50737163042,1094.596489048742
99.mat,132,1066.40625,0.01654640579299649,0.0023151196849290393,1100.1327473651384,1100.323800794982
99.mat,133,90.8203125,0.01812002573399849,0.0023770611176838854,1094.0685378603591,1076.1939506875312
99.mat,134,90.8203125,0.01617580046730789,0.002195992195331797,1133.9692454740696,1119.8097650262896
99.mat,135,90.8203125,0.017430830854548912,0.0021971068109231033,1122.4032701184626,1111.6432471957683
99.mat,136,90.8203125,0.01660162482307213,0.0022845953344028903,1079.962743437445,1098.2617511194344
99.mat,137,90.8203125,0.016686235635362402,0.0022486553323328,1109.232492495923,1106.2771947064339
99.mat,138,1066.40625,0.016523972628515605,0.0022487413341735333,1090.0947525337745,1073.9730628379264
99.mat,139,90.8203125,0.015950444808175774,0.002209672096404755,1088.800279529231,1067.9563512714496
99.mat,140,90.8203125,0.015663123632500893,0.002238988688873833,1151.649699679303,1153.8549414570211
99.mat,141,1066.40625,0.016045462569066964,0.00212290939143407,1139.7844924924736,1111.75625065505
99.mat,142,90.8203125,0.015346291885133832,0.0020694723488333183,1134.803008064833,1127.1657628891742
99.mat,143,90.8203125,0.016883236826997067,0.002172852578389817,1097.6235219842745,1066.5548992476279
99.mat,144,90.8203125,0.01576029299123129,0.0023483013918797597,1083.0821875012207,1079.2919618119852
99.mat,145,90.8203125,0.0167594555054934,0.0023008842852937014,1121.8667451478468,1106.1497837798045
99.mat,146,90.8203125,0.01750374588589625,0.0023150739380954203,1133.1765405418387,1117.819825692445
99.mat,147,90.8203125,0.01795501093120839,0.002449986400072368,1089.9470881891698,1085.6690495444611
99.mat,148,1066.40625,0.0166455129919763,0.002258861587664547,1137.4281438879768,1135.5608701032584
99.mat,149,1066.40625,0.017190636144967106,0.0021874989694572852,1202.028120549958,1202.4993156637058
99.mat,150,90.8203125,0.017364621656059176,0.0024224735766393223,1120.6955599404757,1101.6736224599927
99.mat,151,1066.40625,0.016674444142898464,0.002290889205474758,1173.3322626118502,1145.6446598225834
99.mat,152,1066.40625,0.016762790361525875,0.0021796571205592555,1123.5703545041342,1104.5488341217551
99.mat,153,1066.40625,0.015572565375760263,0.0023893912745983864,1052.5075050031044,1050.805847981792
99.mat,154,90.8203125,0.016433738354277867,0.0022594401462469227,1119.3554924458522,1133.879198533073
99.mat,155,90.8203125,0.01550097596078232,0.0021116008255924567,1106.0855908298727,1098.7000089745102
99.mat,156,1066.40625,0.015591566103046468,0.0021744374556964575,1119.396612559288,1102.1269672290223
99.mat,157,90.8203125,0.015876455979981524,0.0022530792171789747,1091.5087667141495,1088.1759170547018
99.mat,158,90.8203125,0.01784699812493477,0.0022585269300950403,1110.8477346250734,1105.5743334572103
99.mat,159,90.8203125,0.016455130384444364,0.0022005126028264996,1105.6647503621607,1073.9562221313076
99.mat,160,1066.40625,0.016857932945619523,0.002197939950624711,1122.966857191915,1112.1563641667167
99.mat,161,1066.40625,0.01641951159021179,0.0023572105382098528,1077.2635906039998,1077.1185347563994
99.mat,162,90.8203125,0.017921500235743987,0.002378046828844187,1152.4924416373508,1142.486752025559
99.mat,163,90.8203125,0.015460828280459521,0.002259683407359968,1120.872163134474,1091.0535119283554
99.mat,164,90.8203125,0.016114476491746934,0.0022815106277403576,1083.349287963887,1057.022738345303
99.mat,165,90.8203125,0.01586955601698661,0.002427411612142611,1102.524438370365,1110.758662639532
99.mat,166,1037.109375,0.015825924830200344,0.002343216945105658,1133.982169768709,1120.548173800361
99.mat,167,90.8203125,0.015637141959230855,0.0022379601787697913,1143.8960901198143,1125.2836192249497
99.mat,168,90.8203125,0.016389029768348308,0.0024602977644684544,1097.7897897606044,1073.3624723546866
99.mat,169,90.8203125,0.0170696082541884,0.0025729088946887997,1101.2839050497753,1095.4976106569545
99.mat,170,90.8203125,0.016531809469370346,0.0022902295268821538,1102.351326996338,1088.025903687425
99.mat,171,90.8203125,0.0162690154886609,0.002123922499444555,1126.251765919663,1109.124739354917
99.mat,172,90.8203125,0.017526841068793406,0.002327053149658762,1104.1569201010982,1095.8148476626077
99.mat,173,90.8203125,0.017305379983679217,0.0024049126789164924,1096.9687390862302,1080.4626649564282
99.mat,174,90.8203125,0.016048006112195236,0.002214478318222445,1123.6266255338444,1104.8006807015606
99.mat,175,90.8203125,0.0163715097292539,0.0022372710175663614,1109.711390362165,1096.0662115333098
99.mat,176,90.8203125,0.017257759203710317,0.002274585958913744,1118.9953305790957,1099.0125248346453
99.mat,177,90.8203125,0.017004688759635685,0.002290187867303186,1090.0265445415864,1081.5890093451612
99.mat,178,1066.40625,0.015761321167395988,0.002375169932852708,1073.457161022493,1066.0161709520169
99.mat,179,90.8203125,0.01673167661612462,0.002474568192553738,1063.8251672317267,1047.128998207865
99.mat,180,90.8203125,0.016880741052518012,0.00235015490032764,1121.7881628876432,1126.4086737173056
99.mat,181,90.8203125,0.016367441062561026,0.0021846739696495046,1108.1557966406624,1072.851283184195
99.mat,182,90.8203125,0.016557776186331512,0.0023007401202623746,1134.4022340502115,1111.9822271181843
99.mat,183,90.8203125,0.01702877161983965,0.0023716627574792196,1127.8083740002587,1096.8019874491188
99.mat,184,90.8203125,0.01715642926091773,0.0024938559846597475,1105.6718459184383,1078.9399649915674
99.mat,185,90.8203125,0.016833501869042283,0.0024669439798369126,1121.3411886788367,1099.9819870133454
99.mat,186,1066.40625,0.01687392602802269,0.00243937953579294,1125.7251728202896,1138.7698893115498
99.mat,187,90.8203125,0.01723446795674332,0.0023526402580720095,1075.7964833152093,1064.0178731032795
99.mat,188,1066.40625,0.016610300396410635,0.0023206913264903197,1101.046772996774,1081.1971640797847
99.mat,189,1066.40625,0.01757327814600625,0.0025238759086076905,1091.4953922688853,1083.5661493828613
99.mat,190,90.8203125,0.01607445340841767,0.002365784140818014,1117.64464709032,1141.4294388496714
99.mat,191,90.8203125,0.015546713946642119,0.0022092162523406644,1117.3206953184556,1100.2744440486529
99.mat,192,90.8203125,0.015908043527545053,0.0022935058921763874,1093.8781075953495,1062.4466961974122
99.mat,193,1066.40625,0.015761192972922118,0.0022961557318512842,1080.9300698574566,1064.8810241623503
99.mat,194,90.8203125,0.016260841441965084,0.0022872210664122623,1135.0729624964972,1138.4511065697334
99.mat,195,90.8203125,0.01605471193924717,0.0022702410596767485,1114.1376509619151,1081.87253083972
99.mat,196,1066.40625,0.015439821817597258,0.0022646149276426848,1110.6490522199188,1083.201030256142
99.mat,197,90.8203125,0.01767173301647825,0.002265770526288212,1123.3059094484518,1115.5693066370593
99.mat,198,90.8203125,0.01618383846137093,0.0021708636569984867,1133.2871929018245,1114.1482001058648
99.mat,199,90.8203125,0.015027127904822064,0.0021303850384402543,1123.7346532264244,1099.4327149396254
99.mat,200,90.8203125,0.015780146190817974,0.0022968482462182,1070.8561200005338,1075.4372588612969
99.mat,201,90.8203125,0.016691842469674742,0.002445480091930089,1073.2557565509414,1080.5352848556524
99.mat,202,90.8203125,0.017285762334082255,0.0023158822990256567,1145.8179103485772,1142.1349001659278
99.mat,203,0.0,0.016039243088942307,0.0021006979844626454,1124.8213129740875,1097.950146906287
99.mat,204,90.8203125,0.015732145476878862,0.002176288756685401,1183.693705623684,1153.0058481671754
99.mat,205,1066.40625,0.016621392731730942,0.0024041904048251344,1153.1013419793476,1171.50599211729
99.mat,206,1066.40625,0.01693398405641219,0.0024758580548221065,1069.0253276148019,1051.7995922377645
99.mat,207,1066.40625,0.016513749611206916,0.002371713049009368,1160.0044200076184,1137.354404551599
99.mat,208,90.8203125,0.016524139348711792,0.002332374525081595,1097.607002768445,1063.7556513674049
99.mat,209,90.8203125,0.01667262886615479,0.0023209911613309695,1125.0932555328934,1099.2728246425813
99.mat,210,90.8203125,0.016812640383271724,0.0021402588127640977,1140.5831524532719,1090.4993202802536
99.mat,211,1066.40625,0.016178155394840982,0.002386915372369187,1109.7505492204773,1074.3027929337345
99.mat,212,90.8203125,0.017067945364349607,0.002535208169956702,1084.63898401745,1075.7043069565298
99.mat,213,90.8203125,0.014960646330234388,0.002275372081478779,1076.5794633611692,1079.7982471857215
99.mat,214,90.8203125,0.01634202675687362,0.0022611570461820206,1100.3104230255863,1089.0865889366055
99.mat,215,1066.40625,0.01662237989723303,0.0022674325150632726,1091.804163194568,1048.764980514069
99.mat,216,90.8203125,0.015981592178215036,0.002096324195537006,1107.860971907628,1066.6907043286972
99.mat,217,1066.40625,0.015448191402417693,0.002029205492938384,1125.7464941812939,1084.1881815483657
99.mat,218,90.8203125,0.0162121356567976,0.002082836420166618,1130.7023790465498,1117.9798631390577
99.mat,219,90.8203125,0.016633452254530667,0.00217635115583006,1108.9096442109667,1080.9253021422253
99.mat,220,90.8203125,0.016170390922383246,0.002113061548042656,1132.9670635707732,1096.7022239684552
99.mat,221,1066.40625,0.014976665163966875,0.0020664394170271344,1132.424173255009,1086.8196128409618
99.mat,222,90.8203125,0.017077825272982496,0.002197594357596432,1202.8190474256971,1194.3386176314364
99.mat,223,90.8203125,0.016507784987574475,0.0021971256447606948,1106.76532697009,1083.959928261818
99.mat,224,1066.40625,0.015824289121550855,0.0021693554694379984,1115.146023383282,1102.5260059882532
99.mat,225,1066.40625,0.017319961342082423,0.0023480092889935976,1102.0102306544286,1080.4790567396562
99.mat,226,1066.40625,0.017154228035330604,0.002469018713018342,1078.9535182014356,1072.1810470450105
99.mat,227,90.8203125,0.0170277814113494,0.002399967653612085,1134.7707668460341,1126.3801581822222
99.mat,228,1066.40625,0.018344654630604213,0.002268881245358643,1140.2683690258716,1117.3899663772793
99.mat,229,1066.40625,0.017872722514649927,0.00222788733740887,1108.7093866708692,1068.4742380352982
99.mat,230,90.8203125,0.017147592512015506,0.0024127959750965674,1161.3215064492217,1181.806150447956
99.mat,231,1066.40625,0.01647914735994862,0.0023159793152533106,1108.5543586297836,1095.6505813976132
99.mat,232,0.0,0.016378956129807692,0.0021568687900816326,1188.5791552848132,1193.653326690238
99.mat,233,1066.40625,0.01689472710814845,0.002638841913230872,1095.9620913078677,1060.8051124407293
99.mat,234,90.8203125,0.01703983588275226,0.002752801409717282,1073.002595123415,1046.264479949834
