file,segment,fault_type,load_hp,rpm,sampling_frequency_hz,mean,std,rms,peak,peak_to_peak,mean_absolute,kurtosis,skewness,crest_factor
121.mat,45,Ball,3,1722.0,12000,0.0045119767788641,0.1489475971123166,0.1490159206930118,0.5946750099800399,1.1752181636726546,0.1186919758822199,3.0202267256829027,0.0118131709485681,3.990681044108917
119.mat,8,Ball,1,1772.0,12000,0.0036884592241298,0.1419426048200222,0.1419905200868743,0.6396695409181637,1.2310958483033931,0.1135235565490113,3.075140141658314,0.00429708375595,4.505015831527297
120.mat,54,Ball,2,1748.0,12000,0.0041831408179734,0.1441927116534497,0.1442533769486104,0.4923408782435129,0.9430983632734532,0.1161464714613741,2.776800013110764,0.0288611583979175,3.413028441052766
121.mat,27,Ball,3,1722.0,12000,0.0042366777870041,0.157767636379078,0.1578245118076146,0.5344115768463074,1.0213920958083833,0.1266903197413766,2.809845588312427,0.0174602866748586,3.3861126559209374
121.mat,23,Ball,3,1722.0,12000,0.004092048656593,0.1586302631987133,0.1586830339535421,0.5074473453093812,0.9908542914171656,0.1274568501668538,2.7813343472593286,0.0274882511981112,3.197867677888912
120.mat,38,Ball,2,1748.0,12000,0.0046034258533713,0.1465286277960537,0.1466009218708461,0.518005628742515,0.963077884231537,0.11751876277718,2.84417545106875,0.0713999083262976,3.533440459527755
120.mat,10,Ball,2,1748.0,12000,0.0050097119627931,0.1464207900166732,0.1465064673079549,0.5667361676646706,1.124863273453094,0.1164346589828156,3.0680642704695,-0.0018314722152863,3.868335494523921
121.mat,42,Ball,3,1722.0,12000,0.00445046875,0.1523855082870226,0.1524504831346524,0.5566651896207585,1.1016350499001994,0.1212702766537238,3.0345457715143245,0.0246990305411517,3.651449166803111
119.mat,38,Ball,1,1772.0,12000,0.0039302876960921,0.1387476914561128,0.1388033466663348,0.5285639121756487,0.9963770858283434,0.1110777498616049,2.943339798878838,-0.0104385525432472,3.8080055335138825
121.mat,4,Ball,3,1722.0,12000,0.0038021955405595,0.1542482216630937,0.1542950763218177,0.6096190419161677,1.1688831936127744,0.1240223544609998,2.917024898240832,0.030804944940532,3.950994785113348
121.mat,1,Ball,3,1722.0,12000,0.0032371624037082,0.1555737893470365,0.1556074649630411,0.5123203992015969,1.0124581636726546,0.1253656168424869,2.818444883975033,0.0272112972262373,3.292389599196156
120.mat,21,Ball,2,1748.0,12000,0.0047364751356661,0.1513775428814678,0.1514516249022816,0.5191426746506986,0.9962146506986028,0.1215507310574164,2.7754554154739783,0.0329363074408254,3.42777883687716
120.mat,30,Ball,2,1748.0,12000,0.0048813818651758,0.1476359645566488,0.1477166406316016,0.5295385229540919,1.014407385229541,0.1184269480570109,2.8464746314484803,0.0397120013925835,3.5848264670108243
121.mat,53,Ball,3,1722.0,12000,0.0047393304406811,0.1527547545807517,0.1528282575312944,0.5465942115768464,1.0280519361277447,0.1226217083801147,2.882479978036882,0.0352292975677446,3.576525836296478
121.mat,11,Ball,3,1722.0,12000,0.0040380358033932,0.1560496172997672,0.1561018539049209,0.548705868263473,1.0431584031936127,0.1261594312936627,2.713912368831827,0.0112015536518102,3.515050299131493
119.mat,50,Ball,1,1772.0,12000,0.0041489564718219,0.1386436654075299,0.1387057309466345,0.4288287425149701,0.835079001996008,0.1119360862747161,2.79839442377988,-0.0130355635604279,3.0916440120268507
120.mat,46,Ball,2,1748.0,12000,0.0041111236803736,0.1429368867436324,0.1429959962022619,0.4985134131736527,0.9804584431137724,0.1149661200937967,2.831484514852027,0.0340181356610199,3.4862053932511925
121.mat,32,Ball,3,1722.0,12000,0.004172314453125,0.1551498314256588,0.1552059225651718,0.5482185628742515,1.0520923353293412,0.124796261091099,2.789699687550282,0.0293731652475391,3.5322013091610702
121.mat,7,Ball,3,1722.0,12000,0.0039805727899669,0.1504682720819026,0.1505209150352525,0.500462634730539,1.0006003992015968,0.1217739603897673,2.818110022067627,-0.0109950890097846,3.324871062691379
120.mat,9,Ball,2,1748.0,12000,0.0050007098205931,0.1455584666552573,0.1456443418528143,0.5667361676646706,1.117716127744511,0.1171449557623035,2.897035246446084,0.0335340754773214,3.891233675506629
120.mat,31,Ball,2,1748.0,12000,0.0047727216465506,0.1489108872338112,0.1489873525124743,0.5295385229540919,1.0212296606786428,0.1190839854665668,2.8601678601199776,0.0387181259590178,3.5542515121191576
119.mat,43,Ball,1,1772.0,12000,0.0039305652951908,0.1379608328018316,0.1380168132182261,0.4821074650698603,0.9507328143712576,0.1101675817310691,2.955700031796642,-0.0048035503171181,3.4931067732130083
119.mat,46,Ball,1,1772.0,12000,0.0039866006561096,0.1343080591539371,0.1343672122896384,0.462940119760479,0.9010276646706588,0.1076798575797623,2.9089509338353987,-0.0435682237029933,3.445335449563227
119.mat,26,Ball,1,1772.0,12000,0.0038269415173559,0.1399834516255312,0.1400357533288363,0.5113457884231537,1.0199301796407183,0.1119473488667197,3.0515118422662084,0.0298908505876314,3.651537384330668
121.mat,25,Ball,3,1722.0,12000,0.0040501708497068,0.1588867287874465,0.1589383417199494,0.6258625548902196,1.2090046706586826,0.1276721084393712,2.9101415755135824,0.0038886340284391,3.937769503050399
119.mat,2,Ball,1,1772.0,12000,0.0041614484312624,0.1362219566268527,0.1362855059068799,0.5037113373253493,0.9244183233532934,0.1081236592245197,3.052518065928955,0.0279277061227736,3.696000788737734
120.mat,2,Ball,2,1748.0,12000,0.0048499338529971,0.1448738309489924,0.1449549887110329,0.4655390818363273,0.8846217165668663,0.1171847714044567,2.7327593579606098,-0.0005084231054482,3.2116113144914062
120.mat,11,Ball,2,1748.0,12000,0.0048290346065681,0.1456963487473274,0.1457763547820232,0.5581271057884232,1.0524172055888223,0.1170375249111152,2.899095508725631,-0.0033530852242675,3.828653190176011
120.mat,43,Ball,2,1748.0,12000,0.0043592576175773,0.1459368461577731,0.146001939005802,0.5677107784431138,1.070772375249501,0.1170586224426147,2.897321377533001,0.0514784725554265,3.8883783483214778
120.mat,3,Ball,2,1748.0,12000,0.0047705008537612,0.1456883309200526,0.1457664139802667,0.4996504590818363,0.9078499401197604,0.1183416854767028,2.695302266764187,0.0224472872331658,3.427747486121713
119.mat,24,Ball,1,1772.0,12000,0.0041229018135603,0.1427362336550031,0.1427957657543805,0.5214167664670659,0.9879304590818364,0.1141759540879179,2.9128691815674386,0.0147115744294025,3.6514861887707664
120.mat,28,Ball,2,1748.0,12000,0.0047176777109842,0.1477319521624982,0.1478072602165651,0.6045835528942115,1.1247008383233532,0.1190244206313934,2.798672963836173,0.0284670007096156,4.0903508529174015
119.mat,35,Ball,1,1772.0,12000,0.0038888857733751,0.1433691591674649,0.1434218924465308,0.5193051097804391,1.032275249500998,0.1153906880867172,2.8145858813943696,-0.015479453051275,3.62082176522696
121.mat,21,Ball,3,1722.0,12000,0.0040560797448072,0.1541718812757074,0.154225227375378,0.5280766067864271,1.0390975249500998,0.123217872273032,2.9247733972369008,0.0148588435084085,3.4240611330149626
120.mat,27,Ball,2,1748.0,12000,0.0047156552032653,0.1460619426191364,0.1461380459896463,0.5387973253493015,1.0431584031936127,0.1170449407727513,2.893536779975863,0.038103928262256,3.686906593697541
119.mat,15,Ball,1,1772.0,12000,0.0035132941928642,0.1344260284062672,0.1344719314547395,0.4905540918163673,0.9236061477045908,0.1071857708411302,2.96267793052576,0.0558287732236303,3.648003613166496
119.mat,55,Ball,1,1772.0,12000,0.0041284141385198,0.142744827693706,0.1428045154629396,0.4866556487025948,0.9288040718562874,0.1146571919539826,2.802581786671008,0.0312662049067832,3.4078449629198926
119.mat,54,Ball,1,1772.0,12000,0.0040503294777632,0.1415020627044652,0.1415600187853083,0.4866556487025948,0.9288040718562874,0.1136294011196357,2.835755776221048,-0.0021692827330299,3.437804352376237
120.mat,34,Ball,2,1748.0,12000,0.0046441536068488,0.1459917629469087,0.1460656120073112,0.5519545708582835,0.9981638722554892,0.1167109890570421,2.835335176189554,0.0322972487323434,3.778812571097539
121.mat,56,Ball,3,1722.0,12000,0.0048161857340007,0.149829574469902,0.1499069612488236,0.4902292215568862,0.9492708982035928,0.1205811170627495,2.793518873257645,0.0050318027682933,3.270223193592574
119.mat,11,Ball,1,1772.0,12000,0.0033882159704029,0.1375983717087088,0.1376400810242063,0.5233659880239522,1.0436457085828343,0.1097875089079653,3.032318593573384,0.0228580940401458,3.802424294794693
120.mat,52,Ball,2,1748.0,12000,0.0042722104716348,0.1475851415061027,0.1476469633134738,0.5548784031936127,1.0733713373253493,0.1177858924241361,3.011080608180437,0.0496090455838929,3.7581430104697313
119.mat,51,Ball,1,1772.0,12000,0.004222321947901,0.1406891566646254,0.1407525019516003,0.4968890618762475,0.9257178043912176,0.1129125212758077,2.8884050943986352,-0.0046100230550056,3.5302325357392905
120.mat,8,Ball,2,1748.0,12000,0.0047981021355726,0.1460502821852437,0.1461290755137139,0.4517320958083832,0.8774745708582834,0.1185588472858969,2.6605010510160465,0.0257481379614721,3.0913224778869486
119.mat,21,Ball,1,1772.0,12000,0.0037991816074881,0.1375135461650403,0.1375660174598776,0.4876302594810379,0.9585297005988024,0.1100195420974457,2.9148418123808733,0.0340534241474546,3.5446999810346305
119.mat,28,Ball,1,1772.0,12000,0.0040031772880021,0.1348504898418454,0.1349098960009414,0.4626152495009979,0.8940429540918163,0.1077363291678362,2.9690373550702147,-0.0115535114510951,3.4290683131041004
119.mat,37,Ball,1,1772.0,12000,0.0038355470894149,0.1380469454390356,0.1381002192848483,0.4782090219560878,0.9460221956087824,0.1106896266646394,2.8937075516663797,0.0213036167582972,3.4627680132044123
121.mat,41,Ball,3,1722.0,12000,0.004436152567911,0.158460506471549,0.1585225900647148,0.5566651896207585,1.1016350499001994,0.1259000347644554,3.052208420699861,0.0396708574571546,3.511582730218494
120.mat,1,Ball,2,1748.0,12000,0.0048741246315961,0.1448152050350545,0.1448972073584209,0.4712243113772455,0.8945302594810379,0.1167694038388067,2.733594562624435,-0.0364566340002665,3.252128318882052
119.mat,9,Ball,1,1772.0,12000,0.0035121441394554,0.1404752982621729,0.1405191964761496,0.6396695409181637,1.2310958483033931,0.1121832287865675,3.154608118670962,0.0241020086660829,4.552186156478165
121.mat,12,Ball,3,1722.0,12000,0.0038731022817645,0.1550836628930678,0.1551320193177917,0.4944525349301397,0.9697377245508982,0.1253653789004023,2.715338091932807,0.0188541136268269,3.1873016099741576
121.mat,26,Ball,3,1722.0,12000,0.0041663262439963,0.159150010615194,0.1592045355923874,0.583142115768463,1.1159293413173652,0.1286105916779721,2.758341298439995,0.0074878089350631,3.66284863429699
120.mat,4,Ball,2,1748.0,12000,0.0047542811349956,0.1448317973119782,0.1449098088527085,0.4996504590818363,0.9658392814371256,0.1171570114945889,2.7235057715515474,0.0056131285911049,3.448009924502066
120.mat,37,Ball,2,1748.0,12000,0.0045954547935379,0.1452929908411118,0.1453656472221511,0.518005628742515,0.954956127744511,0.1167826096245009,2.790785070327823,0.0618000486086372,3.563466600543435
119.mat,10,Ball,1,1772.0,12000,0.0034973917302114,0.1387822256142132,0.1388262867592046,0.5233659880239522,1.0436457085828343,0.1103660650866236,3.1346368671018783,0.0202780922119958,3.769934356392711
119.mat,17,Ball,1,1772.0,12000,0.0034637625822573,0.1411680162954344,0.1412105041277535,0.4549807984031936,0.8984287025948103,0.1130112672409088,2.8092956788028123,0.0292119822831488,3.222003923954349
119.mat,56,Ball,1,1772.0,12000,0.0040767807061657,0.1380600449535146,0.1381202235499662,0.5292136526946108,1.0442954491017966,0.1100818036095777,2.997946315481501,0.0040535506507971,3.831543557436852
120.mat,23,Ball,2,1748.0,12000,0.0047886241092034,0.1521657699553815,0.1522410997955983,0.5488683033932136,1.0702850698602795,0.1216651415430857,2.9325035534829635,0.0591869483358343,3.6052570832064
121.mat,20,Ball,3,1722.0,12000,0.0041234966687718,0.155708977262768,0.1557635670655837,0.5280766067864271,1.0390975249500998,0.1239155977790512,3.004443451987142,0.0377409183407868,3.390244694152916
119.mat,7,Ball,1,1772.0,12000,0.0036495953503149,0.1410589223101042,0.1411061271154058,0.4991631536926148,0.9962146506986028,0.1125438696727638,3.043840183964637,-6.194864934415117e-05,3.537501623046933
120.mat,26,Ball,2,1748.0,12000,0.0046591439581773,0.1508261979881414,0.1508981432025625,0.5387973253493015,1.0691480239520958,0.1201236337481287,2.995752396275998,0.0304215403938791,3.570602751725255
121.mat,22,Ball,3,1722.0,12000,0.0040624645240768,0.1551912732611869,0.1552444360176485,0.4957520159680638,0.9660017165668662,0.1246317637966255,2.7673409970429628,0.010842137988017,3.193364146794321
120.mat,20,Ball,2,1748.0,12000,0.0047534483376996,0.1495207694873793,0.1495963093769269,0.5191426746506986,1.0351990818363277,0.1203645104517527,2.7872074672824905,0.0446281184840293,3.4702906563199547
121.mat,55,Ball,3,1722.0,12000,0.0050009477626777,0.1438540286523041,0.1439409289883283,0.5335994011976047,1.0010877045908182,0.1152566473790699,2.894745657710437,-0.0268209758193563,3.7070720951152993
119.mat,57,Ball,1,1772.0,12000,0.0041271451140687,0.1385029784612928,0.1385644556494988,0.5292136526946108,1.0442954491017966,0.1097382945534711,3.056881715620371,-0.0342277852148398,3.819259782128152
120.mat,39,Ball,2,1748.0,12000,0.0044939724944641,0.1506817759936159,0.1507487758005724,0.535548622754491,1.032600119760479,0.1211751394769055,2.875879629082939,0.0207064897383574,3.5525901945829097
120.mat,16,Ball,2,1748.0,12000,0.0048540581824631,0.1477942142637177,0.1478739045628688,0.5522794411177645,1.084579361277445,0.1191904645494167,2.832606911078316,0.0124363256312126,3.7347998806845726
121.mat,9,Ball,3,1722.0,12000,0.0040110293767932,0.1550085955065407,0.1550604818694043,0.5157315369261477,0.96405249500998,0.1246788366723584,2.808601491620465,0.023826084825431,3.3260024134357407
119.mat,18,Ball,1,1772.0,12000,0.0036403949230445,0.1380908251605226,0.1381388014596542,0.4850312974051896,0.9400120958083832,0.1099370555081243,2.9479134030985112,0.0289807621033567,3.5111879665964176
119.mat,39,Ball,1,1772.0,12000,0.003854463485139,0.1381402131842529,0.1381939773917413,0.5285639121756487,1.0041739720558882,0.1107634283678736,3.001000883923075,0.0020963180695745,3.824797014686955
120.mat,24,Ball,2,1748.0,12000,0.0046343979813809,0.145122886384946,0.1451968656595168,0.5488683033932136,1.0220418363273454,0.1166251712785366,2.8439236880033056,0.0411909029544451,3.780166334170716
119.mat,20,Ball,1,1772.0,12000,0.0037948193359374,0.1389874742402229,0.1390392701702257,0.6596490618762475,1.251075369261477,0.1106177284980819,3.171577969031133,0.0117204265749719,4.744336337990261
120.mat,19,Ball,2,1748.0,12000,0.0047389735275542,0.1492757527961401,0.149350956618795,0.5160564071856288,0.9674636327345312,0.1198611439718219,2.810813204096549,0.0294806222995032,3.455327095780288
121.mat,39,Ball,3,1722.0,12000,0.0043417292173465,0.1500966486625524,0.1501594304475295,0.5526043113772454,1.080843353293413,0.1203394472188435,2.8653963886530063,0.0233565815418613,3.680117257572729
120.mat,56,Ball,2,1748.0,12000,0.0041472512202158,0.1471102234581948,0.1471686703704413,0.5236908582834332,1.0329249900199602,0.1178607252097367,2.8626955967567422,0.0191973060028476,3.558439829382437
120.mat,42,Ball,2,1748.0,12000,0.0043291579438778,0.1467664961139466,0.1468303306203052,0.5677107784431138,1.070772375249501,0.1179716458781655,2.7825546022961767,0.0429837057429622,3.866440782668951
119.mat,19,Ball,1,1772.0,12000,0.003833128011555,0.1383422629918881,0.1383953561362147,0.6596490618762475,1.251075369261477,0.1098827253988117,3.2127891814653395,0.0126829344947037,4.766410378878554
119.mat,42,Ball,1,1772.0,12000,0.0039410744039265,0.1414834127555446,0.1415382921771104,0.4881175648702595,0.9702250299401198,0.1122557218083364,3.0454474737657287,-0.0020780069475223,3.4486608349030066
119.mat,53,Ball,1,1772.0,12000,0.0039693101979634,0.1410035120295651,0.1410593698699926,0.4861683433133732,0.9507328143712576,0.1139934921660585,2.7586371507399976,-0.0115314330362853,3.446551219968232
120.mat,22,Ball,2,1748.0,12000,0.0048118631194641,0.1534147633583872,0.1534902069937701,0.5214167664670659,1.014732255489022,0.1225821703370602,2.866541667711052,0.0319460075511697,3.397068625285189
120.mat,49,Ball,2,1748.0,12000,0.0040288353761227,0.1445844130497382,0.1446405337774484,0.5171934530938124,1.0111586826347303,0.1166251712785366,2.824252509904883,0.0314846265001392,3.5757158770555533
119.mat,32,Ball,1,1772.0,12000,0.003999885755832,0.1381872116045885,0.138245088654574,0.5470815169660679,1.0111586826347303,0.1108671314597367,2.959948058354956,0.0396342063789487,3.957330580712584
119.mat,27,Ball,1,1772.0,12000,0.0040309371978698,0.1366195312922191,0.1366789844313997,0.509559001996008,1.0181433932135728,0.1087625733786333,3.1572454562447803,-0.0117438994593597,3.728144484800146
120.mat,45,Ball,2,1748.0,12000,0.0042796263332709,0.1444145582857133,0.14447795626465,0.5241781636726547,1.0382853493013973,0.1169130018868513,2.77277415458889,0.0344432994480105,3.628084015200784
120.mat,36,Ball,2,1748.0,12000,0.0045853025979291,0.1460981627723239,0.1461701001072484,0.5102087425149701,1.0010877045908184,0.1179696233704466,2.7545108132419123,0.0414290805873605,3.49051373803957
119.mat,40,Ball,1,1772.0,12000,0.0038435181492483,0.1440676743916845,0.1441189350376695,0.562187984031936,1.0860412774451096,0.1152591854279721,3.0490936751905875,-0.0033899581528426,3.900861353749195
121.mat,8,Ball,3,1722.0,12000,0.0038942394702781,0.1520647798025082,0.1521146355793458,0.5157315369261477,0.9824076646706588,0.1229005765032435,2.7758204068571275,0.0293393883879434,3.390413650612419
119.mat,3,Ball,1,1772.0,12000,0.0040914141443675,0.1383863798149263,0.1384468482414164,0.5152442315369261,1.0301635928143713,0.1094141777772579,3.2444767156455008,0.0192249805102846,3.721603186216778
121.mat,37,Ball,3,1722.0,12000,0.0045391418335204,0.1501646838404435,0.1502332722185241,0.6222889820359282,1.2229740918163672,0.1196337109959767,3.100568439914336,0.0214310693301619,4.142151554355868
121.mat,10,Ball,3,1722.0,12000,0.0040016703214664,0.1575806716582872,0.1576314735249234,0.548705868263473,1.0012501397205589,0.1265858631662456,2.8037587173255085,0.0261358623059103,3.480941058238068
121.mat,52,Ball,3,1722.0,12000,0.0047068910031499,0.15799530883669,0.158065405567811,0.5565027544910179,1.1030969660678642,0.1261699007453842,2.916778441785085,0.0638522302252702,3.520711900823073
121.mat,6,Ball,3,1722.0,12000,0.0039561044122692,0.1552263648810792,0.155276769403265,0.5873654291417165,1.0784068263473054,0.1249254636430264,2.893968127675957,-0.0240497338616843,3.782699958267975
120.mat,25,Ball,2,1748.0,12000,0.004538150408168,0.1485239886022356,0.1485933040195425,0.5303506986027944,0.9898796806387224,0.1188643252654846,2.9023515145787218,0.0003824563434659,3.569142648130662
121.mat,48,Ball,3,1722.0,12000,0.0043171418686065,0.1479308503477409,0.1479938316232112,0.5383100199600799,1.0230164471057883,0.1180331539070296,2.9381734665414765,0.0411168550069257,3.637381464185646
121.mat,49,Ball,3,1722.0,12000,0.0043728203163984,0.1510140337688636,0.1510773310350133,0.5383100199600799,1.0571278243512974,0.1204342274825349,2.937264025349367,0.0370517929003966,3.5631422416068657
120.mat,40,Ball,2,1748.0,12000,0.0043758342494698,0.1552690080022124,0.1553306562510116,0.535548622754491,1.032600119760479,0.1240346084783557,2.970738947883929,0.0422088203734725,3.447797335569444
120.mat,6,Ball,2,1748.0,12000,0.0047230710649014,0.1486849062433992,0.1487599030145305,0.4824323353293413,0.9482962874251496,0.1198530935979603,2.740046418260804,-0.0014827359141448,3.243026686312228
120.mat,48,Ball,2,1748.0,12000,0.00394333485373,0.145731211539377,0.1457845530449069,0.5241781636726547,1.0027120558882237,0.1177862493372629,2.823548420676203,0.0302664516662008,3.595567244433563
119.mat,4,Ball,1,1772.0,12000,0.0039320722617265,0.1380871094067895,0.1381430815372022,0.5152442315369261,1.0301635928143713,0.1102819525597243,3.0842887830925383,0.0051183565213018,3.7297867240508142
120.mat,12,Ball,2,1748.0,12000,0.0046726273429703,0.1459072410298594,0.1459820414682291,0.4764222355289421,0.9430983632734532,0.1188466778942115,2.7086661507724186,0.0283043937060147,3.2635674274539346
121.mat,34,Ball,3,1722.0,12000,0.0043773412160054,0.1565509111265885,0.1566120968849033,0.5901268263473054,1.105858363273453,0.125419352096588,3.0067758849722983,0.0209800931104338,3.7680794656685976
120.mat,57,Ball,2,1748.0,12000,0.0040774945324195,0.1484368752669154,0.1484928681811612,0.5236908582834332,0.9954024750499004,0.1193657485517246,2.792934704343077,0.0317544154317532,3.526707138854174
119.mat,12,Ball,1,1772.0,12000,0.003258418563264,0.1342447295892611,0.1342842683043225,0.5298633932135728,0.9996257884231536,0.1075098083033152,3.0022709435114967,0.0314334675406864,3.9458337145849938
121.mat,2,Ball,3,1722.0,12000,0.0034010648429703,0.1555204180515468,0.1555576024275058,0.5037113373253493,0.9863061077844312,0.1259466317560192,2.729703205386862,0.0186663709502186,3.2381017029372945
119.mat,6,Ball,1,1772.0,12000,0.0037582159119261,0.1381028546455081,0.1381539816584342,0.497051497005988,0.9877680239520958,0.1097836225205838,3.0816446259314643,-0.0013174502891383,3.5978079751250016
120.mat,32,Ball,2,1748.0,12000,0.0046735791113086,0.1461494109628308,0.1462241179371313,0.5033864670658682,0.9567429141716566,0.1166526932463198,2.926549630476395,0.0315209544381973,3.442567985141124
120.mat,7,Ball,2,1748.0,12000,0.0046306702220558,0.147320336690849,0.1473930958675153,0.4824323353293413,0.9341644311377246,0.1194482747980601,2.673812333252781,-0.020044309174147,3.2730999541727317
120.mat,55,Ball,2,1748.0,12000,0.0041614087742483,0.1461631713297476,0.1462223990233901,0.5220665069860279,1.0313006387225547,0.1176077531168132,2.8051925609388126,0.0276973122315065,3.570359332584309
120.mat,51,Ball,2,1748.0,12000,0.0041386059911427,0.1468670515127984,0.1469253513850244,0.5548784031936127,1.1040715768463074,0.1176931346681636,2.9931564683368355,0.0519495768844817,3.776600824588325
119.mat,23,Ball,1,1772.0,12000,0.0039625685055669,0.1433680485146473,0.1434227990385754,0.4975388023952096,0.9736361676646706,0.114674561726157,2.8977199178936472,0.031852574609143,3.469035646566834
121.mat,19,Ball,3,1722.0,12000,0.0038750058184412,0.1538173243481671,0.1538661266807032,0.5459444710578842,1.0696353293413174,0.1230135593364053,2.971205630886945,0.0210300538096366,3.5481784252021
119.mat,36,Ball,1,1772.0,12000,0.0038587464426615,0.1383361024092968,0.1383899098702799,0.5193051097804391,1.032275249500998,0.1111775269090724,2.885886332241765,0.0245050860159752,3.75247812696179
121.mat,16,Ball,3,1722.0,12000,0.0039280669033027,0.1539019067300339,0.1539520269588448,0.5940252694610779,1.173431377245509,0.1241126138250842,2.820257830191244,0.0348420673724194,3.858508921223074
120.mat,29,Ball,2,1748.0,12000,0.0048299070608782,0.1474958357587852,0.1475748947768531,0.6045835528942115,1.1247008383233532,0.1183965707842128,2.893048631143447,0.0481697205164804,4.096791353355852
121.mat,33,Ball,3,1722.0,12000,0.004315714216099,0.1556867303276157,0.1557465357216615,0.5157315369261477,1.009047025948104,0.1255096907747006,2.8185205781315896,0.0267110828917491,3.311351578617608
119.mat,47,Ball,1,1772.0,12000,0.0042095920463759,0.1388697709974588,0.1389335595242689,0.4764222355289421,0.9445602794411178,0.1110990456781749,2.9140563235484103,-0.0079986823740186,3.4291371873022563
120.mat,17,Ball,2,1748.0,12000,0.0048864976199943,0.1481281212024557,0.1482086979564952,0.5522794411177645,1.084579361277445,0.1192352769753461,2.866843479736493,0.0124477516678807,3.726363221137529
121.mat,35,Ball,3,1722.0,12000,0.0044684333773858,0.1526992013964825,0.1527645672398271,0.720562235528942,1.3920690618762477,0.1203501942696637,3.39860507894927,0.0481514015967951,4.71681521800616
121.mat,3,Ball,3,1722.0,12000,0.0036740637280127,0.155523148492655,0.1555665403013962,0.5366856686626746,1.040397005988024,0.1256844988928393,2.7497369207331346,0.0256063562686522,3.4498785382955366
121.mat,46,Ball,3,1722.0,12000,0.0044593122641435,0.149322279265086,0.1493888501555235,0.5946750099800399,1.050467984031936,0.1203584429285959,2.808513605346371,0.0518021095744384,3.980718837858008
120.mat,47,Ball,2,1748.0,12000,0.0039805727899669,0.1448186360597097,0.1448733319487437,0.5241781636726547,1.0226915768463074,0.1161909666311907,2.89879413886242,0.0104437075829213,3.61818256418724
119.mat,22,Ball,1,1772.0,12000,0.0039233477186252,0.1396492839695882,0.1397043849366938,0.4975388023952096,0.9736361676646706,0.1119333499407435,2.9222695571935025,0.0341406384430793,3.561368547026395
119.mat,52,Ball,1,1772.0,12000,0.0041513358926677,0.142117202888437,0.1421778215704788,0.4968890618762475,0.9279918962075848,0.1145313205912394,2.835377944073504,0.0121866015685781,3.4948422784065167
119.mat,33,Ball,1,1772.0,12000,0.0039072469709019,0.1359797541682858,0.1360358780710407,0.5470815169660679,1.0356863872255488,0.1085879635455651,3.04625509145859,-0.0029585489567547,4.021597278038449
119.mat,25,Ball,1,1772.0,12000,0.0039780743980788,0.1409020884061807,0.1409582335060276,0.5214167664670659,0.9879304590818364,0.1127158621429017,2.963746221112832,0.0229693972048185,3.6990869812849136
121.mat,31,Ball,3,1722.0,12000,0.0042072126255301,0.1601567908621939,0.1602120416740044,0.5815177644710579,1.1297363273453094,0.1286140418381985,2.8843585193469465,-0.0089194219448988,3.62967576216472
121.mat,47,Ball,3,1722.0,12000,0.0044474151599145,0.1486501699841864,0.148716685472519,0.5051732534930139,0.9616159680638722,0.1199629038699943,2.7597909875491915,0.0487960665137868,3.3968834894882285
119.mat,31,Ball,1,1772.0,12000,0.0039994098716629,0.143889642639842,0.1439452136694478,0.513619880239521,1.0064480638722555,0.1156449292040918,2.916265230554226,0.015451324217116,3.5681622691462644
119.mat,1,Ball,1,1772.0,12000,0.0043727806593843,0.1403171909487285,0.1403853100806385,0.4769095409181637,0.9054134131736526,0.1120894796052426,2.8963155138984984,0.0348654561090398,3.397147042266907
121.mat,24,Ball,3,1722.0,12000,0.0039739500686127,0.1558194172290478,0.1558700839312917,0.6258625548902196,1.1661217964071855,0.1241851465038672,3.007876458620832,-0.0005285019428113,4.015283363586965
120.mat,15,Ball,2,1748.0,12000,0.004784341151681,0.1463172789144107,0.1463954781718791,0.454493493013972,0.8981038323353294,0.1180459631225829,2.7391921956164014,0.0241151486021736,3.10455964002087
120.mat,50,Ball,2,1748.0,12000,0.0040641301186689,0.1443756413962192,0.1444328320784134,0.5491931736526946,1.066386626746507,0.1161945754194735,2.848559424358444,0.0189458394875164,3.802412275309636
119.mat,14,Ball,1,1772.0,12000,0.003389088424713,0.132854273293548,0.1328974937788793,0.4535188822355289,0.8813730139720559,0.106375419415076,2.863611221670374,0.0251326088585144,3.4125465374848485
121.mat,44,Ball,3,1722.0,12000,0.0045390625194922,0.1481254523223319,0.1481949820818886,0.5805431536926148,1.1311982435129742,0.1180907358914982,2.993464209649561,-0.0059634955347476,3.9174278746619215
120.mat,18,Ball,2,1748.0,12000,0.0047948106034025,0.1509700271070292,0.1510461495484729,0.5165437125748502,1.002874491017964,0.1212199519028349,2.821121720512908,0.0199159040839951,3.4197741161821797
121.mat,51,Ball,3,1722.0,12000,0.0045480646616922,0.1515291984798847,0.1515974369312464,0.5565027544910179,1.020092614770459,0.1209545671644991,2.9074825085068654,0.063524430761052,3.670924560178461
121.mat,38,Ball,3,1722.0,12000,0.0045166959635416,0.151696925759467,0.1517641519835969,0.6222889820359282,1.1401321756487026,0.1213203238055139,2.921520656409521,-0.000690429739807,4.100368722800802
119.mat,5,Ball,1,1772.0,12000,0.0038955084947292,0.1341739079646302,0.1342304457451199,0.4627776846307385,0.921494491017964,0.1072418458590631,2.950904855854084,-0.0104141148321797,3.4476357585034942
119.mat,49,Ball,1,1772.0,12000,0.0039297324978948,0.1354627665840271,0.1355197547522265,0.4725237924151697,0.933677125748503,0.1091254350576191,2.8587057740363977,-0.018508307037885,3.4867521217042814
121.mat,30,Ball,3,1722.0,12000,0.0043023101453343,0.1615226148772294,0.1615799028015687,0.5815177644710579,1.112030898203593,0.1305565217026883,2.807663785585956,-0.0039883801148937,3.598948596875948
121.mat,0,Ball,3,1722.0,12000,0.0031894550157497,0.153861116004228,0.1538941702643866,0.6239133333333333,1.1240510978043912,0.1237335324273328,2.8556759209552376,0.0500957124715112,4.0541713325557724
121.mat,18,Ball,3,1722.0,12000,0.0039409950898983,0.1539783116389873,0.1540287372456572,0.5459444710578842,1.0696353293413174,0.1241798721209923,2.876299702029124,0.0130803090501986,3.544432557329668
121.mat,15,Ball,3,1722.0,12000,0.0038780594085266,0.1534954655589577,0.1535444472846128,0.5124828343313372,1.0145698203592812,0.1235735560324663,2.8343142586915038,-0.0060401224211743,3.337683930578028
121.mat,54,Ball,3,1722.0,12000,0.0048594911933944,0.1425750497577679,0.1426578405419368,0.5335994011976047,0.9957273453093812,0.1146165435145334,2.856819962753212,0.0046605619686111,3.740414120741885
121.mat,29,Ball,3,1722.0,12000,0.0043162694142964,0.1566638887830669,0.1567233365848556,0.5534164870259481,1.048843632734531,0.1261716456540045,2.792299094941177,-0.0176284873267636,3.5311683574724606
120.mat,53,Ball,2,1748.0,12000,0.0042154216274482,0.1455502098979356,0.1456112405717027,0.4923408782435129,0.958692135728543,0.1169358839839851,2.8318207156785133,0.0197705234102269,3.381201041282741
119.mat,0,Ball,1,1772.0,12000,0.0045861750522392,0.1392769731860043,0.13935246055045,0.4769095409181637,0.92019500998004,0.1116842245781873,2.8573039719795914,0.0121094086484106,3.422325942680482
119.mat,30,Ball,1,1772.0,12000,0.0039933820055202,0.1395930412271312,0.1396501495125643,0.513619880239521,1.0064480638722555,0.1116574957506861,2.9829302234923967,-0.016331538917638,3.677904263133713
120.mat,44,Ball,2,1748.0,12000,0.0042713380173247,0.1452929759853395,0.1453557470454288,0.5241781636726547,1.0382853493013973,0.1171235409746912,2.846721171578221,0.0239467098497088,3.606174329721069
121.mat,50,Ball,3,1722.0,12000,0.004385351932853,0.1533231871894072,0.1533858893167588,0.5188178043912175,1.0170063473053892,0.1231040169855601,2.819253944312484,0.0197237475171306,3.382435025165851
121.mat,13,Ball,3,1722.0,12000,0.0038745695912861,0.1544747987215804,0.1545233824687723,0.5236908582834332,1.0030369261477046,0.1240620511321107,2.819084480619102,0.0355890074301133,3.38907193148756
121.mat,17,Ball,3,1722.0,12000,0.0038593809548871,0.1532636702965148,0.1533122547421234,0.5940252694610779,1.173431377245509,0.1233758658171937,2.8517892326163485,0.0457464210874937,3.8746104834231896
120.mat,13,Ball,2,1748.0,12000,0.0047515448010229,0.1508693851452582,0.1509441901899652,0.4764222355289421,0.9385501796407186,0.1228008787698041,2.682372736780384,0.0398742444381024,3.156280708315826
120.mat,41,Ball,2,1748.0,12000,0.0042578149755177,0.1510506507250741,0.1511106484429012,0.5129701397205588,0.9807833133732536,0.1206119702197168,2.8862754907791603,0.0563587167759006,3.39466573008844
121.mat,43,Ball,3,1722.0,12000,0.0044863980047717,0.1471739482781171,0.1472423132758621,0.5435079441117764,1.0623257485029938,0.1177280328405688,2.9236375509902826,-0.001720195643516,3.6912483376534624
120.mat,33,Ball,2,1748.0,12000,0.0046898384870883,0.1454288705434353,0.1455044706274492,0.5033864670658682,0.9567429141716566,0.1166446032154441,2.8518253404118887,0.0311959919033862,3.459594505207629
120.mat,14,Ball,2,1748.0,12000,0.0046570024794161,0.148928188250025,0.14900098297504,0.4700872654690619,0.9322152095808384,0.1202791685574164,2.770344393192393,0.0316030158789422,3.154927276874466
120.mat,35,Ball,2,1748.0,12000,0.00454552661279,0.1466782046804656,0.1467486202336232,0.5519545708582835,1.0428335329341318,0.1174070093114552,2.856737130046328,0.0390464988625424,3.761224943577487
119.mat,45,Ball,1,1772.0,12000,0.0039170819103979,0.1363420286243728,0.1363982855467841,0.5214167664670659,1.0368234331337325,0.1101461669434568,2.893580422684692,-0.0233095376865423,3.8227516158054766
119.mat,41,Ball,1,1772.0,12000,0.0038766317560192,0.1454118048203462,0.1454634705171103,0.562187984031936,1.0503055489021955,0.1157352678822043,3.0549302818936392,-0.0164996338860424,3.864805246522754
120.mat,0,Ball,2,1748.0,12000,0.0049156455253555,0.1434364377714181,0.1435206439906289,0.4712243113772455,0.9097991616766468,0.1161208926872816,2.6767454577402177,-0.0265330517234483,3.283320770272002
119.mat,29,Ball,1,1772.0,12000,0.0040055567088479,0.1370803658455329,0.1371388755418861,0.4613157684630738,0.9210071856287424,0.110167145503914,2.880166648800067,0.0076994076058572,3.363858472954846
121.mat,28,Ball,3,1722.0,12000,0.004216571680857,0.1562599141246123,0.1563167944878957,0.5344115768463074,1.0213920958083833,0.124836790559506,2.8640801937983587,-0.0049067224802672,3.4187726187520373
119.mat,16,Ball,1,1772.0,12000,0.003451349936845,0.1403954354720219,0.1404378514424271,0.4905540918163673,0.9236061477045908,0.1126579629023203,2.8591468965053526,0.0597965982834327,3.493033301050403
121.mat,40,Ball,3,1722.0,12000,0.0043713926638909,0.1517567771685823,0.1518197236541308,0.5526043113772454,1.0827925748502991,0.1209358887108595,3.017502601699443,0.0549822684366335,3.6398716719848903
121.mat,36,Ball,3,1722.0,12000,0.004604536249766,0.1511343131321885,0.1512044389560499,0.720562235528942,1.3920690618762477,0.1191346274735684,3.437757088469579,0.0402829119750276,4.765483344959108
120.mat,5,Ball,2,1748.0,12000,0.004678655209113,0.1474741625314629,0.1475483596280287,0.4661888223552894,0.9320527744510978,0.1188893488413797,2.7515135742368484,0.0020015591134343,3.1595662841020884
121.mat,57,Ball,3,1722.0,12000,0.0048174944154659,0.151848361497886,0.1519247614513043,0.4902292215568862,0.9492708982035928,0.1227352464114739,2.7698519900971057,0.0288051706881569,3.2267894770663634
121.mat,14,Ball,3,1722.0,12000,0.0038083027207304,0.1520271984401286,0.1520748902191514,0.5236908582834332,1.0257778443113774,0.1219976259492733,2.8677766302678704,0.0007352880836792,3.443637917665138
119.mat,13,Ball,1,1772.0,12000,0.0032548890890094,0.1342722430577043,0.134311688094257,0.5298633932135728,0.9577175249500998,0.1078317836007672,2.9247713647698386,0.0227762558022961,3.945028170904427
119.mat,48,Ball,1,1772.0,12000,0.0040542158651447,0.1392507520066857,0.1393097577368817,0.4764222355289421,0.9445602794411178,0.111333815201628,2.9326894204386176,0.0106479203866856,3.4198769940349343
119.mat,34,Ball,1,1772.0,12000,0.0038836510475143,0.1434365427398729,0.1434891094774312,0.488604870259481,0.964377365269461,0.1152449089028973,2.8440222921300022,-0.0285487153669256,3.405170413552058
121.mat,5,Ball,3,1722.0,12000,0.0038669157875654,0.1556178572599374,0.1556658939391747,0.6096190419161677,1.1688831936127744,0.1247801206863616,2.9782574127376304,0.016292394009449,3.9162017220957326
119.mat,44,Ball,1,1772.0,12000,0.0038300347644554,0.1372066100941188,0.1372600561700908,0.5214167664670659,1.0368234331337325,0.1109856662748721,2.865349921454475,-0.0154865705313712,3.798750933198899
106.mat,44,Inner Race,1,1772.0,12000,0.0055732381331087,0.2923172182690773,0.2923703423397451,1.3448004391217565,2.5148206786427147,0.2099429636040419,5.023965012195324,0.1103715904845399,4.599647243149748
105.mat,33,Inner Race,0,1797.0,12000,0.0123310709343032,0.2898925987577677,0.2901547416895318,1.4987889421157683,2.68554,0.2080287591906031,5.243038459637151,0.1804685867910033,5.16548147167447
106.mat,14,Inner Race,1,1772.0,12000,0.0061802283908745,0.2922237574408642,0.2922891028345403,1.409124750499002,2.6126066267465067,0.2066327133233533,5.562160650734355,0.1067906514984707,4.8209965299208655
106.mat,20,Inner Race,1,1772.0,12000,0.0061534599063591,0.2908340726305639,0.2908991627208632,1.5047990419161676,2.770980878243513,0.2047734735314527,6.074459772135592,0.1462135579417662,5.172923248872052
106.mat,55,Inner Race,1,1772.0,12000,0.0053405307743887,0.2944408698412297,0.2944892987899767,1.426342874251497,2.7190016367265466,0.2088404192981225,5.501759438838361,0.1155215572063608,4.84344551775626
106.mat,22,Inner Race,1,1772.0,12000,0.0061585756611776,0.2865765677493183,0.2866427344921793,1.478646986027944,2.725336606786427,0.2039984565049588,5.672332237175072,0.1600258092199743,5.158501535535298
108.mat,11,Inner Race,3,1721.0,12000,0.0045343829918288,0.3073594848990533,0.3073929302806555,1.35211001996008,2.659063073852296,0.2215351847087076,5.055306483696852,0.0001108311186446,4.398637336016733
108.mat,43,Inner Race,3,1721.0,12000,0.0043769049888504,0.3235769961419046,0.323606597166219,1.50544878243513,2.999689540918164,0.2296236689609063,5.394316036764605,-0.0160595434629289,4.652095462880391
105.mat,9,Inner Race,0,1797.0,12000,0.0141479173781343,0.2903974040375363,0.2907418370958651,1.4373884630738525,2.631773972055888,0.2105778327427176,4.978734188002171,0.1249108472685226,4.943865242895566
105.mat,2,Inner Race,0,1797.0,12000,0.0150213234566024,0.2902264858889588,0.2906149570649141,1.5657122155688623,2.7380065469061874,0.2082964440357566,5.588467030503695,0.1026831399408888,5.387583045903353
105.mat,28,Inner Race,0,1797.0,12000,0.01383482525184,0.289065462178337,0.2893963438160968,1.5332251896207585,2.7958334530938123,0.2064253071396269,5.379887606664675,0.1703183291900851,5.298011610661811
108.mat,5,Inner Race,3,1721.0,12000,0.0045313294017433,0.3034429153931086,0.3034767468001731,1.331155888223553,2.56972375249501,0.2179049419812718,5.276347390493545,-0.0262326404764758,4.386352174455277
106.mat,29,Inner Race,1,1772.0,12000,0.0062169904429422,0.2944425849310463,0.2945082117548576,1.4719871457085827,2.798919720558882,0.2073916296021238,5.703389720130778,0.1140117429610288,4.998119193137587
106.mat,24,Inner Race,1,1772.0,12000,0.0058718554492577,0.2953601985986349,0.2954185600172102,1.5788694610778442,2.892482355289421,0.2090149101601484,5.780079543307608,0.1106004064147036,5.344516813655391
106.mat,0,Inner Race,1,1772.0,12000,0.0056878469038485,0.2934839933449474,0.2935391046387154,1.5808186826347306,2.767569740518962,0.2088176561720309,5.420329917902034,0.1447960735338891,5.385376795300864
105.mat,30,Inner Race,0,1797.0,12000,0.0131219904234499,0.2893532798489782,0.2896506640628227,1.4541192814371258,2.657926027944112,0.2071588429293756,5.319050547252977,0.1195252710823424,5.0202518476592894
106.mat,43,Inner Race,1,1772.0,12000,0.0056337547366205,0.290027046328545,0.2900817588103264,1.480758642714571,2.80135624750499,0.2072009190213323,5.339259788887828,0.0947386591858454,5.104625153913188
106.mat,33,Inner Race,1,1772.0,12000,0.0059603302477077,0.2964261894419975,0.2964861064599229,1.4869311776447105,2.746940479041916,0.2104937598728324,5.413993590276557,0.1225795761534142,5.015179953620202
108.mat,6,Inner Race,3,1721.0,12000,0.0047902897037955,0.3034733207970085,0.3035111255143876,1.3694905788423155,2.695448542914172,0.2169764919672374,5.28295699851251,-0.0306590496557302,4.512159402793939
105.mat,40,Inner Race,0,1797.0,12000,0.0122675403977201,0.2928674441618168,0.2931242610178909,1.739030499001996,2.96086754491018,0.2109793203534337,5.353380020731314,0.2104900748114589,5.932741605771942
106.mat,39,Inner Race,1,1772.0,12000,0.005463546832117,0.2902496838073397,0.2903011010903118,1.3477242714570858,2.5667999201596805,0.2064859030571669,5.297342276262573,0.1267842930547173,4.6425048558042254
106.mat,10,Inner Race,1,1772.0,12000,0.0059814277792072,0.2892161919504885,0.289278037819361,1.469225748502994,2.6387586826347307,0.204625711496928,5.541643047948927,0.0957376530933611,5.078939830960996
105.mat,0,Inner Race,0,1797.0,12000,0.0155763233688872,0.2855337397891611,0.2859582808866994,1.4827078642714573,2.6639361277445115,0.2041919827337512,5.458891915504828,0.1242277433899846,5.185049580218053
108.mat,41,Inner Race,3,1721.0,12000,0.0046645373120945,0.3159060452900852,0.3159404807224887,1.4201703393213572,2.7664326946107782,0.2251567425500561,5.301193830366605,-0.0157949968525339,4.495056588107132
105.mat,11,Inner Race,0,1797.0,12000,0.0146226118368731,0.293859124368006,0.2942227145399604,1.5044741716566867,2.7399557684630738,0.2118514574074507,5.167324304697764,0.1418435733312357,5.1133855318038455
106.mat,35,Inner Race,1,1772.0,12000,0.0057437236367109,0.2911583366306973,0.2912149847634379,1.494890499001996,2.739306027944112,0.2048247897076939,5.765322046738875,0.163270178516724,5.133288385610848
106.mat,42,Inner Race,1,1772.0,12000,0.005638910148453,0.2915438525765003,0.291598380110059,1.480758642714571,2.80135624750499,0.2069118193885666,5.640631160849145,0.1265763105655508,5.078075681201256
108.mat,21,Inner Race,3,1721.0,12000,0.0047611417984343,0.3116894320537722,0.3117257938080002,1.507073133732535,2.89816758483034,0.2218077077095808,5.325061290066947,-0.0203439739570489,4.834611583861358
108.mat,8,Inner Race,3,1721.0,12000,0.0044047045557322,0.3061860545174887,0.3062177352852213,1.398891337325349,2.7043824750499,0.2185901755278505,5.351796403883607,0.0031996812757609,4.568289736786066
106.mat,30,Inner Race,1,1772.0,12000,0.006506129732722,0.2955799746647727,0.2956515705132084,1.5127583632734531,2.843589381237525,0.2082845072745134,5.762007017313624,0.1186642860948208,5.116693142023643
108.mat,35,Inner Race,3,1721.0,12000,0.0050045565509605,0.3115621359127727,0.3116023268860501,1.3758255489021958,2.7038951696606786,0.2213972576136789,5.3525780872791175,-0.0073162928396033,4.415325015866527
105.mat,55,Inner Race,0,1797.0,12000,0.0120887269211576,0.2900047771579875,0.2902566245463285,1.4723120159680638,2.6567889820359283,0.2081476905758794,5.366262449650121,0.1634503611569252,5.072449313669548
108.mat,53,Inner Race,3,1721.0,12000,0.0052672049553237,0.3283430833002375,0.3283853282336896,1.464190259481038,2.910025349301397,0.2346289393381206,5.23457220719753,-0.0323667192890276,4.458756630074144
105.mat,18,Inner Race,0,1797.0,12000,0.0145909655396238,0.2904614417965109,0.2908276903011237,1.6258132135728545,2.800868942115769,0.2072079383128274,5.748960351588257,0.1566749700028385,5.590297168366201
105.mat,54,Inner Race,0,1797.0,12000,0.0122550880952937,0.294774700856457,0.2950293399803435,1.608432654690619,2.792909620758484,0.2090523860384699,5.778792309842191,0.1619081704315842,5.451771863767114
106.mat,17,Inner Race,1,1772.0,12000,0.0060778736374906,0.2902324248985891,0.2902960575179561,1.5767578043912174,2.854797405189621,0.204942808981646,5.791979167526437,0.1282463664497784,5.431550872142616
105.mat,39,Inner Race,0,1797.0,12000,0.012415381746273,0.2916171319775477,0.2918813001319478,1.4848195209580837,2.64801748502994,0.210096237963526,5.224357716115618,0.1982057292353389,5.087066284434311
108.mat,1,Inner Race,3,1721.0,12000,0.0048796369565556,0.316550067943956,0.3165876756479174,1.41789624750499,2.7626966866267466,0.225801089715101,5.233890788612613,-0.0012034314346915,4.478684284229235
106.mat,13,Inner Race,1,1772.0,12000,0.0063089947156468,0.293152031198822,0.2932199120290387,1.4086374451097805,2.6368094610778448,0.2077142790688155,5.476714136841272,0.0948108758884378,4.804030651814252
106.mat,21,Inner Race,1,1772.0,12000,0.0060918329064527,0.2895374062257045,0.2896014848581906,1.5047990419161676,2.770980878243513,0.2051141272825442,5.915338203366006,0.137381346023323,5.196102646549011
106.mat,49,Inner Race,1,1772.0,12000,0.0052768416097492,0.2930829509843914,0.2931304508492653,1.5069106986027945,2.909862914171657,0.2067648504943238,5.841028346339212,0.1189722417628239,5.140751137375638
108.mat,27,Inner Race,3,1721.0,12000,0.0045074955362712,0.3121528130918358,0.3121853555776697,1.329369101796407,2.6332358882235534,0.2226251180841442,5.18231260707254,-0.0295331123767132,4.258268615247933
106.mat,32,Inner Race,1,1772.0,12000,0.0058522648842939,0.2985004149855499,0.2985577779104431,1.5143827145708584,2.7151031936127747,0.2118767189254304,5.305354680262644,0.1404071988056847,5.072327122641971
105.mat,4,Inner Race,0,1797.0,12000,0.0148610694626372,0.2893619855711312,0.2897433520880865,1.5845546906187624,2.7946964071856284,0.2061712643073228,5.755854444289263,0.1425582378814225,5.46882155949184
106.mat,11,Inner Race,1,1772.0,12000,0.0060737493080245,0.2906026283702745,0.2906660937336321,1.469225748502994,2.6072462674650696,0.2061439406246101,5.3461525979554,0.1259740347140477,5.054685703553026
105.mat,43,Inner Race,0,1797.0,12000,0.0125279680092939,0.2920260554998458,0.2922946579622025,1.6963100598802394,2.854797405189621,0.208925840506487,5.526608651550194,0.2127251553379109,5.803424775897185
106.mat,18,Inner Race,1,1772.0,12000,0.0060123205931886,0.295241217753563,0.2953024291459894,1.4809210778443114,2.7589606786427145,0.2073483637997442,5.72899163610025,0.120703817340274,5.014930226368659
108.mat,19,Inner Race,3,1721.0,12000,0.0046777034407747,0.3131508349831049,0.3131857697279614,1.4541192814371258,2.762209381237525,0.2233375166853792,5.212193151707014,0.0010796385822959,4.642992824036031
108.mat,29,Inner Race,3,1721.0,12000,0.0043766670467658,0.3167359416216002,0.3167661786386924,1.5091847904191618,2.9072639520958083,0.2250512945495727,5.392330871999237,-0.021501717087205,4.76434951769443
106.mat,15,Inner Race,1,1772.0,12000,0.0060232262720652,0.2928804996604913,0.2929424283645228,1.4737739321357284,2.6772558083832334,0.2071624120606443,5.547524312256631,0.152174758245618,5.030933690157844
108.mat,51,Inner Race,3,1721.0,12000,0.0052522939180233,0.325721767173372,0.325764111285982,1.6714574850299402,3.1882767265469063,0.233069149659665,5.4199244534662405,-0.0077655929756694,5.1308828293936894
106.mat,19,Inner Race,1,1772.0,12000,0.0060598693530906,0.2947173337949145,0.2947796276131706,1.4809210778443114,2.71672754491018,0.2070769115382516,5.863588966300855,0.1422719291789801,5.023824372923335
106.mat,5,Inner Race,1,1772.0,12000,0.0059529540430857,0.290642068243863,0.2907030262912814,1.4084750099800398,2.661499600798403,0.2077301418744542,5.407785936529444,0.1536443637411985,4.845064834546175
108.mat,49,Inner Race,3,1721.0,12000,0.0043381600860778,0.3092313655333645,0.309261793732368,1.380048862275449,2.617966986027944,0.2215897527601047,5.285562648073635,-0.0182563077824647,4.462396876187457
106.mat,3,Inner Race,1,1772.0,12000,0.0057583967319267,0.2926073756243017,0.2926640316175929,1.402464910179641,2.577845508982036,0.2083541846482815,5.280755119124361,0.15793187932544,4.792064478945469
106.mat,12,Inner Race,1,1772.0,12000,0.0061467182139626,0.2937781580081114,0.2938424548417753,1.4086374451097805,2.6368094610778448,0.2084825147458988,5.407481745039847,0.1207219214266969,4.793852698611188
108.mat,13,Inner Race,3,1721.0,12000,0.0043621129225923,0.3166052847493654,0.3166353334048116,1.483032734530938,2.823934730538922,0.2277483284212824,5.234040626928994,0.0016880608808166,4.683724708116866
108.mat,52,Inner Race,3,1721.0,12000,0.0055051470399045,0.3303963440690823,0.3304422049589707,1.6714574850299402,3.1882767265469063,0.2347939918307915,5.451393915625348,-0.0064487664204479,5.058244558189764
108.mat,40,Inner Race,3,1721.0,12000,0.0045209789210641,0.3149330112001588,0.3149654596840804,1.4258555688622754,2.6991845508982037,0.2238824040590693,5.33775674755228,-0.0168102743563973,4.527022011532472
108.mat,15,Inner Race,3,1721.0,12000,0.0042818074690462,0.3164137257549047,0.3164426957938862,1.477672375249501,2.831081876247505,0.2259388185250592,5.291047613306744,-0.0347781701717923,4.6696365404875
106.mat,48,Inner Race,1,1772.0,12000,0.0053623024751278,0.2912991578594174,0.2913485089329283,1.5069106986027945,2.775041756487026,0.2048535806999283,5.82845239303581,0.1246585093528487,5.172192931832379
106.mat,41,Inner Race,1,1772.0,12000,0.005717946577548,0.2919032691542893,0.2919592667753931,1.438525508982036,2.666372654690619,0.2078047763749844,5.356104779744941,0.1133781574790172,4.927144546121587
105.mat,14,Inner Race,0,1797.0,12000,0.0145684800126309,0.2957099380832463,0.2960685868022405,1.407662834331337,2.5588405988023952,0.2151283561392839,4.947759069381732,0.1290271976107401,4.754516004332428
105.mat,13,Inner Race,0,1797.0,12000,0.0143569494994386,0.294238116381759,0.294588172082341,1.4872560479041916,2.6684843113772456,0.2140033659633857,4.931380105641181,0.1509350655379463,5.048593897681965
105.mat,15,Inner Race,0,1797.0,12000,0.0147451123534181,0.2942817295220458,0.2946509030510537,1.6389704590818364,2.798757285429142,0.2134757690478418,5.220767348091788,0.1197914871563659,5.562414511921094
106.mat,6,Inner Race,1,1772.0,12000,0.0057397182782871,0.2901636045705547,0.2902203676231069,1.4107491017964071,2.6637736926147704,0.2073894484663485,5.309382921967643,0.1364195974108495,4.860958289559018
105.mat,19,Inner Race,0,1797.0,12000,0.0147165593032684,0.2922928528323262,0.2926630980061998,1.7026450299401197,2.997253013972056,0.2094247257438248,5.535881636857154,0.1696417542535782,5.817764663668156
105.mat,44,Inner Race,0,1797.0,12000,0.0124855350042103,0.2915026305370489,0.2917698959700273,1.6963100598802394,2.854797405189621,0.2081807645256362,5.615890261887008,0.2095321320338373,5.81386251052609
105.mat,35,Inner Race,0,1797.0,12000,0.0123147719015094,0.2921778411829807,0.2924372487993506,1.4380382035928143,2.540160558882236,0.211054391081119,5.050279217017418,0.1927715052263506,4.917424881737595
105.mat,56,Inner Race,0,1797.0,12000,0.0119684868544161,0.2915291408632887,0.2917747155770553,1.4373884630738525,2.6704335329341315,0.2095122884309506,5.252348096650247,0.188138191631601,4.926364027914713
108.mat,36,Inner Race,3,1721.0,12000,0.005044491164156,0.3105661506242517,0.3106071164746078,1.4848195209580837,2.808990698602794,0.2212745984690775,5.328487580590446,0.0229746858274982,4.780378304949325
105.mat,12,Inner Race,0,1797.0,12000,0.0144819880648858,0.29396199827461,0.2943185084358666,1.5044741716566867,2.7399557684630738,0.2125920124886945,5.114520040975312,0.1377863629925755,5.11172124258206
106.mat,46,Inner Race,1,1772.0,12000,0.0053891106166573,0.2925838371682134,0.2926334640558291,1.476372894211577,2.7698438323353294,0.2078149285705931,5.538395813288824,0.1168423072446354,5.045126670577608
105.mat,49,Inner Race,0,1797.0,12000,0.0124528576245945,0.2897366942104635,0.2900041820992001,1.5018752095808383,2.872015528942116,0.2073770754779503,5.547251852341754,0.1714327057606814,5.178805349321135
105.mat,25,Inner Race,0,1797.0,12000,0.0140212528751091,0.2919845425354416,0.2923210026868047,1.5579153293413173,2.7011337724550897,0.2094870269129709,5.366394194416045,0.1487634088133874,5.329467657205875
108.mat,38,Inner Race,3,1721.0,12000,0.0049413829275043,0.313728189157787,0.3137671014262974,1.3893076646706586,2.6662102195608783,0.2249947436474706,5.300979828231442,0.0176816495720813,4.427830892261345
108.mat,47,Inner Race,3,1721.0,12000,0.0046130625077969,0.3091115755481034,0.3091459954188824,1.4177338123752496,2.7714681836327344,0.2211649468250998,5.436545370135116,-0.0369244807022002,4.58596855008349
105.mat,42,Inner Race,0,1797.0,12000,0.0124243045744448,0.2897043644873012,0.2899706573899325,1.599661157684631,2.715428063872255,0.2081792575591005,5.459071412583809,0.1974821445219337,5.516631138072418
108.mat,23,Inner Race,3,1721.0,12000,0.0046300753668444,0.311700852091313,0.3117352382910107,1.314912375249501,2.5830434331337324,0.2239088552874719,5.053615277798456,-0.0166368774830954,4.218042151596624
108.mat,34,Inner Race,3,1721.0,12000,0.0050343786255613,0.308683630460064,0.3087246810382202,1.431703233532934,2.759772854291417,0.2202979651829154,5.338316813766483,0.009704640752426,4.637475788194882
108.mat,30,Inner Race,3,1721.0,12000,0.0048661535717627,0.3168534825919438,0.3168908469508502,1.4146475449101796,2.7942091017964072,0.2261346845176833,5.29535071115921,-0.0280288567272142,4.464147697928276
106.mat,7,Inner Race,1,1772.0,12000,0.0056693667352794,0.2895234609605089,0.2895789636104984,1.4107491017964071,2.7126666666666663,0.2053138003485217,5.479046463092309,0.1464024052422755,4.871725087371856
105.mat,22,Inner Race,0,1797.0,12000,0.0139936515932977,0.2933135123453572,0.293647133153526,1.6638230339321358,2.7661078243512973,0.2103409217405033,5.404467357359303,0.1567506613941071,5.666062583564362
106.mat,27,Inner Race,1,1772.0,12000,0.0064168617939901,0.29415160348446,0.2942215864748236,1.5579153293413173,2.855609580838323,0.2078974944739427,5.710038134755895,0.1090416193389099,5.295040884006065
105.mat,46,Inner Race,0,1797.0,12000,0.0125324095948727,0.2937524200141747,0.2940196346410181,1.4970021556886228,2.6481799201596807,0.2098871265281936,5.439466174358514,0.2062718681856955,5.091504033451305
108.mat,7,Inner Race,3,1721.0,12000,0.0045699553334736,0.3059797996332333,0.3060139249696713,1.3694905788423155,2.695448542914172,0.2185095528181917,5.3633467392748,-0.0157225904554386,4.47525575503809
105.mat,57,Inner Race,0,1797.0,12000,0.0119617848190338,0.2926633575472415,0.2929077075579975,1.4373884630738525,2.690250618762475,0.2092279872968905,5.4937393761301205,0.1858530253714548,4.907308431920455
106.mat,47,Inner Race,1,1772.0,12000,0.0054222242234281,0.291988109369427,0.2920384504284694,1.476372894211577,2.7698438323353294,0.2058640017621008,5.79582510408465,0.1159995936875922,5.055405861952391
105.mat,24,Inner Race,0,1797.0,12000,0.0139141392800336,0.2918121830659846,0.2921437205514435,1.5579153293413173,2.7011337724550897,0.2095433795300025,5.418358067036895,0.1428200469035744,5.332701748306051
105.mat,17,Inner Race,0,1797.0,12000,0.0145022527990893,0.2912272112717827,0.2915880723235919,1.6258132135728545,2.800868942115769,0.2076016928057946,5.8723081133499,0.1543138274167672,5.575719200779231
106.mat,8,Inner Race,1,1772.0,12000,0.0059594974504116,0.2893055842759034,0.2893669585545028,1.5411845109780438,2.843102075848303,0.2051532687554578,5.612596427867127,0.1546677624761116,5.326055603158156
106.mat,28,Inner Race,1,1772.0,12000,0.0063664577290731,0.2932475681051273,0.2933166684380336,1.455093892215569,2.7523008383233534,0.2075562458676397,5.548915312302525,0.1267171862617424,4.96082919516377
105.mat,31,Inner Race,0,1797.0,12000,0.0129963570027912,0.2906570737030462,0.2909474863080312,1.401652734530938,2.517582075848304,0.2090830012533526,5.202516727902987,0.1604601721609194,4.817545435147645
106.mat,26,Inner Race,1,1772.0,12000,0.00643157454622,0.2920182888675101,0.2920891065826525,1.5579153293413173,2.855609580838323,0.2065403124805077,5.738617163701702,0.1044635142775172,5.3336988413173625
106.mat,4,Inner Race,1,1772.0,12000,0.006060424551288,0.290791274693433,0.2908544209455538,1.3444755688622754,2.531876367265469,0.207213490294801,5.393520621466918,0.1732287700333407,4.622503465793813
108.mat,12,Inner Race,3,1721.0,12000,0.0045743969190525,0.3142036429477828,0.3142369398222157,1.483032734530938,2.823934730538922,0.2255262269503961,5.252183097631707,0.007275738700799,4.719472940927906
108.mat,39,Inner Race,3,1721.0,12000,0.0048717055537362,0.3130267195334032,0.3130646269651781,1.4258555688622754,2.6991845508982037,0.2227705006978231,5.366598452675046,-0.0034968722162515,4.554508705389037
108.mat,32,Inner Race,3,1721.0,12000,0.0049992425110716,0.3128565342433728,0.3128964740045167,1.5075604391217563,2.8302697005988025,0.2236155123541978,5.277860703242973,-0.0270968520261227,4.818080625286927
106.mat,36,Inner Race,1,1772.0,12000,0.0057463806566554,0.2928960434247048,0.2929524076441389,1.4559060678642717,2.700321596806387,0.2083353475665855,5.393857335495274,0.1373890815608469,4.969769934892698
105.mat,52,Inner Race,0,1797.0,12000,0.0121962370863741,0.2912561369669922,0.2915113814587732,1.5481692215568863,2.7873868263473054,0.2061494926065837,5.70857569842588,0.1986586993319027,5.310836282993757
108.mat,42,Inner Race,3,1721.0,12000,0.0046696927239271,0.3203357679641415,0.3203698023648799,1.4320281037924152,2.7782904590818363,0.2271783778146831,5.348939601157582,-0.0247791151742274,4.469922237431824
108.mat,2,Inner Race,3,1721.0,12000,0.0045509596237213,0.3092615581826234,0.3092950413489374,1.396292375249501,2.699346986027944,0.2214979071154565,5.132723416944383,-0.021336931689207,4.514435049329632
105.mat,23,Inner Race,0,1797.0,12000,0.0139756869659119,0.291666048177238,0.2920006908990047,1.6638230339321358,2.765295648702595,0.2085224493590943,5.494474934677805,0.1539620529085528,5.698010606788626
108.mat,25,Inner Race,3,1721.0,12000,0.0046896402020178,0.3106654935291852,0.3107008876636122,1.4960275449101796,2.7919350099800395,0.2221836165462045,5.2853992339655,-0.0092595041620222,4.815008917933604
108.mat,4,Inner Race,3,1721.0,12000,0.0043298717701316,0.3060924916309482,0.3061231144856394,1.331155888223553,2.630312055888224,0.2206975889139689,5.157600465848228,-0.020898280401787,4.348433114762392
105.mat,5,Inner Race,0,1797.0,12000,0.0143506043771831,0.287241750948173,0.2876000057958321,1.5845546906187624,2.7428796007984038,0.2059633029253992,5.595735635830524,0.1476263973424778,5.509578090007555
105.mat,45,Inner Race,0,1797.0,12000,0.0125185296399388,0.2906517304540489,0.2909211955156914,1.5666868263473055,2.717864590818364,0.2070159587075848,5.670238471972857,0.2012948742859786,5.385261887055608
105.mat,16,Inner Race,0,1797.0,12000,0.0147795742986682,0.2929251860101686,0.2932978015866156,1.6389704590818364,2.798757285429142,0.2106462807490488,5.607592440940161,0.1616234896940812,5.588076181327332
105.mat,48,Inner Race,0,1797.0,12000,0.0124524213974394,0.2908473743847166,0.2911138230746573,1.5018752095808383,2.872015528942116,0.2071472630812593,5.582176076971316,0.1794248342830567,5.159065253990623
105.mat,34,Inner Race,0,1797.0,12000,0.0122255436197916,0.2917281759025397,0.2919842333623899,1.4987889421157683,2.68554,0.2097787042516529,5.153279051384756,0.1740837359898528,5.133116007176932
105.mat,3,Inner Race,0,1797.0,12000,0.0149802387899981,0.2912004071312324,0.2915854671748936,1.5657122155688623,2.7758539321357283,0.2074566671052426,5.704262788553119,0.1085931089820646,5.369651069165751
108.mat,9,Inner Race,3,1721.0,12000,0.0044769199784025,0.307763453354059,0.3077960136728692,1.398891337325349,2.69496123752495,0.2207666714325255,5.27569726345448,0.0054463039192061,4.544865024834644
106.mat,2,Inner Race,1,1772.0,12000,0.0057387665099488,0.2943922142560909,0.2944481435765215,1.402464910179641,2.577845508982036,0.2096202348233221,5.366969047120883,0.1667838253238053,4.76302853583849
106.mat,52,Inner Race,1,1772.0,12000,0.0051810302636913,0.2957584115680268,0.2958037881566692,1.386871137724551,2.7423922954091817,0.2105520160265406,5.394206597361377,0.132317626198269,4.688483357048862
105.mat,27,Inner Race,0,1797.0,12000,0.0139745765695172,0.287632768712655,0.2879720445244729,1.5907272255489022,2.8106150499002,0.2055196995657123,5.366721299420195,0.1562509373511779,5.523894613366599
106.mat,38,Inner Race,1,1772.0,12000,0.0053812585278661,0.292961701039552,0.293011119617211,1.4822205588822357,2.6322612774451097,0.2082345790937655,5.367259155862405,0.1459154156808082,5.058581260733738
105.mat,29,Inner Race,0,1797.0,12000,0.0132231554664109,0.2899524773428202,0.2902538388337483,1.5332251896207585,2.7958334530938123,0.2065648998292477,5.486435674623191,0.1068418991645878,5.282359729612257
105.mat,26,Inner Race,0,1797.0,12000,0.0140389399033963,0.2889108317860644,0.2892517252445122,1.5907272255489022,2.8106150499002,0.2065004571813404,5.483969046428568,0.1421252360595239,5.499456309912128
105.mat,7,Inner Race,0,1797.0,12000,0.0142691885272423,0.2896797709559625,0.2900309973818745,1.4927788423153694,2.705194650698603,0.2091113163614177,5.169983939672958,0.1491137797970775,5.146963103222636
105.mat,50,Inner Race,0,1797.0,12000,0.0124140730648078,0.2858467561783227,0.2861161953258289,1.462078602794411,2.5856423952095806,0.2042724071583395,5.567350829971972,0.1886482532882521,5.110086834229698
106.mat,50,Inner Race,1,1772.0,12000,0.0052745415029316,0.2940246521739033,0.2940719586666688,1.499601117764471,2.902553333333333,0.2100027663812999,5.448667255668649,0.1190585148564743,5.099435949499258
105.mat,37,Inner Race,0,1797.0,12000,0.0122299852053705,0.2954114471926509,0.2956644984954736,1.5135705389221557,2.5789825548902194,0.2132806565384855,4.972554674526208,0.1966486968269213,5.119216363899459
105.mat,21,Inner Race,0,1797.0,12000,0.0141689752526197,0.290405186263057,0.2907506355421949,1.6513155289421158,2.753600319361277,0.2078347967346556,5.510447121541301,0.1686969822519916,5.679490694363316
106.mat,56,Inner Race,1,1772.0,12000,0.005298454682432,0.2940482571220151,0.2940959896675174,1.5361490219560878,2.8288077844311377,0.2076912780006393,5.744509526158015,0.1114510659597336,5.223291292386343
108.mat,0,Inner Race,3,1721.0,12000,0.0045659103180358,0.3224057528301845,0.3224380824205329,1.5354992814371258,3.0370496207584834,0.2309386955483564,5.289069717607749,-0.0047550607874847,4.762152379489975
108.mat,18,Inner Race,3,1721.0,12000,0.0046079070959643,0.3185542897238972,0.318587614808394,1.4578552894211578,2.724686866267465,0.2273301848646457,5.129040864641592,-0.0091679255081443,4.5759948650167885
108.mat,56,Inner Race,3,1721.0,12000,0.0047274729934661,0.3054456148035403,0.3054821968685192,1.3979167265469064,2.6969104590818365,0.2180542902963604,5.383077662520365,-0.0173481905985985,4.576098839398407
105.mat,20,Inner Race,0,1797.0,12000,0.0144122313770895,0.2908537306261389,0.291210585371496,1.7026450299401197,2.997253013972056,0.2078409039148266,5.620209990666131,0.1725797002210913,5.846782759521132
105.mat,32,Inner Race,0,1797.0,12000,0.0123526046929578,0.2898000737815692,0.2900632165692566,1.401652734530938,2.5700486227544905,0.2083485136952657,5.138628560812596,0.1618787143207135,4.832231922093004
106.mat,9,Inner Race,1,1772.0,12000,0.0060808082565338,0.289478491757928,0.2895423516853753,1.5411845109780438,2.7107174451097804,0.2050957264280033,5.636231243301417,0.1371130687954709,5.322829292526908
108.mat,14,Inner Race,3,1721.0,12000,0.0043856295319517,0.3178211850200582,0.3178514423342226,1.4320281037924152,2.777640718562874,0.2273288761831805,5.215098352070166,-0.0048396476760679,4.505337755512305
108.mat,16,Inner Race,3,1721.0,12000,0.0045333122524482,0.3153864148866523,0.3154189937448818,1.477672375249501,2.8997919361277447,0.2259293801557042,5.2951972776117975,-0.0061463381027789,4.684791989554936
108.mat,46,Inner Race,3,1721.0,12000,0.0044891343387443,0.319959935263395,0.3199914256677313,1.517468982035928,3.024054810379241,0.2286698384578499,5.4113616325617935,-0.0316301259207583,4.742217635580081
106.mat,51,Inner Race,1,1772.0,12000,0.0051690538454341,0.2931575061674754,0.2932030738924651,1.4102617964071855,2.6498042714570857,0.2091735382165357,5.286486441211324,0.1570833151839706,4.809846560218573
108.mat,48,Inner Race,3,1721.0,12000,0.0044510239481973,0.3076660148736085,0.3076982098134387,1.4177338123752496,2.7591231137724552,0.2201478237275449,5.363584534717491,-0.0268898571902453,4.607546508752324
106.mat,34,Inner Race,1,1772.0,12000,0.0059172627303985,0.2926860322368462,0.2927458410716859,1.494890499001996,2.7548998003992016,0.2051337971615363,5.873923096837636,0.1238723067996857,5.10644487221233
108.mat,26,Inner Race,3,1721.0,12000,0.0047629263640687,0.3099591856997936,0.3099957778216159,1.329369101796407,2.6332358882235534,0.2212209028719904,5.26424740858439,-0.0334035192470674,4.288345832120913
108.mat,33,Inner Race,3,1721.0,12000,0.0049637494834549,0.3075184530413828,0.3075585111322717,1.431703233532934,2.7076311776447106,0.2192274240873721,5.284340988717895,-0.0018010121269054,4.655059709653756
106.mat,25,Inner Race,1,1772.0,12000,0.0062665617105632,0.2932464261230204,0.293313375469985,1.5788694610778442,2.892482355289421,0.2086781824534524,5.527062300897835,0.1094422613864268,5.382875767421017
108.mat,45,Inner Race,3,1721.0,12000,0.0048830474597679,0.3254950401621025,0.3255316656219838,1.517468982035928,3.024054810379241,0.2313104007414857,5.430184869616592,-0.0311582188878407,4.661509592735147
108.mat,31,Inner Race,3,1721.0,12000,0.0052966304597835,0.3166865467252038,0.3167308371014136,1.5075604391217563,2.887121996007984,0.2268341152753087,5.299301830343381,-0.0207205901609339,4.759752643343195
106.mat,16,Inner Race,1,1772.0,12000,0.0059603699047218,0.2917000800671004,0.2917609684665752,1.5767578043912174,2.735082714570858,0.2064049234343812,5.643942250708355,0.1774305525737128,5.404279443814138
106.mat,57,Inner Race,1,1772.0,12000,0.0056235628839976,0.2934692611050247,0.2935231365208532,1.5361490219560878,2.7817015968063874,0.2068609394394804,5.6627628001296255,0.138108772039109,5.2334853060108015
108.mat,17,Inner Race,3,1721.0,12000,0.0049004568889564,0.3173859488133024,0.3174237782237505,1.4578552894211578,2.724199560878244,0.2272682009516124,5.146496053607939,-0.0027967196869268,4.5927727833720216
108.mat,50,Inner Race,3,1721.0,12000,0.0047948502604166,0.3118210770185706,0.3118579398733359,1.380048862275449,2.711529620758483,0.2241799109788236,5.296262885074988,-0.0116654237540304,4.42524844112024
105.mat,53,Inner Race,0,1797.0,12000,0.0123844889322916,0.2945630604010461,0.2948232896481286,1.608432654690619,2.7714681836327344,0.2085560785070483,5.750854032937446,0.1941647551361318,5.455582076335563
108.mat,54,Inner Race,3,1721.0,12000,0.0052174354026322,0.3201493933803352,0.320191904510369,1.4575304191616767,2.856096886227545,0.2302420407817178,5.23944964412244,-0.02634922941535,4.5520526866239885
108.mat,28,Inner Race,3,1721.0,12000,0.0044827495594748,0.3171209655681233,0.317152647547631,1.5091847904191618,2.9072639520958083,0.2255464916845995,5.28135447666612,-0.008947195655671,4.7585438812788325
108.mat,55,Inner Race,3,1721.0,12000,0.0048794783284992,0.3116773485338189,0.3117155416366498,1.4575304191616767,2.856096886227545,0.2229996389252744,5.376504820014778,-0.0051672937376134,4.67583493434101
108.mat,37,Inner Race,3,1721.0,12000,0.0047971900242483,0.3142697791930274,0.3143063905588987,1.4848195209580837,2.808990698602794,0.225097693256066,5.321837608945431,0.0213942547579874,4.724114957757561
105.mat,8,Inner Race,0,1797.0,12000,0.014402594722664,0.2915367320011865,0.2918922760894453,1.4373884630738525,2.605297045908184,0.2110225464987992,5.0194658427096,0.1398015873753159,4.924379919643332
105.mat,36,Inner Race,0,1797.0,12000,0.0123705693203436,0.2960144285360583,0.2962728014631762,1.5135705389221557,2.615692894211577,0.2144999114368918,4.988261787386916,0.1908340299004917,5.108705663993519
108.mat,22,Inner Race,3,1721.0,12000,0.0044689489185691,0.3093444880321692,0.3093767667106269,1.507073133732535,2.89816758483034,0.2206106210820546,5.273589448115721,-0.0299302749243963,4.871319684914038
105.mat,47,Inner Race,0,1797.0,12000,0.0123038265656187,0.2910600272720056,0.2913199677738164,1.4474594411177644,2.5744343712574853,0.2074051526439309,5.481607910482373,0.2045634332835321,4.9686241975750365
108.mat,44,Inner Race,3,1721.0,12000,0.0045706691597274,0.3269057029004548,0.3269376540036466,1.50544878243513,2.999689540918164,0.2318022666873284,5.375907380502114,-0.0247378710717944,4.604696840512407
105.mat,1,Inner Race,0,1797.0,12000,0.015434113316336,0.2863461278636243,0.2867617770839631,1.5645751696606789,2.745803433133733,0.2056413672849613,5.454058921571103,0.1142877908130306,5.456010161363224
106.mat,54,Inner Race,1,1772.0,12000,0.0051320935082959,0.2964338238649255,0.2964782459388203,1.5419966866267465,2.707143872255489,0.210752918459955,5.363857497387234,0.1336165879579247,5.201044959450229
106.mat,1,Inner Race,1,1772.0,12000,0.0057374578284836,0.2941867552645142,0.294242698117382,1.5808186826347306,2.7276106986027946,0.2095380258330994,5.374295940827109,0.1588138038757028,5.372499276104707
106.mat,53,Inner Race,1,1772.0,12000,0.0050231160335578,0.2982219218484529,0.2982642224030085,1.5419966866267465,2.897517844311377,0.2118951197799713,5.535959907272309,0.1129805207145048,5.169901620125367
108.mat,57,Inner Race,3,1721.0,12000,0.0051570377701628,0.3039204702464853,0.3039642203835965,1.4034395209580837,2.733620798403193,0.2181140930736184,5.208404430261782,-0.0220734506568069,4.617120788713132
105.mat,6,Inner Race,0,1797.0,12000,0.0142110116875623,0.2887136957420039,0.2890632300417859,1.511134011976048,2.723549820359281,0.2075794055638722,5.374917907396782,0.1493469087785186,5.227693649439964
106.mat,40,Inner Race,1,1772.0,12000,0.0056424396227077,0.291639344886019,0.2916939228205522,1.331480758483034,2.5505564071856286,0.2082540903447012,5.118341631606034,0.0991463235216347,4.564650321159246
105.mat,41,Inner Race,0,1797.0,12000,0.0125503742222586,0.2926011433422134,0.2928701776867853,1.739030499001996,2.96086754491018,0.2109168208992172,5.402381763420903,0.2034400615605901,5.937888632900785
108.mat,3,Inner Race,3,1721.0,12000,0.0042810539857784,0.3070702978865089,0.307100138826635,1.3222219560878246,2.588728662674651,0.2205961066148952,5.125066049266223,-0.0284813549841807,4.305507516667873
108.mat,10,Inner Race,3,1721.0,12000,0.0044550689636352,0.306357962481835,0.3063903536593347,1.3551962874251495,2.65126618762475,0.2212850282637849,5.119577176863055,-0.0028645022720213,4.423103636389112
105.mat,10,Inner Race,0,1797.0,12000,0.0140621392566429,0.2892635097731157,0.2896051136405134,1.3126382834331338,2.50702379241517,0.2095969958130613,5.011516803153509,0.13200037433239,4.532510724456719
106.mat,45,Inner Race,1,1772.0,12000,0.0054056079345215,0.2957324199603041,0.2957818196115498,1.3977542914171657,2.5486071856287422,0.2119681283429235,5.061523523043656,0.129813506371592,4.725626116077168
106.mat,23,Inner Race,1,1772.0,12000,0.0059661598287799,0.2906889345155031,0.2907501534184651,1.478646986027944,2.7761788023952096,0.2053138003485217,5.884572355553685,0.1537707244481892,5.085627534991483
105.mat,38,Inner Race,0,1797.0,12000,0.0128277750358657,0.2915035920034436,0.2917857021227752,1.4848195209580837,2.561114690618762,0.2096679025542664,5.131989126280362,0.2001585683762344,5.08873296448677
105.mat,51,Inner Race,0,1797.0,12000,0.0123391213081649,0.2886608187305399,0.2889244229635895,1.5481692215568863,2.7873868263473054,0.205247969705121,5.664507209353389,0.1876825463800531,5.358388209888326
108.mat,24,Inner Race,3,1721.0,12000,0.0046037431094841,0.3119139757399997,0.3119479487231023,1.4960275449101796,2.7919350099800395,0.2239955455202875,5.189281019069321,-0.0309003031803228,4.795760161379085
106.mat,37,Inner Race,1,1772.0,12000,0.0056522745622037,0.293887958690063,0.2939423080652711,1.4822205588822357,2.631936407185629,0.2094342830842221,5.31019951386427,0.1362395137978329,5.042556032978765
108.mat,58,Inner Race,3,1721.0,12000,0.0051679434490394,0.3054353299985613,0.3054790474825115,1.4034395209580837,2.7599352894211577,0.2190895366493575,5.204830169809996,-0.0198805234967975,4.594225144159616
108.mat,20,Inner Race,3,1721.0,12000,0.0049570077910585,0.3100119897976875,0.3100516178712218,1.4541192814371258,2.762209381237525,0.2213356702707865,5.202675582745397,0.0021267003651086,4.6899264432836665
106.mat,31,Inner Race,1,1772.0,12000,0.0063122069337886,0.2979602186882308,0.2980270723895957,1.5143827145708584,2.8452137325349303,0.2103420717939121,5.60709591080215,0.1285825107917304,5.081359563842517
98.mat,115,Normal,1,,12000,0.0155483144531249,0.0639443117625652,0.0658074850539161,0.2232184615384615,0.4324596923076923,0.0532340521334134,2.8510735714880653,-0.1634841800182705,3.391991980176396
100.mat,101,Normal,3,1725.0,12000,0.0137008255709134,0.0633340889094726,0.0647990697411435,0.2284338461538461,0.4326683076923077,0.052417620342548,2.9634450766419973,-0.1496414943431697,3.525264283366776
100.mat,51,Normal,3,1725.0,12000,0.0098051268028846,0.0655786936103,0.0663076584359171,0.2497126153846154,0.4864910769230769,0.0529942157451923,3.050511958778036,-0.1210345677367561,3.765969441161152
100.mat,63,Normal,3,1725.0,12000,0.0073024552283653,0.0671408636018185,0.0675368152755242,0.2422024615384615,0.4720966153846153,0.0539944083533653,2.955008513793125,-0.0489019186411431,3.58622864507852
100.mat,146,Normal,3,1725.0,12000,0.0093168975360576,0.063894424884149,0.0645701332736239,0.2338578461538461,0.4405956923076923,0.0520941544471153,2.8172607681927038,-0.0879785942689636,3.621764960014014
100.mat,220,Normal,3,1725.0,12000,0.0125278224158653,0.06426663022654,0.0654763017828457,0.2202978461538461,0.4282873846153846,0.0530147920673076,2.890941970532616,-0.1882952986280094,3.3645432035008813
98.mat,124,Normal,1,,12000,0.0095364631911057,0.0658912832821648,0.0665778141933618,0.2163341538461538,0.4297476923076923,0.0537841122295673,2.83996386517538,-0.1561298759034307,3.249342990111616
98.mat,122,Normal,1,,12000,0.0133096207932692,0.0657447930735204,0.067078490009396,0.2163341538461538,0.4297476923076923,0.0537000243389423,3.052577220813286,-0.1705856643896114,3.2250897987693343
98.mat,99,Normal,1,,12000,0.0162820335036057,0.0655353882072303,0.0675277107747991,0.2315630769230769,0.4560332307692307,0.0545367777944711,3.0006424910075404,-0.1540851613801301,3.4291563310257285
98.mat,218,Normal,1,,12000,0.010304815655048,0.0628752278549602,0.0637140761802106,0.2171686153846153,0.4249495384615385,0.051558202373798,2.8270268453855283,-0.1798508739311558,3.408487235542263
97.mat,117,Normal,0,1796.0,12000,0.0112795934495192,0.0734230697822005,0.0742844290859688,0.2165427692307692,0.4199427692307692,0.0602899480168269,2.537801747151214,-0.0096195578178655,2.915049249152416
98.mat,213,Normal,1,,12000,0.0095094695012019,0.0661050986303829,0.0667855828388653,0.2154996923076923,0.4211944615384615,0.0539657339242788,2.7836764119621247,-0.13477346854303,3.2267397115876344
97.mat,39,Normal,0,1796.0,12000,0.0123322454927884,0.0707123115669818,0.0717796300216176,0.2459575384615384,0.4620830769230769,0.0582436225961538,2.63930477282753,-0.0499023244428255,3.4265645892499625
98.mat,234,Normal,1,,12000,0.0160262046274038,0.0706535511265196,0.0724483507165425,0.3458843076923076,0.663396923076923,0.0581832178485576,3.352942182340695,-0.2179505534142456,4.774219209566214
100.mat,161,Normal,3,1725.0,12000,0.0115281391225961,0.064448894848254,0.0654718110242204,0.2419938461538461,0.4487316923076923,0.0528302163461538,2.901759928913399,-0.179015864923501,3.696153235540157
100.mat,115,Normal,3,1725.0,12000,0.0120370975060096,0.0646433051022724,0.0657544569661605,0.2298941538461538,0.4430990769230769,0.0527520365084134,2.9673858711082515,-0.1089532685759327,3.496252032990934
98.mat,7,Normal,1,,12000,0.0104795615985576,0.0661095711741848,0.0669350178317193,0.210492923076923,0.4105550769230769,0.054372829326923,2.7515692531299782,-0.1272754768850307,3.1447354448477376
100.mat,1,Normal,3,1725.0,12000,0.0128309157151442,0.0634344448020533,0.0647190944423196,0.2219667692307692,0.4126412307692307,0.0520113907752403,2.8260872081657693,-0.0885372924179482,3.4296952258594278
98.mat,40,Normal,1,,12000,0.0102781784855769,0.0658645767099197,0.066661708785166,0.2432455384615384,0.4577021538461538,0.0535793167067307,3.004863179310666,-0.1367179093792695,3.648954443179033
98.mat,165,Normal,1,,12000,0.0132042435396634,0.067127630113421,0.0684139662064626,0.2315630769230769,0.4497747692307692,0.0546719499699519,3.036864667371726,-0.1485770447715899,3.384733991656845
100.mat,43,Normal,3,1725.0,12000,0.0130083100961538,0.06386653007851,0.0651778320890387,0.2207150769230769,0.4063827692307692,0.0526151835937499,2.8838336644223896,-0.1864247607976689,3.3863519213336297
98.mat,93,Normal,1,,12000,0.0151131557992788,0.0640244229104207,0.0657839965890313,0.2232184615384615,0.4105550769230769,0.0530240106670673,2.855838445672389,-0.1237206503734058,3.393203105809483
98.mat,68,Normal,1,,12000,0.0117913021334134,0.0649578946027674,0.0660194128815584,0.1906744615384615,0.3732129230769231,0.0536377351262019,2.702243783844852,-0.1419473795628543,2.8881574860494355
97.mat,91,Normal,0,1796.0,12000,0.0103260540865384,0.0737052281717221,0.07442504990152,0.2584744615384615,0.489828923076923,0.0599686721754807,2.8181497205880364,-0.1181476801924504,3.472949791508068
100.mat,196,Normal,3,1725.0,12000,0.0125139690504807,0.0651740836652038,0.066364603539804,0.2340664615384615,0.4412215384615384,0.0533992229567307,2.962203760357713,-0.1688207510429517,3.526977470724638
97.mat,35,Normal,0,1796.0,12000,0.0122929773137019,0.0707876629950056,0.071847133022339,0.2303113846153846,0.4562418461538461,0.0580703027343749,2.7290616601076056,0.0063975449981776,3.205575155570581
100.mat,168,Normal,3,1725.0,12000,0.0124798958834134,0.062618692683099,0.0638502034029746,0.1998535384615384,0.3907366153846153,0.051734323467548,2.761177370091238,-0.1007955688884018,3.130037616328527
100.mat,231,Normal,3,1725.0,12000,0.0147483335336538,0.0662388384169737,0.0678608654295673,0.306456,0.5816196923076923,0.0540631658653846,3.261817165981701,-0.0750975377820813,4.515945944103379
100.mat,20,Normal,3,1725.0,12000,0.015434431640625,0.0643502352094446,0.0661753311406899,0.2551366153846153,0.4748086153846153,0.0537598688401442,2.921534268981264,-0.1848819865556605,3.855464128198924
100.mat,174,Normal,3,1725.0,12000,0.0126446592548076,0.0652544901056057,0.0664683073848943,0.2296855384615384,0.4405956923076922,0.0539210670072115,2.885852039161886,-0.205925779778309,3.4555647269835115
100.mat,123,Normal,3,1725.0,12000,0.0119926343149038,0.0659162148246511,0.0669982884454562,0.2248873846153846,0.4468541538461538,0.053832140625,2.9203789513127387,-0.0551064535015359,3.356613875270363
100.mat,198,Normal,3,1725.0,12000,0.0125532372295673,0.0637220407306089,0.0649467646601059,0.2157083076923077,0.4251581538461538,0.0519975374098557,3.046911633595534,-0.152438768640096,3.32130951897606
98.mat,111,Normal,1,,12000,0.0184594056490384,0.0661608888334769,0.0686877927156743,0.2234270769230769,0.4170221538461538,0.0557960588942307,2.8514309196927403,-0.1573626318204626,3.2527916255502505
100.mat,23,Normal,3,1725.0,12000,0.0143702690805288,0.0639325771686408,0.065527696868355,0.2313544615384615,0.4595796923076923,0.0525828420973557,3.082583960959091,-0.1525353863508822,3.5306362438352146
100.mat,218,Normal,3,1725.0,12000,0.0128483852163461,0.0645005985955442,0.065767835769859,0.2292683076923077,0.4412215384615384,0.0530497310697115,2.837451427620121,-0.0865190419026926,3.486024817580814
98.mat,228,Normal,1,,12000,0.0124083880709134,0.0650371127973126,0.0662102268197954,0.2472092307692307,0.4614572307692307,0.0534321756310096,3.1261306320833078,-0.3384657403572123,3.733701614435803
98.mat,182,Normal,1,,12000,0.0144456986177884,0.0646848010527066,0.0662782143376253,0.2044430769230769,0.4036707692307692,0.0536422680288461,2.8628088601382227,-0.1985541374357333,3.0846195686810614
98.mat,24,Normal,1,,12000,0.014157630108173,0.064528417018958,0.0660632658385309,0.2067378461538461,0.409512,0.0534324302884615,2.8648836453884794,-0.2280042889473806,3.129391856877713
100.mat,157,Normal,3,1725.0,12000,0.0103031858473557,0.0636805284912949,0.064508645525509,0.241368,0.4410129230769231,0.0517633544170673,3.046161876521559,-0.2579887145423818,3.741638008886024
100.mat,207,Normal,3,1725.0,12000,0.0175938249699519,0.0659775744239887,0.0682831092141115,0.226764923076923,0.4410129230769231,0.0547888886718749,3.020900948434751,-0.1191233498575389,3.3209519262790006
98.mat,44,Normal,1,,12000,0.0099065823317307,0.0656402174178297,0.0663835711313825,0.2157083076923077,0.4287046153846153,0.0535436646634615,2.9211878209204305,-0.206642302327561,3.2494230728472
98.mat,181,Normal,1,,12000,0.0148656796875,0.0626687407617814,0.064407759635301,0.2044430769230769,0.3974123076923077,0.0523535994591346,2.795762293418635,-0.1058346064742719,3.17419947659574
98.mat,216,Normal,1,,12000,0.010583818359375,0.0629969361671873,0.0638798182332802,0.2236356923076923,0.4022104615384615,0.0513578378906249,2.8844472187608003,-0.195699257889174,3.5008817885330528
97.mat,116,Normal,0,1796.0,12000,0.01157499609375,0.0727331278894923,0.0736484108936477,0.2246787692307692,0.4412215384615384,0.059326731670673,2.6965371418883777,-0.045091214341722,3.0506940544205
100.mat,81,Normal,3,1725.0,12000,0.0136878380408653,0.0640596772330554,0.0655057185094263,0.2084067692307692,0.4147273846153846,0.0526581697716346,2.9344134311719854,-0.1847884154258004,3.1815049735051626
100.mat,58,Normal,3,1725.0,12000,0.0091578894230769,0.0659005718489951,0.0665338433333734,0.210492923076923,0.4186910769230769,0.053476333233173,2.816703959958957,-0.1281510696932156,3.163697037945495
98.mat,22,Normal,1,,12000,0.0124530549879807,0.0652519242307889,0.0664296032981854,0.2121618461538461,0.404088,0.0539706742788461,2.809012979950096,-0.2329806591309504,3.193784632455294
98.mat,220,Normal,1,,12000,0.0119063054387019,0.0627901486762784,0.0639090203335085,0.1973501538461538,0.3892763076923077,0.0516012904146634,2.82519543283808,-0.152078824011961,3.087985902714266
100.mat,78,Normal,3,1725.0,12000,0.0135042300180288,0.0640027802644826,0.0654119263587572,0.199644923076923,0.3961606153846153,0.0527339048978365,2.832303976458909,-0.1432007786373637,3.0521180798430185
98.mat,52,Normal,1,,12000,0.013953038311298,0.0648238371529607,0.0663084997669991,0.2296855384615384,0.4228633846153846,0.0537073075420673,2.8355371493863384,-0.11202748414494,3.463892853384232
100.mat,49,Normal,3,1725.0,12000,0.0111431479867788,0.0646543159594378,0.0656075477307152,0.2242615384615384,0.4439335384615384,0.0527361458834134,2.989837621293438,-0.0838542050932762,3.4182277225482536
98.mat,49,Normal,1,,12000,0.0115076137319711,0.0624843732094822,0.0635352033851007,0.2215495384615384,0.4195255384615384,0.0508871290564903,2.984988019755616,-0.1827523415069673,3.4870359526305195
100.mat,76,Normal,3,1725.0,12000,0.0140846452824519,0.064872356597273,0.0663837320675499,0.2234270769230769,0.4234892307692307,0.0536944728064903,2.8367554629599305,-0.1286322804011502,3.365690206988136
97.mat,53,Normal,0,1796.0,12000,0.012089862530048,0.0705622609540712,0.0715904843323881,0.237612923076923,0.4380923076923076,0.0578947928185096,2.7120057095313106,-0.0188051265336524,3.319057348092628
98.mat,51,Normal,1,,12000,0.0128539876802884,0.0660603205472695,0.0672992641125667,0.2296855384615384,0.4251581538461538,0.0547751881009615,2.763169251735864,-0.1384460636436113,3.412898216499956
97.mat,70,Normal,0,1796.0,12000,0.0148423021334134,0.0764986678708282,0.0779252213255171,0.2653587692307692,0.4746,0.0635994253305288,2.640737603916795,-0.0415815404273668,3.405300167480896
98.mat,73,Normal,1,,12000,0.0095523538161057,0.0667235083653857,0.0674038131860043,0.2342750769230769,0.4376750769230768,0.0543393673377403,2.863759723077939,-0.1098983341220446,3.4756947099800204
100.mat,130,Normal,3,1725.0,12000,0.0129311488882211,0.0653991407063599,0.0666652999445709,0.2540935384615385,0.465420923076923,0.0529732829026442,3.199964663677288,-0.1303064987364065,3.811481215456996
97.mat,96,Normal,0,1796.0,12000,0.0136508108473557,0.075329376891528,0.0765562516040078,0.2572227692307692,0.4683415384615385,0.0621840392127403,2.634884159035172,0.0114261772986509,3.359918541483333
98.mat,212,Normal,1,,12000,0.0119911573016826,0.0691580834981536,0.0701899449107297,0.2607692307692307,0.4737655384615384,0.0561768736478365,2.983787940609734,-0.1938098442058525,3.715193552308481
98.mat,172,Normal,1,,12000,0.015000087890625,0.0648390392862889,0.0665515112698081,0.2244701538461538,0.4270356923076923,0.0535266026141827,2.9369436388157197,-0.1409034679890512,3.372878384926887
97.mat,72,Normal,0,1796.0,12000,0.0132475353064903,0.0748368042054104,0.0760002924690138,0.245748923076923,0.4810670769230769,0.0615704166165865,2.683088737606808,-0.0979620228521651,3.233526018036279
100.mat,188,Normal,3,1725.0,12000,0.01188486328125,0.0647364659370468,0.0658183864678589,0.2228012307692307,0.4405956923076923,0.0526184432091346,2.953067042320109,-0.0685360794279251,3.3850910471351536
97.mat,41,Normal,0,1796.0,12000,0.0137045435697115,0.0731755361893543,0.0744477911764588,0.2328147692307692,0.4585366153846154,0.0603871253004807,2.617286985079959,0.0002705519393704,3.1272219840470923
100.mat,175,Normal,3,1725.0,12000,0.0116558753004807,0.0649631277311641,0.066000510555873,0.2296855384615384,0.4376750769230769,0.0532337974759615,2.9821589891491267,-0.1862352036815646,3.480056995424256
100.mat,17,Normal,3,1725.0,12000,0.016379007061298,0.0646206410461577,0.0666640766945017,0.2407421538461538,0.4627089230769231,0.0533775770733173,3.0348840367562744,-0.0734601043784181,3.611272604125175
98.mat,169,Normal,1,,12000,0.0163088743990384,0.0679253917793798,0.0698558389295115,0.2428283076923076,0.4556159999999999,0.0560577448918269,2.9971236522350195,-0.2216817890176762,3.4761347285133186
98.mat,149,Normal,1,,12000,0.0106713186598557,0.0643990890162361,0.0652772526080969,0.2184203076923076,0.4124326153846154,0.0525154088040865,2.942528157912317,-0.2446669510470017,3.346040143626005
100.mat,44,Normal,3,1725.0,12000,0.0129959846754807,0.0636876309952513,0.0650000766112828,0.2207150769230769,0.4126412307692307,0.0521667827524038,2.9178384859172297,-0.1861398661340465,3.3956125658591128
98.mat,143,Normal,1,,12000,0.0108539589843749,0.0641099703406785,0.0650222786644483,0.213204923076923,0.4051310769230769,0.052063646484375,2.923388039767157,-0.1500600507666424,3.27895188320269
100.mat,29,Normal,3,1725.0,12000,0.0133051388221153,0.0643089514038617,0.0656709064178347,0.2392818461538461,0.4593710769230769,0.0525008933293269,3.0928708332711308,-0.0891115628775276,3.643650730681288
100.mat,31,Normal,3,1725.0,12000,0.0141603804086538,0.0641269575816122,0.0656717828446257,0.2102843076923076,0.3911538461538461,0.0530770303485576,2.764389744241603,-0.0717482138394212,3.2020496259378826
98.mat,1,Normal,1,,12000,0.01020575390625,0.0630224579510388,0.0638434618342817,0.2113273846153845,0.4086775384615384,0.0516324095552884,2.8961763657098336,-0.2413320221270858,3.3100865545782323
98.mat,13,Normal,1,,12000,0.0097531257512019,0.0665598707295802,0.0672706462987921,0.2230098461538461,0.4082603076923077,0.0544498886718749,2.748781587843601,-0.1284479866562939,3.315113774339499
98.mat,206,Normal,1,,12000,0.014765446514423,0.0671988041754814,0.0688018727462049,0.2584744615384615,0.5073526153846154,0.0556111775841346,3.0995847885287477,-0.2273534975304766,3.7567939828021415
100.mat,86,Normal,3,1725.0,12000,0.0121387058293269,0.0645725003607723,0.0657035461908479,0.2555538461538461,0.4520695384615384,0.0528519131610576,2.957171348998211,-0.1639943245126509,3.889498527393688
97.mat,73,Normal,0,1796.0,12000,0.0138304971454326,0.0733884769711183,0.0746803267496212,0.245748923076923,0.4566590769230769,0.0605111434795673,2.681759281423401,-0.0557983143717853,3.290678198300323
98.mat,166,Normal,1,,12000,0.013603037109375,0.0656989214254175,0.0670924056437256,0.2278079999999999,0.4341286153846153,0.053919284405048,3.005182272104786,-0.2358523226631436,3.3954364553524448
97.mat,26,Normal,0,1796.0,12000,0.0133102319711538,0.0703240052637542,0.0715725365727837,0.2286424615384615,0.4451852307692308,0.0578056117788461,2.713112026808205,0.0267616950631871,3.1945557959364748
100.mat,180,Normal,3,1725.0,12000,0.0106221188401442,0.0638332303360784,0.064710978232391,0.2284338461538461,0.4351716923076922,0.0517538811598557,2.997150280268253,-0.157486936248558,3.530063250372927
100.mat,128,Normal,3,1725.0,12000,0.0133095698617788,0.065541563753301,0.0668793034438427,0.2230098461538461,0.4366319999999999,0.0539244794170673,2.8680338718242675,-0.1229129346356023,3.334512093731705
98.mat,107,Normal,1,,12000,0.0155912496995192,0.066443539479233,0.0682483040501458,0.2641070769230769,0.4752258461538461,0.054980645733173,2.908558315222361,-0.0636269318312812,3.869796921679148
97.mat,106,Normal,0,1796.0,12000,0.01396123828125,0.0728960665401832,0.0742209720454849,0.2401163076923076,0.4451852307692308,0.05984409375,2.7142309157021707,0.0393851646621486,3.2351544459045445
97.mat,112,Normal,0,1796.0,12000,0.0137934190204326,0.0708708859542025,0.0722006986407113,0.2438713846153846,0.4760603076923076,0.0578016900540865,2.8664615401303184,0.0282850644651516,3.377687324453039
97.mat,87,Normal,0,1796.0,12000,0.00922318359375,0.0736737472357545,0.0742488258988778,0.2553452307692307,0.4885772307692307,0.0598473533653846,2.7856962105562344,-0.1123585838658288,3.4390473879949925
97.mat,61,Normal,0,1796.0,12000,0.01437439453125,0.0726306730592108,0.0740394346762183,0.2113273846153845,0.4216116923076922,0.0603047181490384,2.603948644454535,-0.0650351617267358,2.8542544326484918
98.mat,159,Normal,1,,12000,0.0131829541766826,0.0636666680935463,0.06501718931912,0.2048603076923076,0.3972036923076922,0.0528715217848557,2.674671106840092,-0.0874294872398725,3.150863792139703
100.mat,70,Normal,3,1725.0,12000,0.0087316947115384,0.0637041928785935,0.0642998186844143,0.2217581538461538,0.4416387692307691,0.0514212475961538,2.975572346075121,-0.0375432145936794,3.4488146060652256
100.mat,48,Normal,3,1725.0,12000,0.0114215904447115,0.0640888810290485,0.0650986743324491,0.2238443076923077,0.4435163076923076,0.0523591000600961,3.0671429164679798,-0.1551310167154239,3.438538649023305
98.mat,199,Normal,1,,12000,0.01434791015625,0.062040670730585,0.0636781544216908,0.2161255384615384,0.4166049230769231,0.0514501766826923,2.8922265798441558,-0.1592531066784143,3.394029560440892
100.mat,113,Normal,3,1725.0,12000,0.011354259014423,0.0628269995912674,0.0638447419558394,0.2255132307692307,0.4445593846153846,0.0507263383413461,3.067120699966591,-0.0574274222529074,3.5322130509230525
98.mat,70,Normal,1,,12000,0.0104578138521634,0.0626326591376915,0.0634997311901771,0.2323975384615384,0.4243236923076923,0.050831206280048,2.987465186722824,-0.205930285397502,3.659819248140191
98.mat,105,Normal,1,,12000,0.0148995491286057,0.0645378625234069,0.0662354305740206,0.2086153846153846,0.413892923076923,0.053742755859375,2.8552971139275245,-0.2240923880128063,3.1496041138020376
100.mat,210,Normal,3,1725.0,12000,0.0151695878906249,0.063150875349267,0.0649472821151898,0.2263476923076922,0.4410129230769231,0.0524171110276442,2.91281038402583,-0.1345434504409495,3.485098759117346
97.mat,43,Normal,0,1796.0,12000,0.0133083984374999,0.0719551178182077,0.0731754907684492,0.254928,0.4625003076923076,0.0594130096153846,2.613743623567043,-0.0355282722056546,3.483789412587256
100.mat,87,Normal,3,1725.0,12000,0.0121625926983173,0.065534834791024,0.0666539063538812,0.2586830769230769,0.514236923076923,0.0529784779146634,3.121137183491256,-0.1410161091704046,3.880988993348232
100.mat,107,Normal,3,1725.0,12000,0.0134037421875,0.0647962184887031,0.0661680454227319,0.2328147692307692,0.4466455384615384,0.0536125240384615,2.9602855295795103,-0.281515426444683,3.518537803910798
100.mat,127,Normal,3,1725.0,12000,0.013152140625,0.0643043598744143,0.0656355810660495,0.2136221538461538,0.4153532307692307,0.052655317608173,2.975932802998173,-0.1756723813782869,3.254669957613149
100.mat,16,Normal,3,1725.0,12000,0.016504807842548,0.0671432969791989,0.0691421073670476,0.2822566153846154,0.5229987692307693,0.0553290680588942,3.1191500705456754,-0.0986873775620958,4.082268043787393
97.mat,18,Normal,0,1796.0,12000,0.0132677041766826,0.0712493436939872,0.0724741398772271,0.2401163076923076,0.4652123076923077,0.0582414325420673,2.7653503312771157,-0.030873727243566,3.3131308367242487
100.mat,205,Normal,3,1725.0,12000,0.0141693443509615,0.0640482367209692,0.0655968516500711,0.2346923076923076,0.4276615384615384,0.0525537602163461,2.9926389136243383,-0.0808531760523141,3.577798351425196
98.mat,224,Normal,1,,12000,0.0107416550480769,0.0640932479217689,0.064987133975374,0.214248,0.4126412307692307,0.052487141826923,2.8926858326339246,-0.2313845916791583,3.2967756368696977
97.mat,97,Normal,0,1796.0,12000,0.0138058972355769,0.074944175616962,0.0762051983619579,0.2561796923076923,0.4685501538461538,0.0618130033052884,2.615124932371642,0.0104651724647078,3.361708883571106
100.mat,155,Normal,3,1725.0,12000,0.0108881849459134,0.0651261413280118,0.0660300450983685,0.2225926153846154,0.4201513846153846,0.0529772555588942,2.8481226254508893,-0.1608881354199009,3.371080771685179
98.mat,27,Normal,1,,12000,0.0105205614483173,0.0648921548940573,0.06573944006441,0.2215495384615384,0.4207772307692308,0.0527003919771634,2.968091495703554,-0.2038952906631024,3.3701159949715
97.mat,110,Normal,0,1796.0,12000,0.0133570889423076,0.0710864709564213,0.0723304789010196,0.2474178461538461,0.4754344615384615,0.0578458476562499,2.878885618452401,-0.0289813981832542,3.420658205407765
97.mat,50,Normal,0,1796.0,12000,0.0131822920673076,0.0694708618866245,0.0707104905612899,0.2127876923076923,0.4228633846153846,0.057589356670673,2.6094584182773666,-0.0301165451385318,3.009280385677056
98.mat,57,Normal,1,,12000,0.0115479514723557,0.0660514655118351,0.0670533465195364,0.196932923076923,0.39324,0.054040705078125,2.759213924326483,-0.1403491355639112,2.9369589036029
97.mat,58,Normal,0,1796.0,12000,0.0122339477163461,0.0724647187452555,0.0734901689993654,0.235944,0.4643778461538461,0.0592432040264423,2.841409144584029,-0.0947190290465632,3.210551876701187
100.mat,54,Normal,3,1725.0,12000,0.0100263222656249,0.0635993874421547,0.0643848524203595,0.2255132307692307,0.4293304615384615,0.0519313264723557,2.818773104054159,-0.0769952548299009,3.502582087117122
97.mat,29,Normal,0,1796.0,12000,0.013136912109375,0.0715265335417503,0.0727229225228784,0.2645243076923076,0.4975476923076922,0.0580562456430288,2.8969772723244627,-0.0225193264008752,3.637426804582681
100.mat,56,Normal,3,1725.0,12000,0.0087606747295673,0.0635413986678328,0.0641424879965047,0.2330233846153846,0.4516523076923077,0.0514635716646634,2.9752775851198816,-0.1478909086421158,3.632902182217857
100.mat,109,Normal,3,1725.0,12000,0.0139302210036057,0.0645850065778833,0.0660702212185984,0.2154996923076923,0.4234892307692307,0.0534458252704326,2.9462538145585944,-0.1913129341212177,3.2616765667348813
100.mat,187,Normal,3,1725.0,12000,0.0125264981971153,0.0657035589152924,0.0668870003155892,0.229476923076923,0.4472713846153846,0.0535482484975961,2.9778288918854336,-0.1157975438341259,3.430814986382924
97.mat,60,Normal,0,1796.0,12000,0.0142243503605769,0.0721379379709079,0.0735269626591157,0.2371956923076923,0.4577021538461538,0.0589304846754807,2.8142657229835044,-0.0333261414110794,3.22596886542661
98.mat,55,Normal,1,,12000,0.0126318245192307,0.0632618679458827,0.0645106729672458,0.2290596923076923,0.4418473846153846,0.052260700420673,2.9069105070575216,-0.2122501866764543,3.5507255121023658
97.mat,49,Normal,0,1796.0,12000,0.0133520976562499,0.0697765403945867,0.071042551342554,0.2100756923076923,0.4038793846153846,0.0576371304086538,2.640292831298323,-0.0708620981111592,2.957040369999469
98.mat,134,Normal,1,,12000,0.0098415428185096,0.0647940735344653,0.0655372255305201,0.2246787692307692,0.4145187692307692,0.0524918784555288,2.8484669946766066,-0.1313685297332407,3.428261837635136
98.mat,112,Normal,1,,12000,0.0182184487680288,0.0663498048071078,0.0688055846094966,0.2705741538461538,0.5013027692307692,0.0554877705829326,3.092119408361941,-0.2029333773287256,3.932444661022598
98.mat,113,Normal,1,,12000,0.0182878174579326,0.0635974244042504,0.0661745922407461,0.2705741538461538,0.5013027692307692,0.052948632061298,3.1432248866585546,-0.1385002081091018,4.088792158503872
98.mat,108,Normal,1,,12000,0.0168433494591346,0.0677562188270832,0.069818361558734,0.2641070769230769,0.4752258461538461,0.056492903545673,2.895820970255438,-0.1160107958533784,3.782773915439124
98.mat,160,Normal,1,,12000,0.0134731108774038,0.063504568408829,0.0649180631681697,0.2415766153846154,0.4504006153846154,0.05262312890625,2.8940978450763253,-0.1881906988359364,3.721254202529321
98.mat,66,Normal,1,,12000,0.0121691628605769,0.061945686668813,0.0631296809876147,0.2102843076923076,0.4184824615384614,0.051145708233173,2.8456771955595688,-0.2042233726431831,3.330989550439244
98.mat,188,Normal,1,,12000,0.0140922340745192,0.0651475282786381,0.0666542684456666,0.2184203076923076,0.4180652307692307,0.05415657421875,2.867402255163617,-0.2315180658993074,3.2769140339504785
100.mat,119,Normal,3,1725.0,12000,0.0109230730168269,0.0657507151869779,0.0666518572264121,0.2284338461538461,0.4297476923076923,0.0537000243389423,2.9175990239815808,-0.1292801933306941,3.42726903134703
97.mat,86,Normal,0,1796.0,12000,0.0113211026141826,0.0743043839683662,0.0751618842320976,0.233232,0.450192,0.0609027047776442,2.7364006196442547,-0.0670621577984654,3.103062175500904
100.mat,208,Normal,3,1725.0,12000,0.016892396484375,0.0650753808431689,0.0672321221654411,0.226764923076923,0.4410129230769231,0.0542165205829326,2.9441795475920527,-0.1624262425783004,3.3728657637626283
100.mat,170,Normal,3,1725.0,12000,0.0139265030048076,0.0641049579154445,0.0656002524025924,0.2334406153846153,0.4303735384615385,0.052409012920673,3.000768858132956,-0.0862383076750997,3.5585322744183525
98.mat,157,Normal,1,,12000,0.0107476140324519,0.0653845240501983,0.0662619588652608,0.2248873846153846,0.4458110769230769,0.0533806329627403,3.0187529933865176,-0.2797966085044742,3.3939139208467672
100.mat,233,Normal,3,1725.0,12000,0.0144517594651442,0.0632612799837524,0.0648910078271334,0.2163341538461538,0.4305821538461538,0.0522393601262019,2.959897507739268,-0.1717974470716758,3.333807889414472
97.mat,11,Normal,0,1796.0,12000,0.0116774702524038,0.0735207726006178,0.074442375803621,0.2184203076923076,0.4270356923076923,0.0604471225961538,2.7014241381333246,-0.1105696893809507,2.9340856647093108
100.mat,192,Normal,3,1725.0,12000,0.0118956098257211,0.0639864887058689,0.0650828415946329,0.2718258461538461,0.4869083076923076,0.052060998046875,3.015298681142397,-0.0584549128549604,4.176613059505108
97.mat,8,Normal,0,1796.0,12000,0.0116135003004807,0.0718525033593743,0.0727849959005162,0.2482523076923077,0.4587452307692307,0.0588861742788461,2.681569855700217,-0.0732247819767022,3.4107621305855838
98.mat,81,Normal,1,,12000,0.0140098778545673,0.0660524376299327,0.0675218571601525,0.2079895384615384,0.4145187692307692,0.0547446801382211,2.8169748310055733,-0.2058908344807978,3.0803290550527342
98.mat,97,Normal,1,,12000,0.0172803416466346,0.065613433466819,0.0678508132503148,0.205068923076923,0.3926141538461538,0.0548169519230769,2.8347035809154577,-0.1390918886184003,3.02235026012708
97.mat,76,Normal,0,1796.0,12000,0.0128809304387019,0.0734385912278458,0.0745596744259074,0.2367784615384615,0.4495661538461538,0.0598586092247596,2.79919427064157,0.0200617321915742,3.175690658007856
100.mat,209,Normal,3,1725.0,12000,0.0167613497596153,0.0651746008891372,0.0672954043514301,0.2146652307692307,0.4113895384615385,0.0544013509615384,2.862297403169722,-0.1665335042763843,3.189894359623812
97.mat,47,Normal,0,1796.0,12000,0.0134235545372596,0.0712086938272724,0.0724628863143127,0.2641070769230769,0.4804412307692307,0.0584844776141826,2.774016925902362,-0.0177829019412628,3.644722013659437
98.mat,74,Normal,1,,12000,0.0098513216646634,0.0665399646536793,0.0672652617229247,0.2342750769230769,0.4416387692307691,0.0539174508713942,2.9342509459464576,-0.0275736557352159,3.4828538672471003
97.mat,101,Normal,0,1796.0,12000,0.0148215730168269,0.0734331139046573,0.0749139589424261,0.2405335384615384,0.452904,0.0605433831129807,2.6481448705901807,0.0325742685547832,3.210797318112588
97.mat,23,Normal,0,1796.0,12000,0.0134596140324519,0.0738805891783286,0.0750966222092548,0.3112541538461538,0.5319692307692307,0.0604950491286057,2.8475568924829395,0.0158091481872611,4.144715763364855
100.mat,10,Normal,3,1725.0,12000,0.0139625115685096,0.0656092178603132,0.0670784704472516,0.238656,0.465420923076923,0.0534283048377403,3.1624157187076274,-0.1746168767651015,3.557862879232936
100.mat,147,Normal,3,1725.0,12000,0.0098866171875,0.0657196595138044,0.0664591517100734,0.2371956923076923,0.4495661538461538,0.0529720096153846,2.9339032469044484,0.0007638669049626,3.569044837383016
97.mat,54,Normal,0,1796.0,12000,0.0124928834134615,0.0695821098147339,0.0706947108506148,0.2355267692307692,0.427452923076923,0.0570855423677884,2.7874180071042143,-0.0249604087755384,3.331603827172608
100.mat,26,Normal,3,1725.0,12000,0.0117470935997596,0.0634008731587709,0.0644799575475672,0.2221753846153846,0.4241150769230769,0.0517705866887019,2.9937804872624856,-0.1304068960640859,3.4456502929842108
98.mat,140,Normal,1,,12000,0.009818827373798,0.0654611182317857,0.0661934088195514,0.2384473846153846,0.4401784615384615,0.0531634610877403,2.956504406911946,-0.1958586704730979,3.6022828989727858
98.mat,202,Normal,1,,12000,0.0156212992788461,0.0643716864628487,0.0662400106373072,0.2056947692307692,0.404088,0.0532202496995192,2.782763070101595,-0.0808989038863188,3.105294930537331
97.mat,4,Normal,0,1796.0,12000,0.0114246463341346,0.0714823136328198,0.072389527600067,0.2246787692307692,0.4282873846153846,0.0580734095552884,2.846908615447348,-0.1124454484876408,3.1037468633869225
98.mat,75,Normal,1,,12000,0.0102315252403846,0.0675795550350736,0.0683496917877701,0.3079163076923077,0.540731076923077,0.0547282292668269,3.121949475685008,-0.1625944501633252,4.505013843345573
97.mat,62,Normal,0,1796.0,12000,0.0145598870192307,0.0727337948570212,0.0741767835937634,0.2052775384615384,0.4080516923076923,0.0607506742788461,2.497432898216311,-0.0282771633754757,2.7674095386200808
97.mat,51,Normal,0,1796.0,12000,0.0124111383713942,0.0695578338423972,0.0706564123383039,0.2180030769230769,0.4307907692307692,0.0575121954627403,2.6347048102905486,-0.026700611968111,3.085396918814317
98.mat,26,Normal,1,,12000,0.0113302193509615,0.0634250788897484,0.064429143271595,0.2056947692307692,0.4101378461538461,0.0515663004807692,2.936833024658894,-0.1043825087389633,3.192573403679792
98.mat,64,Normal,1,,12000,0.0117843245192307,0.0675376756251275,0.0685580624961024,0.2553452307692307,0.471888,0.0547682614182692,2.960070200501846,-0.1105115464408751,3.7245106041867393
98.mat,20,Normal,1,,12000,0.0113674502704326,0.0653618587021799,0.0663429837937252,0.2323975384615384,0.4314166153846154,0.0535609304387019,2.871513599514476,-0.2391195792917986,3.502970851960968
100.mat,135,Normal,3,1725.0,12000,0.0116772665264423,0.064938280169427,0.0659798361993462,0.2317716923076923,0.4307907692307692,0.05305482421875,2.868419425210799,-0.1490758571322926,3.512765500166377
98.mat,139,Normal,1,,12000,0.0101693378906249,0.064903877585285,0.0656957286186809,0.2384473846153846,0.4372578461538461,0.0532726582031249,2.8418870419320816,-0.1706001389871387,3.629572114184315
98.mat,88,Normal,1,,12000,0.0136896715745192,0.063593354336898,0.0650501485289346,0.2102843076923076,0.4032535384615384,0.0526935162259615,2.835102918951663,-0.2447844605938714,3.2326491552709054
98.mat,123,Normal,1,,12000,0.0109968218149038,0.0644777270708133,0.0654087714167376,0.2163341538461538,0.430164923076923,0.0527447533052884,2.9904282146062227,-0.1753890053164868,3.3074180902715336
98.mat,9,Normal,1,,12000,0.0106128493088942,0.0651014034560152,0.0659607860959538,0.2234270769230769,0.4201513846153846,0.053524259765625,2.805064036972876,-0.2120132283227022,3.3872712887025846
98.mat,23,Normal,1,,12000,0.0135836831430288,0.0648943258184555,0.0663007539260457,0.2042344615384615,0.4045052307692307,0.0538511380709134,2.8290599018000795,-0.2385987957023104,3.0804244212105334
98.mat,125,Normal,1,,12000,0.0091294187199519,0.0665128107045495,0.0671364303041459,0.2382387692307692,0.4364233846153846,0.0537359310396634,2.856049010158146,-0.1145746046162652,3.5485766543065203
100.mat,158,Normal,3,1725.0,12000,0.0098542247596153,0.065307363911101,0.0660466314555859,0.2422024615384615,0.4835704615384615,0.0531852088341346,2.890375463284109,-0.1561092019173189,3.6671432925588983
100.mat,140,Normal,3,1725.0,12000,0.0106863434495192,0.0621900599018159,0.0631015173106997,0.2167513846153846,0.4234892307692308,0.0503914128605769,3.0872277406844235,-0.126678029687029,3.434963117418279
98.mat,132,Normal,1,,12000,0.0084327268629807,0.0669926668617623,0.0675213173419825,0.226764923076923,0.4393439999999999,0.0538398822115384,3.105142087724175,-0.1845538655615233,3.3584197110432883
100.mat,122,Normal,3,1725.0,12000,0.0113596577524038,0.0647197209058949,0.0657090868783662,0.2180030769230769,0.4330855384615384,0.0529873909254807,2.902358363204923,-0.1604271825242724,3.317700599410571
100.mat,65,Normal,3,1725.0,12000,0.0079175548377403,0.0669399696138441,0.0674065813293553,0.2616036923076922,0.5029716923076922,0.0538934112079326,3.029532575655704,-0.1369360344130622,3.8809814583159192
98.mat,179,Normal,1,,12000,0.0146405115685096,0.0672342707965393,0.0688098230525994,0.2438713846153846,0.4798153846153846,0.0556847735877403,2.898736354452196,-0.1481569321666188,3.544136197370613
132.mat,42,Outer Race,2,1750.0,12000,0.003798745380333,0.5732132064664961,0.5732257936747669,2.9977403193612773,5.662894710578842,0.3519748371908526,7.901467541352407,0.0317012001102585,5.229597747414199
132.mat,54,Outer Race,2,1750.0,12000,0.0039097850198041,0.5800252878462092,0.5800384650693253,2.936421057884232,5.782690618762476,0.3560670444755021,7.841255614180525,0.0242233804657667,5.0624591897250735
130.mat,5,Outer Race,0,1796.0,12000,0.0323906594038485,0.6594168951912328,0.660211933003533,3.132155389221557,6.209895009980039,0.4030738912799401,7.519712271771056,0.0312251703435681,4.744166581437412
130.mat,37,Outer Race,0,1796.0,12000,0.019398724158129,0.6822210863895813,0.6824968287205032,3.5041318363273453,6.67933253493014,0.4120164488162347,7.717542447152929,0.0963584620201564,5.134282957617025
132.mat,39,Outer Race,2,1750.0,12000,0.0036812614760712,0.5742408795312114,0.5742526790628272,3.005455988023952,5.823705489021956,0.3521274175525901,7.958229143049257,0.0132384085506338,5.233682136109172
130.mat,49,Outer Race,0,1796.0,12000,0.0165794078834518,0.6418329185859952,0.6420470170839381,3.227586027944112,6.358117065868264,0.3893252010627183,7.772295374668472,0.0695022992628827,5.027024411083205
132.mat,16,Outer Race,2,1750.0,12000,0.0034118912078187,0.5692336486843378,0.5692438737448987,2.7585545908183637,5.396907185628743,0.3514777365191491,7.730757791753922,0.0318728119510989,4.845997854435556
131.mat,53,Outer Race,1,1773.0,12000,0.0040353986119557,0.5978457445837682,0.5978593636959093,3.0907344311377245,5.913856986027945,0.369538433021652,7.720711081657261,0.0242570595619479,5.1696680169582025
132.mat,24,Outer Race,2,1750.0,12000,0.0041351360024092,0.5612051277922367,0.5612203620771962,2.9116497005988027,5.649087724550899,0.3430130460027211,8.107513694964045,0.0293320747332611,5.188068533048527
130.mat,57,Outer Race,0,1796.0,12000,0.0159894106562266,0.67456140753314,0.6747508827606113,3.372559381237525,6.574967964071856,0.4076387110300883,7.773920285433579,0.0510540296722005,4.998228927747908
131.mat,46,Outer Race,1,1773.0,12000,0.0044891739957584,0.606346443942884,0.6063630618411259,3.112257085828343,6.030404191616766,0.3741476686275886,7.418501082705957,0.0563827726497264,5.132662725823808
130.mat,27,Outer Race,0,1796.0,12000,0.0236688922935379,0.6555211208887808,0.6559482878959946,3.241799101796407,6.261062075848303,0.4013160941300991,7.417699094729775,0.0471538316163682,4.942156510835224
132.mat,27,Outer Race,2,1750.0,12000,0.0038654683065509,0.5753387346994652,0.5753517198121603,2.998146407185629,5.76238622754491,0.3526508901386679,7.855129493972051,0.018974090149196,5.210980177767537
132.mat,22,Outer Race,2,1750.0,12000,0.003933083515586,0.5777410182107537,0.5777544056683074,2.815406886227545,5.519545708582834,0.3531172566244464,7.861403206978276,-0.0274833188376613,4.873016732725511
131.mat,9,Outer Race,1,1773.0,12000,0.0034247797374001,0.5818351232683218,0.5818452025968014,3.0111412175648704,5.86878123752495,0.3606018240374719,7.597679399663018,0.0388823247604498,5.175158623163019
132.mat,4,Outer Race,2,1750.0,12000,0.0043865614717829,0.5578192074487138,0.5578364546354576,2.928705389221557,5.508581337325349,0.3433529066135307,8.016021721111434,0.0129290132631916,5.250114733242822
130.mat,0,Outer Race,0,1796.0,12000,0.0342149811948368,0.6791836846142119,0.6800449561494448,3.547583233532934,6.630195908183633,0.4125072043656826,7.702574917769564,0.0887014962671219,5.216689281279408
130.mat,4,Outer Race,0,1796.0,12000,0.0328453270704684,0.6738416589863772,0.674641680372536,3.209312075848304,6.287051696606786,0.4122005565041791,7.399422414032387,0.0549338114666929,4.757061665795874
130.mat,19,Outer Race,0,1796.0,12000,0.024899548583497,0.698201959399126,0.6986458069926712,3.260073053892216,6.497405189620759,0.4249628776382781,7.604285320807795,0.009970300214669,4.666274414392089
131.mat,33,Outer Race,1,1773.0,12000,0.0041390025612836,0.6009589626898052,0.6009732158585847,2.940888023952096,5.664925149700599,0.3712610345714821,7.325033245884868,0.0471845850674012,4.89354258450699
132.mat,30,Outer Race,2,1750.0,12000,0.0038342384079497,0.5683018967039687,0.5683148310412964,3.0095168662674654,5.853349900199601,0.3492678494086046,7.775496222829822,0.0373838138888105,5.295509991800266
131.mat,31,Outer Race,1,1773.0,12000,0.0047232495214648,0.5928018142513635,0.592820630600648,3.080988323353293,5.9199483033932125,0.3677062789703795,7.552495509585355,0.0235221432717953,5.197167851988593
131.mat,40,Outer Race,1,1773.0,12000,0.004377142930935,0.5978155396790739,0.5978315639559526,2.9388575848303398,5.725026147704591,0.3711349252666541,7.516304571393649,0.0138524032583456,4.915862196006215
131.mat,7,Outer Race,1,1773.0,12000,0.0033461597069532,0.5936466933596126,0.593656123796922,2.9510402195608783,5.90005,0.3664971366105679,7.590715175529487,0.0355878885180131,4.970958946210367
131.mat,4,Outer Race,1,1773.0,12000,0.0037452084113023,0.6056994029983714,0.6057109817219989,3.0712422155688626,6.083195608782436,0.376078568643962,7.5318159089025585,0.0204675923016684,5.070474711945144
132.mat,55,Outer Race,2,1750.0,12000,0.0038398895324585,0.5754514753289555,0.5754642866502603,2.936421057884232,5.615382435129741,0.3533240679529612,7.8572932717514306,0.0408570425483754,5.102699031032743
131.mat,8,Outer Race,1,1773.0,12000,0.0033457631368123,0.5882110206132234,0.5882205359402353,3.0111412175648704,5.960150998003992,0.3632155186940572,7.70683061873695,0.0495223340596323,5.119068501666202
131.mat,34,Outer Race,1,1773.0,12000,0.0046322366741127,0.5925841912421114,0.5926022960862304,2.873883532934132,5.704721756487026,0.3685678276016326,7.285820219949776,0.0646729975374992,4.849599051360998
132.mat,50,Outer Race,2,1750.0,12000,0.0039926681792664,0.580182274320011,0.5801960124253959,2.91408622754491,5.794467165668663,0.3574243057829653,7.870020043104938,0.0243737661423106,5.022589202850849
131.mat,6,Outer Race,1,1773.0,12000,0.0033638070782263,0.5853419485189034,0.5853516138988311,2.966065469061876,5.901268263473053,0.3651404701583162,7.571642088644429,0.0487163698780911,5.067151774479457
130.mat,51,Outer Race,0,1796.0,12000,0.0170077036356973,0.6419654413188016,0.6421906958455591,3.383117664670659,6.5262374251497,0.3868387062788485,7.949531874319933,0.047270820166992,5.268088881630679
130.mat,29,Outer Race,0,1796.0,12000,0.0228250901760931,0.6484673071210445,0.6488688874852653,3.466771756487026,6.524613073852295,0.3969198166898625,7.397429467794836,0.0599018622351136,5.342792393580052
131.mat,35,Outer Race,1,1773.0,12000,0.0044502109794083,0.589426713321669,0.5894435127770481,2.895000099800399,5.725838323353294,0.3661959415885026,7.509677725044119,0.0463722719721885,4.911412267752632
132.mat,18,Outer Race,2,1750.0,12000,0.0036337722016903,0.576591960323732,0.5766034105087985,2.778452894211577,5.515078742514969,0.3538924521075037,7.696058306691955,-0.0110978092826077,4.818654977707906
130.mat,1,Outer Race,0,1796.0,12000,0.0342473016613257,0.6837594236485248,0.6846165547949047,3.325047105788423,6.476694710578842,0.4147513947934209,7.57233400163674,0.0775163017967211,4.856802077747784
132.mat,8,Outer Race,2,1750.0,12000,0.0044130325286926,0.5599135842289971,0.5599309749069625,2.985557684630739,5.861877744510979,0.3442546079715569,7.754061438943582,0.0523994807208566,5.332010227022742
132.mat,34,Outer Race,2,1750.0,12000,0.0040584988226671,0.565590579945404,0.5656051410088774,2.786980738522954,5.532946606786427,0.3459745326729353,8.035483472770258,0.0291487721671932,4.927431765474727
131.mat,32,Outer Race,1,1773.0,12000,0.0042246617117327,0.5981492133525667,0.5981641323256293,2.961192415169661,5.722183532934132,0.3699602845091068,7.483199531045269,0.030275484841555,4.950468032338729
132.mat,31,Outer Race,2,1750.0,12000,0.0038922367910663,0.5790372599739154,0.579050341460341,2.794696407185629,5.556499700598803,0.3565414415066352,7.571300349674535,0.0032339090289227,4.8263444593392695
130.mat,12,Outer Race,0,1796.0,12000,0.0278239559455308,0.6512702357538765,0.651864320624598,3.3295140718562872,6.511212175648702,0.3964955857815618,7.854681645981567,0.0463750726600635,5.107679568450749
132.mat,15,Outer Race,2,1750.0,12000,0.0036520144281748,0.5720515386033087,0.5720631958339887,2.938451497005988,5.532134431137725,0.3514011984819424,7.635429692791336,0.1074774490901573,5.136585465390994
132.mat,46,Outer Race,2,1750.0,12000,0.0042038417793319,0.5717753027101344,0.5717907563741927,3.1012927145708584,5.858629041916168,0.3517311448392278,8.094670201289386,0.0478542229568752,5.423824502229803
132.mat,7,Outer Race,2,1750.0,12000,0.0045345812768993,0.5620291993429992,0.5620474920693888,2.87632005988024,5.662488622754491,0.3447140344798683,7.772682265332868,0.0174495629232285,5.1175747609690205
132.mat,45,Outer Race,2,1750.0,12000,0.0042314034041292,0.5771628280725903,0.5771783388897395,3.1012927145708584,6.031216367265469,0.3554593007344685,7.884820828673478,0.0717185259619438,5.373196645834815
131.mat,18,Outer Race,1,1773.0,12000,0.0036080942850626,0.5919539209053748,0.5919649168824253,3.0960135728542912,5.99060758483034,0.3695019485686829,7.497798604019863,0.031566034671241,5.230062600938249
132.mat,10,Outer Race,2,1750.0,12000,0.0040676199359094,0.5690933393686406,0.5691078759301208,2.6708396207584832,5.325029640718563,0.3492539694536707,7.696734567819902,0.0041187757051204,4.693028745022022
132.mat,1,Outer Race,2,1750.0,12000,0.0040269714964602,0.5696671619502496,0.569681395083151,2.7329710578842312,5.35873493013972,0.3517489904955713,7.866267714163474,0.0215595017451397,4.797367583832232
132.mat,2,Outer Race,2,1750.0,12000,0.0042487533477965,0.5583893013725806,0.5584054654033832,2.752869361277445,5.413556786427145,0.3426250021197838,7.949920369517249,-0.0017086607656273,4.929875389541211
132.mat,26,Outer Race,2,1750.0,12000,0.0034708810162877,0.5640640867798303,0.564074765443193,2.998146407185629,5.8021828343313375,0.3459097925974223,7.984923582619713,-0.023703298497918,5.315157831657277
130.mat,42,Outer Race,0,1796.0,12000,0.0181087806320951,0.6992457628794576,0.6994802104712156,3.430223852295409,6.666743812375249,0.4229507798855414,7.518591610624159,0.0401484087677356,4.903961257152059
130.mat,2,Outer Race,0,1796.0,12000,0.0339233038561548,0.6775590997710941,0.6784077860897031,3.4923552894211576,6.704916067864271,0.4107841071031765,7.624517363801875,0.0800392576401283,5.147870294282527
130.mat,44,Outer Race,0,1796.0,12000,0.017939940894578,0.6842174612469099,0.6844526103058323,3.346163672654691,6.46938512974052,0.4166531469044333,7.447461678470708,0.0181424788543868,4.888817169036046
131.mat,1,Outer Race,1,1773.0,12000,0.0039525154524934,0.6084309617821151,0.6084437998973379,2.868604391217565,5.68725998003992,0.3761611543758186,7.563930421843217,0.0515522048597452,4.714657938336428
131.mat,25,Outer Race,1,1773.0,12000,0.0042628315878009,0.5928783553243114,0.5928936801359974,2.9347967065868263,5.806649800399201,0.3686996871735045,7.266817971098063,0.0337428021024527,4.949954443625787
131.mat,19,Outer Race,1,1773.0,12000,0.0038032067944189,0.5867271784918697,0.5867395046892202,2.9965220558882235,5.878527345309381,0.3639132838570905,7.682538781143591,0.0366436691456504,5.107073977361383
130.mat,17,Outer Race,0,1796.0,12000,0.0251971744742936,0.6977395696482076,0.6981943888734382,3.4253507984031937,6.559942714570859,0.4216479478299261,7.458285132973883,0.050057118054493,4.906013071703599
132.mat,19,Outer Race,2,1750.0,12000,0.0036346644845075,0.5777845109921625,0.5777959431567232,2.808097305389221,5.504520459081837,0.3572657768691133,7.641000205014493,0.0496664250449819,4.860015613899082
131.mat,38,Outer Race,1,1773.0,12000,0.0043352056385276,0.5871678618032541,0.5871838655332191,2.938045409181637,5.63690508982036,0.3644805774437453,7.476180301383716,0.0360419060444499,5.0036208105166695
130.mat,47,Outer Race,0,1796.0,12000,0.01729144957156,0.6597257631509876,0.6599523291825242,3.192256387225549,6.245224650698603,0.400436104987291,7.529488227970727,0.0401313711075381,4.837101478495821
131.mat,20,Outer Race,1,1773.0,12000,0.0039523171674229,0.5947833328900057,0.5947964642587709,2.8820052894211576,5.753452295409181,0.3665633638241096,7.608550023649758,0.0592225759930147,4.845363855705973
130.mat,6,Outer Race,0,1796.0,12000,0.0318139472763457,0.6616874714120629,0.662451837543675,3.239362574850299,6.245630738522953,0.4071170230096448,7.407701463173131,0.0291773065743761,4.889959377064495
131.mat,51,Outer Race,1,1773.0,12000,0.0043472018852919,0.5845808479344063,0.584597011569458,3.098450099800399,6.060454690618762,0.3601882013804422,7.859457621384711,0.0383614914010475,5.300147004655465
130.mat,22,Outer Race,0,1796.0,12000,0.0243319575692365,0.6921075998683297,0.6925351788571112,3.4635230538922155,6.545323552894212,0.4204987867039358,7.457623085512713,0.0425772716224561,5.001223273030053
131.mat,12,Outer Race,1,1773.0,12000,0.0027749004188887,0.584641207267964,0.5846477925281829,3.0143899201596804,5.91873003992016,0.3637506900992936,7.61025861992476,0.0111632425170817,5.155907468879004
130.mat,15,Outer Race,0,1796.0,12000,0.0262986480408324,0.686626175710978,0.687129626824705,3.283626147704591,6.510400000000001,0.4158407729706602,7.677636349598015,0.0514553521016307,4.778757922109336
130.mat,9,Outer Race,0,1796.0,12000,0.0294497943809646,0.6445466407524516,0.6452190810060959,3.1666728542914173,5.934161377245509,0.3917330758161411,7.381529104953571,0.0738705677743462,4.90790329596824
130.mat,31,Outer Race,0,1796.0,12000,0.0219062371594701,0.6482766708740221,0.6486466875163952,3.330732335329341,6.473446007984032,0.3953682360133249,7.801557576729504,0.053760389290977,5.134894541868995
131.mat,37,Outer Race,1,1773.0,12000,0.0043003074661224,0.5923393198705236,0.592354929505088,2.938045409181637,5.71852874251497,0.3660032084999922,7.540238791308268,0.0176022082307574,4.959940844311655
132.mat,47,Outer Race,2,1750.0,12000,0.0037940856811767,0.5741898381515026,0.5742023731426098,3.010329041916168,5.848476846307385,0.3535568546257095,8.072399792810074,0.0084057957343561,5.242627308279197
132.mat,9,Outer Race,2,1750.0,12000,0.0041150100677551,0.5626264040265436,0.562641452272846,2.985557684630739,5.632844211576847,0.346717506832039,7.8167893931485795,0.0341893929145448,5.306323721031008
130.mat,14,Outer Race,0,1796.0,12000,0.0270214962652819,0.673629834808455,0.6741715772742729,3.283626147704591,6.53232874251497,0.407079844558929,7.734896072627283,0.0669759677622403,4.87060899390114
131.mat,57,Outer Race,1,1773.0,12000,0.0042430030807525,0.5801582114825927,0.5801737269351518,3.001395109780439,5.817614171656686,0.3590703692955885,7.878372727413151,0.0387353888138044,5.17326960949391
131.mat,30,Outer Race,1,1773.0,12000,0.0046543454594716,0.5974273885184944,0.597445518422964,3.080988323353293,5.9199483033932125,0.3696172513371694,7.590347664088897,0.0335797281251783,5.156936035750953
131.mat,23,Outer Race,1,1773.0,12000,0.0041964060891888,0.5945357746575569,0.5945505841992982,3.063526546906188,5.891116067864271,0.3667096982061268,7.756222258556826,0.0467326919147402,5.1526760351803285
132.mat,20,Outer Race,2,1750.0,12000,0.0037826842896238,0.5725715092681405,0.5725840042526784,2.860076546906188,5.556499700598803,0.3528576023246476,7.798977114580674,0.0585179943298223,4.9950339612422185
131.mat,13,Outer Race,1,1773.0,12000,0.0029060659930139,0.5858403021905757,0.5858475099292483,2.9043401197604792,5.678732135728543,0.3625263789315899,7.511512720360524,0.0103122667580088,4.957501859334063
130.mat,20,Outer Race,0,1796.0,12000,0.0245266735084518,0.6967935129378896,0.6972250407047319,3.347788023952096,6.53557744510978,0.4243419479400574,7.573221785453703,0.036009532816585,4.801588911046945
131.mat,36,Outer Race,1,1773.0,12000,0.004385768331501,0.5969789465698044,0.5969950566055392,2.895000099800399,5.675483433133732,0.3674451375325521,7.6334548890895,0.0241583788613974,4.849286552322748
130.mat,7,Outer Race,0,1796.0,12000,0.0310705765471011,0.6508911046249061,0.6516322665482425,3.366874151696607,6.248473353293413,0.399198112149724,7.390660244145693,0.0671782192260975,5.166831546772932
131.mat,24,Outer Race,1,1773.0,12000,0.0041855004103121,0.5971338242256559,0.597148492795587,2.8718530938123754,5.699442614770459,0.3680602178211936,7.63733364249602,0.0507489414492674,4.809277974340386
131.mat,29,Outer Race,1,1773.0,12000,0.0045960496487493,0.5861252237514945,0.5861432432350587,2.8673861277445107,5.651118163672654,0.3630643263278131,7.571316030199679,0.0428216864779002,4.891954587617099
131.mat,21,Outer Race,1,1773.0,12000,0.0040057549939184,0.5869301723280711,0.5869438416596008,2.8381478043912174,5.650712075848303,0.3643361267698977,7.457982014330188,0.0490452555464891,4.835467387077905
131.mat,3,Outer Race,1,1773.0,12000,0.0034733595796687,0.5937059361167526,0.593716096132688,3.010329041916168,5.973145808383234,0.3690715708231973,7.617625125797249,0.0296779676460547,5.0703173815307805
132.mat,53,Outer Race,2,1750.0,12000,0.0038791499764143,0.5801797423130789,0.580192710394581,3.030227345309381,5.902486526946108,0.3557139979075053,7.808943605601964,-0.0164735332563214,5.222794583628199
130.mat,46,Outer Race,0,1796.0,12000,0.0176772131761866,0.6674829268959669,0.6677169621653197,3.2214947105788423,6.185935828343313,0.4041554371968953,7.583243250843263,0.0108188349723513,4.824641117595623
132.mat,57,Outer Race,2,1750.0,12000,0.0036756103515624,0.5728666994125392,0.5728784909623271,2.872665269461078,5.643808582834332,0.3504204805233283,7.874140127710483,-0.035361702497521,5.01444078418016
131.mat,15,Outer Race,1,1773.0,12000,0.0031613580212621,0.5793536059474945,0.5793622311722635,2.926268862275449,5.734772255489022,0.3593247690410195,7.617351885343594,0.0404271174687396,5.050845058288539
132.mat,25,Outer Race,2,1750.0,12000,0.0037876414163859,0.5581837245667207,0.5581965752301565,2.884847904191617,5.688884331337325,0.3419198012666074,7.961581190923202,-0.0001075746044684,5.168157656650135
132.mat,23,Outer Race,2,1750.0,12000,0.0037738606039873,0.5709235971118904,0.5709360697687952,2.9116497005988027,5.615788522954093,0.3488287471200177,8.046594522072951,-0.0201878487434921,5.099782365787289
130.mat,48,Outer Race,0,1796.0,12000,0.0167558815961826,0.6453966074773588,0.6456140801681368,3.227586027944112,6.358117065868264,0.3916687323107691,7.665201444312396,0.0558474341268698,4.999249748554979
132.mat,6,Outer Race,2,1750.0,12000,0.0045087050752011,0.5702034249896116,0.5702212502979337,2.851954790419162,5.677513872255489,0.3503981734528988,7.891863668291385,0.0497222509981841,5.001488087175022
130.mat,43,Outer Race,0,1796.0,12000,0.0180060689655844,0.6876289016907022,0.6878646123765598,3.346163672654691,6.437710279441118,0.4149475978706649,7.690452970183374,0.0165979719643605,4.864567259963782
131.mat,42,Outer Race,1,1773.0,12000,0.0043160711292259,0.599530662046319,0.5995461977226526,3.011953393213573,5.772944510978045,0.3688598023679204,7.595978478889456,0.0020944768162239,5.023721949458329
130.mat,18,Outer Race,0,1796.0,12000,0.0244271344030688,0.6952693311921198,0.6956983022772752,3.260073053892216,6.497405189620759,0.4226095312792384,7.504852499729655,0.0470827256598636,4.686044285605991
132.mat,38,Outer Race,2,1750.0,12000,0.0037981505251216,0.5679608580471315,0.567973557677684,3.005455988023952,5.823705489021956,0.347538407023843,8.091325672953303,-0.007105684916549,5.291542092756193
131.mat,43,Outer Race,1,1773.0,12000,0.0044880834278708,0.5988049906767761,0.5988218096832058,3.011953393213573,5.8529438123752495,0.3685912252399498,7.524438089768062,0.0154481365692816,5.029799089660719
132.mat,14,Outer Race,2,1750.0,12000,0.003591041769001,0.5682988714559307,0.5683102171165597,3.0822065868263477,6.020658083832336,0.3473495404942069,7.878624027948467,0.0239005505000903,5.423457988252551
130.mat,34,Outer Race,0,1796.0,12000,0.0213147527942162,0.6626051211214894,0.662947860109,3.340884530938124,6.53842005988024,0.4028382294736699,7.521900674697015,0.0655917519334683,5.039437838126252
132.mat,40,Outer Race,2,1750.0,12000,0.0037229013408729,0.5791611898266067,0.5791731552789413,2.7796711576846307,5.545535329341318,0.3559027652946061,7.685546550482202,0.017524388359827,4.799378445546023
131.mat,45,Outer Race,1,1773.0,12000,0.0045707683022626,0.5937445239028557,0.5937621170026779,2.952258483033932,5.849289021956087,0.3631381875165684,7.638515054688102,0.0361504659852325,4.972123344508719
131.mat,2,Outer Race,1,1773.0,12000,0.0035567384518073,0.5959677807288952,0.5959783939500987,2.9546950099800395,5.773350598802395,0.369395072915692,7.529096913396406,0.0246734168798322,4.957721689198412
132.mat,12,Outer Race,2,1750.0,12000,0.0037937882535709,0.5601095159889076,0.5601223640693535,2.8133764471057883,5.507769161676647,0.3442429091523983,7.914770786563229,0.040533751286116,5.022788996793994
132.mat,43,Outer Race,2,1750.0,12000,0.0041189757691647,0.5740378023169803,0.5740525798655517,2.780889421157685,5.557311876247505,0.3510018523499875,7.563079202105698,0.0258065844771956,4.844311337837719
131.mat,14,Outer Race,1,1773.0,12000,0.0030755997282778,0.5905048316737594,0.5905128411336571,2.926268862275449,5.734772255489022,0.3656654298824227,7.556686656239269,0.0378644797094388,4.955470327550617
130.mat,32,Outer Race,0,1796.0,12000,0.0214575180449647,0.6450074196517159,0.6453642355185285,3.330732335329341,6.488065169660679,0.3879382961372177,7.899383045906855,0.0008024617695291,5.161011645854855
130.mat,55,Outer Race,0,1796.0,12000,0.0170795819737478,0.6710572267574163,0.6712745442095599,3.35225499001996,6.471821656686627,0.4029189314973569,7.707445235335283,0.0788455375053284,4.993865801908684
131.mat,10,Outer Race,1,1773.0,12000,0.0036745197836748,0.5960085778345047,0.5960199048252914,2.995709880239521,5.855786427145709,0.3690855499206665,7.436533840780007,0.0471895219536134,5.026190997962794
132.mat,33,Outer Race,2,1750.0,12000,0.0040926038547904,0.5667477003062945,0.5667624768884983,2.9189592814371257,5.622692015968064,0.3456027481657778,7.973520372553918,0.0376726344147267,5.150233828926161
132.mat,35,Outer Race,2,1750.0,12000,0.0041412828395942,0.5631688807388704,0.5631841070699968,2.805660778443114,5.566651896207585,0.3443889461068098,8.071317781118383,0.0377273441544315,4.981782588006173
131.mat,52,Outer Race,1,1773.0,12000,0.0046306503935488,0.5973736303707251,0.5973915777656787,3.094795309381237,6.056799900199601,0.3688644620670768,7.726865628439214,0.03093340691291,5.180513794580381
130.mat,54,Outer Race,0,1796.0,12000,0.017151757739404,0.662943644875293,0.663165483928476,3.4058585828343317,6.450705089820359,0.3975491735035787,7.674413419632849,0.0823003203086187,5.135759724192252
132.mat,52,Outer Race,2,1750.0,12000,0.0039567785815088,0.5772670995334611,0.5772806599051435,3.030227345309381,5.902486526946108,0.3537822056083146,7.754488823055287,-0.0094212714775149,5.2491405927357695
130.mat,38,Outer Race,0,1796.0,12000,0.0186281883742281,0.6868616269647411,0.6871141855607092,3.5041318363273453,6.67933253493014,0.4157892188523344,7.856680711020501,0.0722885311256218,5.099780953391103
131.mat,54,Outer Race,1,1773.0,12000,0.0042682844272392,0.5878648868504643,0.5878803819176661,2.968908083832335,5.930912674650699,0.3641862232566117,7.81356187166098,0.0177824404731243,5.050190778858371
132.mat,44,Outer Race,2,1750.0,12000,0.0040029790029316,0.5721859267279286,0.5721999288591325,2.933984530938124,5.863908183632734,0.3512229402035772,7.681539890771402,0.0429788939654233,5.127551373150256
130.mat,10,Outer Race,0,1796.0,12000,0.0290059332506861,0.6407957786473013,0.6414519265665546,3.0623082834331337,5.942689221556886,0.3875134703737056,7.502113987063266,0.0378018287404783,4.774026168764497
132.mat,32,Outer Race,2,1750.0,12000,0.0039378423572776,0.5751788787032112,0.5751923583538937,2.9189592814371257,5.7136556886227545,0.3531077389410632,7.80507519544128,0.0189028636862517,5.074753235231965
130.mat,25,Outer Race,0,1796.0,12000,0.0237954973110419,0.6698630255624738,0.6702855352071915,3.3006818363273456,6.458420758483034,0.4074725481410226,7.452212353516415,0.0995270676085326,4.924292205272002
130.mat,35,Outer Race,0,1796.0,12000,0.0203235257268665,0.6653260811902382,0.6656364172804325,3.4087011976047905,6.692733433133732,0.4024834974825739,7.973064806822275,0.0480574412748381,5.120965603912722
130.mat,50,Outer Race,0,1796.0,12000,0.0167706538339336,0.6398500177863671,0.6400697618941484,3.383117664670659,6.5262374251497,0.3867190412388114,7.932817527348976,0.0451484444628323,5.285545210976772
131.mat,48,Outer Race,1,1773.0,12000,0.0047264220825926,0.585560248493121,0.5855793231331077,2.9461671656686623,5.7924367265469066,0.3607357656025839,7.966763394352498,0.0478964165221369,5.031200811369788
130.mat,53,Outer Race,0,1796.0,12000,0.0179975427075536,0.6495067850865093,0.6497560891726395,3.4058585828343317,6.61679500998004,0.3934477459631518,7.760954041827444,0.069437444695696,5.241749388099075
132.mat,13,Outer Race,2,1750.0,12000,0.0036237588056309,0.5668115340155153,0.5668231176662637,3.0822065868263477,5.887867365269461,0.3479336883118528,8.008523927000404,-0.010075757722018,5.437686803453738
131.mat,5,Outer Race,1,1773.0,12000,0.0034584881993824,0.5924766017577043,0.5924866958599009,3.0712422155688626,6.083195608782436,0.3701916831863616,7.501342750343726,0.0469387410952277,5.183647560408828
130.mat,45,Outer Race,0,1796.0,12000,0.0176760234657637,0.6710253222449734,0.6712580911240716,3.2214947105788423,6.344716167664671,0.4074501419280579,7.4601092684686865,0.0308036393584703,4.799189392539328
132.mat,28,Outer Race,2,1750.0,12000,0.0038599163245774,0.569993733746968,0.5700068029987381,2.7642398203592813,5.438734231536927,0.3505784145819688,7.680469467454282,0.0229529792885435,4.8494856654638925
132.mat,56,Outer Race,2,1750.0,12000,0.0038903530828967,0.5697326651579999,0.5697459474144132,2.891751397205589,5.570712774451097,0.3496814720656344,7.87271501881,0.0212608701532601,5.075510252119846
132.mat,21,Outer Race,2,1750.0,12000,0.0039013579043085,0.569636919503212,0.5696502792543916,2.860076546906188,5.559342315369262,0.3493829538920206,7.817376280486275,0.0073650327730845,5.020758614653376
130.mat,52,Outer Race,0,1796.0,12000,0.0176025588471494,0.6491589805065953,0.6493975916573217,3.379462874251497,6.5903993013972055,0.3927105220710922,7.689508121367781,0.0963511111776855,5.203996623434961
130.mat,11,Outer Race,0,1796.0,12000,0.0282158663873425,0.6424801940541223,0.6430994750952693,3.3295140718562872,6.511212175648702,0.3898047535056839,7.699552584948512,0.0142062810577383,5.177292473085988
132.mat,51,Outer Race,2,1750.0,12000,0.003885594241205,0.5726955315525196,0.5727087127876005,2.91408622754491,5.647463373253493,0.3527798745770178,7.862474249596511,0.0470683027538537,5.088251955101043
132.mat,17,Outer Race,2,1750.0,12000,0.0036313927808445,0.5701434636878581,0.570155028215587,2.736625848303393,5.465536027944111,0.3494449179765468,7.851779854711384,-0.0538734827399905,4.799792535142951
130.mat,30,Outer Race,0,1796.0,12000,0.0223913415844093,0.6459178713458336,0.6463058631189126,3.466771756487026,6.609485429141717,0.396623479652024,7.635646600349205,0.0702983920516099,5.363980050803255
130.mat,56,Outer Race,0,1796.0,12000,0.0169359244401821,0.6628206243929444,0.6630369564792722,3.372559381237525,6.492126047904192,0.398045778462606,7.971227484645319,0.0738431548156227,5.0865330330089344
130.mat,26,Outer Race,0,1796.0,12000,0.0235090745267277,0.6607026683100765,0.6611207851044756,3.241799101796407,6.399538023952095,0.4049510560422125,7.416464278738092,0.0534516979525013,4.903489914152543
131.mat,27,Outer Race,1,1773.0,12000,0.0046674322741236,0.5992133579312581,0.5992315355914503,2.948197604790419,5.884618662674651,0.3731843997551771,7.40193339383385,0.0177376275858715,4.919964036739997
131.mat,47,Outer Race,1,1773.0,12000,0.0046489917625686,0.5903807107516074,0.5903990148636611,3.112257085828343,6.058424251497005,0.3660725091321263,7.706480402179514,0.0407880177793265,5.271446949394125
132.mat,0,Outer Race,2,1750.0,12000,0.0041852029827064,0.5637362633058769,0.563751798657955,2.7329710578842312,5.453759481037924,0.3474364884976141,7.716343724885045,0.0349622886463051,4.847826764172164
131.mat,28,Outer Race,1,1773.0,12000,0.004450508407014,0.5829669689268734,0.5829839567988702,2.948197604790419,5.873248203592814,0.3648722896004865,7.387750681992028,0.0252369830149667,5.057081880912803
131.mat,17,Outer Race,1,1773.0,12000,0.0034493670861402,0.5978719226623428,0.5978818729826665,3.0960135728542912,5.99060758483034,0.37116189203624,7.496995546504437,0.0148607100391196,5.178303127688317
132.mat,5,Outer Race,2,1750.0,12000,0.0047934424364162,0.5680694265883401,0.5680896500683644,2.851954790419162,5.677513872255489,0.34782601951858,8.019673121847994,-0.0008835802520738,5.020254796185699
132.mat,36,Outer Race,2,1750.0,12000,0.0036793777679016,0.5692547899430184,0.5692666806461001,2.805660778443114,5.566651896207585,0.346687169216255,7.8597326715551965,0.0175519261374464,4.928552599036317
132.mat,48,Outer Race,2,1750.0,12000,0.003730733601157,0.5814927680634581,0.5815047357359228,2.9043401197604792,5.742487924151696,0.357141551272455,7.699054223621071,0.0028288973647927,4.994525308697433
130.mat,16,Outer Race,0,1796.0,12000,0.0261051218120399,0.6940374417646922,0.6945282196974433,3.4253507984031937,6.532734830339321,0.4181321552451737,7.6537428071655,0.0488420278069154,4.931910181987099
130.mat,33,Outer Race,0,1796.0,12000,0.0211996483108002,0.6549167167165609,0.6552597430968133,3.340884530938124,6.498217365269461,0.3960512289386071,7.539019755844208,0.0223725932932284,5.098565211939953
132.mat,49,Outer Race,2,1750.0,12000,0.003845441514432,0.5788331012398055,0.5788458745739938,2.9023096806387225,5.782690618762475,0.355308703223436,7.676392713267916,-0.0163366620832038,5.013959342415112
130.mat,40,Outer Race,0,1796.0,12000,0.0184693620327703,0.6870880162148434,0.6873362054773097,3.630425149700599,6.876285129740519,0.4115373920859453,7.959714197666693,0.0820622960455933,5.28187678863724
131.mat,41,Outer Race,1,1773.0,12000,0.0044312747551771,0.5879643574075264,0.5879810556281565,2.9035279441117763,5.588986726546906,0.3643131257017215,7.540639112106421,0.0084721812644005,4.938131792375278
130.mat,41,Outer Race,0,1796.0,12000,0.018287336338066,0.7026347470516552,0.7028726872163158,3.430223852295409,6.67608383233533,0.4250045175030797,7.623480694804365,0.0551767771985276,4.880291857520599
131.mat,26,Outer Race,1,1773.0,12000,0.0046198438572074,0.5988193985856349,0.5988372191837499,2.936421057884232,5.871217764471059,0.3714345340081555,7.258127766540143,0.0073382164626832,4.903537996330197
132.mat,29,Outer Race,2,1750.0,12000,0.003926143538119,0.5636782104717607,0.5636918835354368,3.0095168662674654,5.853349900199601,0.3469547549188732,7.883512529195121,0.0361590569729655,5.338939506086166
131.mat,11,Outer Race,1,1773.0,12000,0.0032216366826893,0.5984099169616723,0.5984185890002005,3.0143899201596804,5.874466467065869,0.3712095795956914,7.562160958995911,0.042672216400162,5.037259830440646
131.mat,16,Outer Race,1,1773.0,12000,0.0032073601576144,0.5819597937289033,0.5819686320379891,2.913680139720559,5.70594001996008,0.3597207443267761,7.64590559553412,0.0087589554475835,5.006593103681855
130.mat,36,Outer Race,0,1796.0,12000,0.0197333302145708,0.6787106469756963,0.6789974570199254,3.4087011976047905,6.692733433133732,0.4110622019145303,7.626341566173373,0.0723234873171859,5.020197295826928
131.mat,39,Outer Race,1,1773.0,12000,0.0042769098278053,0.6017684297371756,0.6017836280475078,2.9388575848303398,5.725026147704591,0.3730256725562546,7.50505946363748,0.0329972626967388,4.883578495422828
131.mat,50,Outer Race,1,1773.0,12000,0.0044207656464414,0.5871345020998968,0.5871511447021069,3.098450099800399,5.965430139720559,0.3616771239747068,7.683261709561191,0.0158380360527142,5.277091133616725
130.mat,28,Outer Race,0,1796.0,12000,0.0230508377288391,0.6590607549029905,0.6594637365111906,3.278347005988024,6.289894311377245,0.4036931355550617,7.244809450343441,0.0579276594434666,4.971231660639452
132.mat,37,Outer Race,2,1750.0,12000,0.0034555139233252,0.5688355338213295,0.5688460293561618,2.815812974051896,5.547565768463073,0.3471818904671127,7.855131002966909,0.0008744003065388,4.950044174939436
130.mat,3,Outer Race,0,1796.0,12000,0.0334804341512287,0.6806827666452644,0.6815056626901982,3.4923552894211576,6.704916067864271,0.4154944680950598,7.585627231617028,0.0481790947873214,5.124469950308729
130.mat,21,Outer Race,0,1796.0,12000,0.0243339404199413,0.6878665573078908,0.6882968409915675,3.4635230538922155,6.545323552894212,0.4177015792146176,7.652555064580091,0.0529379135314155,5.0320193957343005
131.mat,44,Outer Race,1,1773.0,12000,0.0044145196667212,0.5827029903893052,0.5827197122052131,2.952258483033932,5.844415968063872,0.3594258944269664,7.591255053886882,0.029779589816748,5.066343940659848
130.mat,24,Outer Race,0,1796.0,12000,0.0241106714305763,0.6641241219068968,0.664561640312951,3.3006818363273456,6.367863173652696,0.4024758635073603,7.686935385107488,0.1024336722227754,4.966705322884737
130.mat,39,Outer Race,0,1796.0,12000,0.0185629525860388,0.6887398597388378,0.6889899691590476,3.630425149700599,6.756895309381237,0.4159647011397128,7.678840647813991,0.0802007483688031,5.2691988449871685
130.mat,8,Outer Race,0,1796.0,12000,0.0301226747676521,0.6398487511542612,0.6405574134211744,3.366874151696607,6.137205289421158,0.3901453081142402,7.504343976652993,0.0853068538380377,5.256162962371096
130.mat,13,Outer Race,0,1796.0,12000,0.027298897078889,0.6590828672177735,0.6596479785777601,3.314488822355289,6.419436327345309,0.3983465769145303,7.934922965334514,0.0858298770752278,5.024632728355392
131.mat,56,Outer Race,1,1773.0,12000,0.0042534130469529,0.5933101570490839,0.5933254031138028,3.0387551896207587,5.823299401197605,0.3660459389326815,7.774771547435026,0.0128398568827655,5.121565963084022
131.mat,55,Outer Race,1,1773.0,12000,0.004764294531055,0.5930065117224766,0.5930256499070158,3.0387551896207587,6.000759780439122,0.3668475063301132,7.872455316878737,0.0102297316333025,5.124154731076513
132.mat,11,Outer Race,2,1750.0,12000,0.0037911114051194,0.5651408111695152,0.5651535269066483,2.8133764471057883,5.502896107784431,0.346546684243817,7.754141664887746,0.0462382889514787,4.9780746525722375
131.mat,0,Outer Race,1,1773.0,12000,0.00372171163045,0.5955002092890613,0.5955118390097514,2.868604391217565,5.720559181636727,0.3697920396268011,7.608577294681091,0.0570308365696956,4.817040070920559
132.mat,3,Outer Race,2,1750.0,12000,0.0041518910908651,0.5480431280946084,0.5480588549155591,2.928705389221557,5.589392814371258,0.3384866935562468,7.828525382320085,0.0798234186648602,5.343778980950487
132.mat,41,Outer Race,2,1750.0,12000,0.0036324833487322,0.5774164726789773,0.5774278984049099,2.9977403193612773,5.763604491017964,0.3551790247873394,7.887671927737171,0.0207081793879551,5.191540498202896
131.mat,22,Outer Race,1,1773.0,12000,0.0041325582964929,0.5834693958027861,0.5834840305240087,3.063526546906188,5.853755988023952,0.3635339645172545,7.552309429390116,0.039843820047368,5.250403415762606
130.mat,23,Outer Race,0,1796.0,12000,0.0240003257888519,0.6810464625663942,0.6814692214709114,3.2353016966067867,6.2691838323353295,0.4145844387640734,7.474242920527809,0.0680725405126446,4.747538985874634
131.mat,49,Outer Race,1,1773.0,12000,0.0043949885872785,0.5937604394930974,0.5937767050261559,2.86698003992016,5.6966,0.3669122464056262,7.609193481732913,0.0350809951138506,4.828380796437391
